[2025-06-22T12:22:30.492+0000] {manager.py:483} INFO - Processing files using up to 2 processes at a time 
[2025-06-22T12:22:30.493+0000] {manager.py:484} INFO - Process each file at most once every 30 seconds
[2025-06-22T12:22:30.493+0000] {manager.py:485} INFO - Checking for new files in /opt/airflow/dags every 300 seconds
[2025-06-22T12:22:30.494+0000] {manager.py:821} INFO - Searching for files in /opt/airflow/dags
[2025-06-22T12:22:30.528+0000] {manager.py:824} INFO - There are 58 files in /opt/airflow/dags
[2025-06-22T12:22:30.646+0000] {manager.py:997} INFO - 
================================================================================
DAG File Processing Stats

File Path                                                                                                                            PID  Runtime      # DAGs    # Errors  Last Runtime    Last Run      Last # of DB Queries
---------------------------------------------------------------------------------------------------------------------------------  -----  ---------  --------  ----------  --------------  ----------  ----------------------
/opt/airflow/dags/new_dag.py                                                                                                          84  0.06s             0           0                                                   0
/home/airflow/.local/lib/python3.12/site-packages/airflow/example_dags/example_passing_params_via_test_command.py                     85  0.02s             0           0                                                   0
/home/airflow/.local/lib/python3.12/site-packages/airflow/example_dags/example_sensors.py                                                                   0           0                                                   0
/home/airflow/.local/lib/python3.12/site-packages/airflow/example_dags/example_nested_branch_dag.py                                                         0           0                                                   0
/home/airflow/.local/lib/python3.12/site-packages/airflow/example_dags/example_python_decorator.py                                                          0           0                                                   0
/home/airflow/.local/lib/python3.12/site-packages/airflow/example_dags/example_datasets.py                                                                  0           0                                                   0
/home/airflow/.local/lib/python3.12/site-packages/airflow/example_dags/example_params_trigger_ui.py                                                         0           0                                                   0
/home/airflow/.local/lib/python3.12/site-packages/airflow/example_dags/example_external_task_marker_dag.py                                                  0           0                                                   0
/home/airflow/.local/lib/python3.12/site-packages/airflow/example_dags/example_latest_only.py                                                               0           0                                                   0
/home/airflow/.local/lib/python3.12/site-packages/airflow/example_dags/example_params_ui_tutorial.py                                                        0           0                                                   0
/home/airflow/.local/lib/python3.12/site-packages/airflow/example_dags/example_complex.py                                                                   0           0                                                   0
/home/airflow/.local/lib/python3.12/site-packages/airflow/example_dags/example_subdag_operator.py                                                           0           0                                                   0
/home/airflow/.local/lib/python3.12/site-packages/airflow/example_dags/example_task_group_decorator.py                                                      0           0                                                   0
/home/airflow/.local/lib/python3.12/site-packages/airflow/example_dags/example_time_delta_sensor_async.py                                                   0           0                                                   0
/home/airflow/.local/lib/python3.12/site-packages/airflow/example_dags/example_xcomargs.py                                                                  0           0                                                   0
/home/airflow/.local/lib/python3.12/site-packages/airflow/example_dags/example_branch_datetime_operator.py                                                  0           0                                                   0
/home/airflow/.local/lib/python3.12/site-packages/airflow/example_dags/example_workday_timetable.py                                                         0           0                                                   0
/home/airflow/.local/lib/python3.12/site-packages/airflow/example_dags/example_trigger_controller_dag.py                                                    0           0                                                   0
/home/airflow/.local/lib/python3.12/site-packages/airflow/example_dags/tutorial_objectstorage.py                                                            0           0                                                   0
/home/airflow/.local/lib/python3.12/site-packages/airflow/example_dags/tutorial_taskflow_templates.py                                                       0           0                                                   0
/home/airflow/.local/lib/python3.12/site-packages/airflow/example_dags/tutorial_taskflow_api_virtualenv.py                                                  0           0                                                   0
/home/airflow/.local/lib/python3.12/site-packages/airflow/example_dags/example_display_name.py                                                              0           0                                                   0
/home/airflow/.local/lib/python3.12/site-packages/airflow/example_dags/example_sensor_decorator.py                                                          0           0                                                   0
/home/airflow/.local/lib/python3.12/site-packages/airflow/example_dags/example_short_circuit_operator.py                                                    0           0                                                   0
/home/airflow/.local/lib/python3.12/site-packages/airflow/example_dags/example_skip_dag.py                                                                  0           0                                                   0
/home/airflow/.local/lib/python3.12/site-packages/airflow/example_dags/example_branch_day_of_week_operator.py                                               0           0                                                   0
/home/airflow/.local/lib/python3.12/site-packages/airflow/example_dags/tutorial_taskflow_api.py                                                             0           0                                                   0
/home/airflow/.local/lib/python3.12/site-packages/airflow/example_dags/example_dynamic_task_mapping.py                                                      0           0                                                   0
/home/airflow/.local/lib/python3.12/site-packages/airflow/example_dags/example_xcom.py                                                                      0           0                                                   0
/home/airflow/.local/lib/python3.12/site-packages/airflow/example_dags/example_setup_teardown_taskflow.py                                                   0           0                                                   0
/home/airflow/.local/lib/python3.12/site-packages/airflow/example_dags/example_branch_operator_decorator.py                                                 0           0                                                   0
/home/airflow/.local/lib/python3.12/site-packages/airflow/example_dags/example_dag_decorator.py                                                             0           0                                                   0
/home/airflow/.local/lib/python3.12/site-packages/airflow/example_dags/example_trigger_target_dag.py                                                        0           0                                                   0
/home/airflow/.local/lib/python3.12/site-packages/airflow/example_dags/example_bash_operator.py                                                             0           0                                                   0
/home/airflow/.local/lib/python3.12/site-packages/airflow/example_dags/example_python_operator.py                                                           0           0                                                   0
/home/airflow/.local/lib/python3.12/site-packages/airflow/example_dags/example_dataset_alias_with_no_taskflow.py                                            0           0                                                   0
/home/airflow/.local/lib/python3.12/site-packages/airflow/example_dags/tutorial.py                                                                          0           0                                                   0
/home/airflow/.local/lib/python3.12/site-packages/airflow/example_dags/example_branch_python_dop_operator_3.py                                              0           0                                                   0
/home/airflow/.local/lib/python3.12/site-packages/airflow/example_dags/example_dataset_alias.py                                                             0           0                                                   0
/home/airflow/.local/lib/python3.12/site-packages/airflow/example_dags/example_outlet_event_extra.py                                                        0           0                                                   0
/home/airflow/.local/lib/python3.12/site-packages/airflow/example_dags/example_task_group.py                                                                0           0                                                   0
/home/airflow/.local/lib/python3.12/site-packages/airflow/example_dags/example_local_kubernetes_executor.py                                                 0           0                                                   0
/home/airflow/.local/lib/python3.12/site-packages/airflow/example_dags/example_dynamic_task_mapping_with_no_taskflow_operators.py                           0           0                                                   0
/home/airflow/.local/lib/python3.12/site-packages/airflow/example_dags/example_setup_teardown.py                                                            0           0                                                   0
/home/airflow/.local/lib/python3.12/site-packages/airflow/example_dags/example_short_circuit_decorator.py                                                   0           0                                                   0
/home/airflow/.local/lib/python3.12/site-packages/airflow/example_dags/example_latest_only_with_trigger.py                                                  0           0                                                   0
/home/airflow/.local/lib/python3.12/site-packages/airflow/example_dags/example_inlet_event_extra.py                                                         0           0                                                   0
/home/airflow/.local/lib/python3.12/site-packages/airflow/example_dags/example_branch_labels.py                                                             0           0                                                   0
/home/airflow/.local/lib/python3.12/site-packages/airflow/example_dags/example_bash_decorator.py                                                            0           0                                                   0
/home/airflow/.local/lib/python3.12/site-packages/airflow/example_dags/example_branch_operator.py                                                           0           0                                                   0
/home/airflow/.local/lib/python3.12/site-packages/airflow/example_dags/example_sla_dag.py                                                                   0           0                                                   0
/home/airflow/.local/lib/python3.12/site-packages/airflow/example_dags/example_kubernetes_executor.py                                                       0           0                                                   0
/home/airflow/.local/lib/python3.12/site-packages/airflow/example_dags/tutorial_dag.py                                                                      0           0                                                   0
/home/airflow/.local/lib/python3.12/site-packages/airflow/example_dags/subdags/subdag.py                                                                    0           0                                                   0
/home/airflow/.local/lib/python3.12/site-packages/airflow/example_dags/plugins/workday.py                                                                   0           0                                                   0
/home/airflow/.local/lib/python3.12/site-packages/airflow/example_dags/plugins/event_listener.py                                                            0           0                                                   0
/home/airflow/.local/lib/python3.12/site-packages/airflow/example_dags/plugins/listener_plugin.py                                                           0           0                                                   0
/home/airflow/.local/lib/python3.12/site-packages/airflow/example_dags/plugins/decreasing_priority_weight_strategy.py                                       0           0                                                   0
================================================================================
[2025-06-22T12:23:01.220+0000] {manager.py:997} INFO - 
================================================================================
DAG File Processing Stats

File Path                                                                                                                            PID  Runtime      # DAGs    # Errors  Last Runtime    Last Run               Last # of DB Queries
---------------------------------------------------------------------------------------------------------------------------------  -----  ---------  --------  ----------  --------------  -------------------  ----------------------
/home/airflow/.local/lib/python3.12/site-packages/airflow/example_dags/example_datasets.py                                                                 10           0  2.72s           2025-06-22T12:22:34                     379
/home/airflow/.local/lib/python3.12/site-packages/airflow/example_dags/example_dataset_alias.py                                                             4           0  2.32s           2025-06-22T12:22:44                     157
/home/airflow/.local/lib/python3.12/site-packages/airflow/example_dags/example_dataset_alias_with_no_taskflow.py                                            4           0  2.21s           2025-06-22T12:22:42                     157
/home/airflow/.local/lib/python3.12/site-packages/airflow/example_dags/example_outlet_event_extra.py                                                        3           0  2.17s           2025-06-22T12:22:45                     118
/home/airflow/.local/lib/python3.12/site-packages/airflow/example_dags/example_inlet_event_extra.py                                                         2           0  2.09s           2025-06-22T12:22:48                      81
/home/airflow/.local/lib/python3.12/site-packages/airflow/example_dags/example_dag_decorator.py                                                             1           0  1.27s           2025-06-22T12:22:40                      43
/home/airflow/.local/lib/python3.12/site-packages/airflow/example_dags/example_branch_operator.py                                                           1           0  0.79s           2025-06-22T12:22:48                      45
/home/airflow/.local/lib/python3.12/site-packages/airflow/example_dags/example_branch_operator_decorator.py                                                 1           0  0.65s           2025-06-22T12:22:39                      45
/home/airflow/.local/lib/python3.12/site-packages/airflow/example_dags/example_xcom.py                                                                      1           0  0.64s           2025-06-22T12:22:38                      45
/home/airflow/.local/lib/python3.12/site-packages/airflow/example_dags/example_display_name.py                                                              1           0  0.63s           2025-06-22T12:22:36                      43
/home/airflow/.local/lib/python3.12/site-packages/airflow/example_dags/example_branch_labels.py                                                             1           0  0.63s           2025-06-22T12:22:46                      45
/home/airflow/.local/lib/python3.12/site-packages/airflow/example_dags/example_task_group.py                                                                1           0  0.59s           2025-06-22T12:22:44                      43
/home/airflow/.local/lib/python3.12/site-packages/airflow/example_dags/example_trigger_target_dag.py                                                        1           0  0.58s           2025-06-22T12:22:40                      43
/home/airflow/.local/lib/python3.12/site-packages/airflow/example_dags/example_setup_teardown_taskflow.py                                                   1           0  0.56s           2025-06-22T12:22:39                      43
/home/airflow/.local/lib/python3.12/site-packages/airflow/example_dags/example_sensor_decorator.py                                                          1           0  0.56s           2025-06-22T12:22:36                      43
/home/airflow/.local/lib/python3.12/site-packages/airflow/example_dags/example_bash_operator.py                                                             1           0  0.56s           2025-06-22T12:22:40                      45
/home/airflow/.local/lib/python3.12/site-packages/airflow/example_dags/example_branch_datetime_operator.py                                                  3           0  0.54s           2025-06-22T12:22:35                     117
/home/airflow/.local/lib/python3.12/site-packages/airflow/example_dags/example_branch_python_dop_operator_3.py                                              1           0  0.53s           2025-06-22T12:22:41                      45
/home/airflow/.local/lib/python3.12/site-packages/airflow/example_dags/example_latest_only_with_trigger.py                                                  1           0  0.52s           2025-06-22T12:22:46                      45
/home/airflow/.local/lib/python3.12/site-packages/airflow/example_dags/tutorial_dag.py                                                                      1           0  0.51s           2025-06-22T12:22:49                      43
/home/airflow/.local/lib/python3.12/site-packages/airflow/example_dags/example_bash_decorator.py                                                            1           0  0.51s           2025-06-22T12:22:47                      43
/home/airflow/.local/lib/python3.12/site-packages/airflow/example_dags/example_short_circuit_decorator.py                                                   1           0  0.50s           2025-06-22T12:22:46                      43
/home/airflow/.local/lib/python3.12/site-packages/airflow/example_dags/example_dynamic_task_mapping_with_no_taskflow_operators.py                           1           0  0.50s           2025-06-22T12:22:45                      43
/home/airflow/.local/lib/python3.12/site-packages/airflow/example_dags/example_python_operator.py                                                           1           0  0.49s           2025-06-22T12:22:40                      43
/home/airflow/.local/lib/python3.12/site-packages/airflow/example_dags/example_sla_dag.py                                                                   1           0  0.48s           2025-06-22T12:22:48                      45
/home/airflow/.local/lib/python3.12/site-packages/airflow/example_dags/example_kubernetes_executor.py                                                       1           0  0.47s           2025-06-22T12:22:48                      43
/home/airflow/.local/lib/python3.12/site-packages/airflow/example_dags/example_setup_teardown.py                                                            1           0  0.47s           2025-06-22T12:22:45                      43
/home/airflow/.local/lib/python3.12/site-packages/airflow/example_dags/example_local_kubernetes_executor.py                                                 1           0  0.45s           2025-06-22T12:22:45                      43
/home/airflow/.local/lib/python3.12/site-packages/airflow/example_dags/example_short_circuit_operator.py                                                    1           0  0.45s           2025-06-22T12:22:36                      43
/home/airflow/.local/lib/python3.12/site-packages/airflow/example_dags/example_skip_dag.py                                                                  1           0  0.44s           2025-06-22T12:22:37                      45
/home/airflow/.local/lib/python3.12/site-packages/airflow/example_dags/example_branch_day_of_week_operator.py                                               1           0  0.44s           2025-06-22T12:22:37                      45
/home/airflow/.local/lib/python3.12/site-packages/airflow/example_dags/example_workday_timetable.py                                                         1           0  0.41s           2025-06-22T12:22:35                      45
/home/airflow/.local/lib/python3.12/site-packages/airflow/example_dags/tutorial_taskflow_templates.py                                                       1           0  0.41s           2025-06-22T12:22:35                      45
/home/airflow/.local/lib/python3.12/site-packages/airflow/example_dags/tutorial_taskflow_api.py                                                             1           0  0.40s           2025-06-22T12:22:37                      43
/home/airflow/.local/lib/python3.12/site-packages/airflow/example_dags/example_dynamic_task_mapping.py                                                      1           0  0.40s           2025-06-22T12:22:37                      43
/home/airflow/.local/lib/python3.12/site-packages/airflow/example_dags/tutorial_taskflow_api_virtualenv.py                                                  1           0  0.39s           2025-06-22T12:22:35                      43
/home/airflow/.local/lib/python3.12/site-packages/airflow/example_dags/tutorial.py                                                                          1           0  0.38s           2025-06-22T12:22:41                      45
/home/airflow/.local/lib/python3.12/site-packages/airflow/example_dags/example_nested_branch_dag.py                                                         1           0  0.38s           2025-06-22T12:22:31                      45
/home/airflow/.local/lib/python3.12/site-packages/airflow/example_dags/example_xcomargs.py                                                                  2           0  0.37s           2025-06-22T12:22:34                      79
/home/airflow/.local/lib/python3.12/site-packages/airflow/example_dags/example_complex.py                                                                   1           0  0.37s           2025-06-22T12:22:33                      43
/opt/airflow/dags/new_dag.py                                                                                                         211  0.01s             1           0  0.36s           2025-06-22T12:22:30                      43
/home/airflow/.local/lib/python3.12/site-packages/airflow/example_dags/tutorial_objectstorage.py                                                            1           0  0.35s           2025-06-22T12:22:35                      43
/home/airflow/.local/lib/python3.12/site-packages/airflow/example_dags/example_python_decorator.py                                                          1           0  0.34s           2025-06-22T12:22:31                      43
/home/airflow/.local/lib/python3.12/site-packages/airflow/example_dags/example_passing_params_via_test_command.py                    212  0.00s             1           0  0.34s           2025-06-22T12:22:30                      45
/home/airflow/.local/lib/python3.12/site-packages/airflow/example_dags/example_subdag_operator.py                                                           3           0  0.34s           2025-06-22T12:22:34                      53
/home/airflow/.local/lib/python3.12/site-packages/airflow/example_dags/example_trigger_controller_dag.py                                                    1           0  0.33s           2025-06-22T12:22:35                      45
/home/airflow/.local/lib/python3.12/site-packages/airflow/example_dags/example_task_group_decorator.py                                                      1           0  0.31s           2025-06-22T12:22:34                      43
/home/airflow/.local/lib/python3.12/site-packages/airflow/example_dags/example_params_ui_tutorial.py                                                        1           0  0.30s           2025-06-22T12:22:33                      43
/home/airflow/.local/lib/python3.12/site-packages/airflow/example_dags/example_time_delta_sensor_async.py                                                   1           0  0.29s           2025-06-22T12:22:34                      43
/home/airflow/.local/lib/python3.12/site-packages/airflow/example_dags/example_external_task_marker_dag.py                                                  2           0  0.28s           2025-06-22T12:22:32                      79
/home/airflow/.local/lib/python3.12/site-packages/airflow/example_dags/example_params_trigger_ui.py                                                         1           0  0.25s           2025-06-22T12:22:32                      43
/home/airflow/.local/lib/python3.12/site-packages/airflow/example_dags/example_sensors.py                                                                   1           0  0.24s           2025-06-22T12:22:31                      43
/home/airflow/.local/lib/python3.12/site-packages/airflow/example_dags/example_latest_only.py                                                               1           0  0.24s           2025-06-22T12:22:33                      45
/home/airflow/.local/lib/python3.12/site-packages/airflow/example_dags/plugins/decreasing_priority_weight_strategy.py                                       0           0  0.13s           2025-06-22T12:22:49                       3
/home/airflow/.local/lib/python3.12/site-packages/airflow/example_dags/plugins/listener_plugin.py                                                           0           0  0.12s           2025-06-22T12:22:49                       3
/home/airflow/.local/lib/python3.12/site-packages/airflow/example_dags/plugins/event_listener.py                                                            0           0  0.12s           2025-06-22T12:22:49                       3
/home/airflow/.local/lib/python3.12/site-packages/airflow/example_dags/subdags/subdag.py                                                                    0           0  0.12s           2025-06-22T12:22:48                       3
/home/airflow/.local/lib/python3.12/site-packages/airflow/example_dags/plugins/workday.py                                                                   0           0  0.11s           2025-06-22T12:22:48                       3
================================================================================
[2025-06-22T12:23:31.551+0000] {manager.py:997} INFO - 
================================================================================
DAG File Processing Stats

File Path                                                                                                                            PID  Runtime      # DAGs    # Errors  Last Runtime    Last Run               Last # of DB Queries
---------------------------------------------------------------------------------------------------------------------------------  -----  ---------  --------  ----------  --------------  -------------------  ----------------------
/home/airflow/.local/lib/python3.12/site-packages/airflow/example_dags/example_dataset_alias.py                                                             4           0  0.83s           2025-06-22T12:23:15                      27
/home/airflow/.local/lib/python3.12/site-packages/airflow/example_dags/example_outlet_event_extra.py                                                        3           0  0.76s           2025-06-22T12:23:15                      19
/home/airflow/.local/lib/python3.12/site-packages/airflow/example_dags/example_datasets.py                                                                 10           0  0.73s           2025-06-22T12:23:05                      49
/home/airflow/.local/lib/python3.12/site-packages/airflow/example_dags/example_inlet_event_extra.py                                                         2           0  0.72s           2025-06-22T12:23:19                      15
/home/airflow/.local/lib/python3.12/site-packages/airflow/example_dags/example_dataset_alias_with_no_taskflow.py                                            4           0  0.67s           2025-06-22T12:23:13                      27
/home/airflow/.local/lib/python3.12/site-packages/airflow/example_dags/example_dag_decorator.py                                                             1           0  0.31s           2025-06-22T12:23:10                      32
/home/airflow/.local/lib/python3.12/site-packages/airflow/example_dags/example_sensors.py                                                                   1           0  0.20s           2025-06-22T12:23:01                      10
/home/airflow/.local/lib/python3.12/site-packages/airflow/example_dags/example_params_trigger_ui.py                                                         1           0  0.18s           2025-06-22T12:23:02                      10
/home/airflow/.local/lib/python3.12/site-packages/airflow/example_dags/example_workday_timetable.py                                                         1           0  0.17s           2025-06-22T12:23:05                      12
/home/airflow/.local/lib/python3.12/site-packages/airflow/example_dags/example_passing_params_via_test_command.py                    281  0.00s             1           0  0.17s           2025-06-22T12:23:01                      12
/opt/airflow/dags/new_dag.py                                                                                                         280  0.01s             1           0  0.15s           2025-06-22T12:23:01                      10
/home/airflow/.local/lib/python3.12/site-packages/airflow/example_dags/example_branch_datetime_operator.py                                                  3           0  0.15s           2025-06-22T12:23:05                      18
/home/airflow/.local/lib/python3.12/site-packages/airflow/example_dags/example_display_name.py                                                              1           0  0.15s           2025-06-22T12:23:06                      10
/home/airflow/.local/lib/python3.12/site-packages/airflow/example_dags/example_branch_operator.py                                                           1           0  0.14s           2025-06-22T12:23:18                      12
/home/airflow/.local/lib/python3.12/site-packages/airflow/example_dags/example_external_task_marker_dag.py                                                  2           0  0.14s           2025-06-22T12:23:02                      13
/home/airflow/.local/lib/python3.12/site-packages/airflow/example_dags/tutorial_taskflow_templates.py                                                       1           0  0.14s           2025-06-22T12:23:06                      12
/home/airflow/.local/lib/python3.12/site-packages/airflow/example_dags/tutorial_taskflow_api_virtualenv.py                                                  1           0  0.14s           2025-06-22T12:23:06                      10
/home/airflow/.local/lib/python3.12/site-packages/airflow/example_dags/example_skip_dag.py                                                                  1           0  0.14s           2025-06-22T12:23:08                      12
/home/airflow/.local/lib/python3.12/site-packages/airflow/example_dags/example_short_circuit_operator.py                                                    1           0  0.13s           2025-06-22T12:23:08                      10
/home/airflow/.local/lib/python3.12/site-packages/airflow/example_dags/example_python_decorator.py                                                          1           0  0.13s           2025-06-22T12:23:01                      10
/home/airflow/.local/lib/python3.12/site-packages/airflow/example_dags/example_sla_dag.py                                                                   1           0  0.13s           2025-06-22T12:23:19                      16
/home/airflow/.local/lib/python3.12/site-packages/airflow/example_dags/example_params_ui_tutorial.py                                                        1           0  0.13s           2025-06-22T12:23:04                      10
/home/airflow/.local/lib/python3.12/site-packages/airflow/example_dags/example_branch_operator_decorator.py                                                 1           0  0.13s           2025-06-22T12:23:10                      12
/home/airflow/.local/lib/python3.12/site-packages/airflow/example_dags/example_subdag_operator.py                                                           3           0  0.13s           2025-06-22T12:23:04                      20
/home/airflow/.local/lib/python3.12/site-packages/airflow/example_dags/example_nested_branch_dag.py                                                         1           0  0.13s           2025-06-22T12:23:01                      12
/home/airflow/.local/lib/python3.12/site-packages/airflow/example_dags/example_latest_only.py                                                               1           0  0.12s           2025-06-22T12:23:03                      12
/home/airflow/.local/lib/python3.12/site-packages/airflow/example_dags/example_trigger_controller_dag.py                                                    1           0  0.12s           2025-06-22T12:23:06                      12
/home/airflow/.local/lib/python3.12/site-packages/airflow/example_dags/example_xcom.py                                                                      1           0  0.12s           2025-06-22T12:23:09                      12
/home/airflow/.local/lib/python3.12/site-packages/airflow/example_dags/example_branch_python_dop_operator_3.py                                              1           0  0.12s           2025-06-22T12:23:12                      12
/home/airflow/.local/lib/python3.12/site-packages/airflow/example_dags/example_branch_labels.py                                                             1           0  0.12s           2025-06-22T12:23:17                      12
/home/airflow/.local/lib/python3.12/site-packages/airflow/example_dags/example_sensor_decorator.py                                                          1           0  0.12s           2025-06-22T12:23:06                      10
/home/airflow/.local/lib/python3.12/site-packages/airflow/example_dags/example_bash_operator.py                                                             1           0  0.11s           2025-06-22T12:23:10                      12
/home/airflow/.local/lib/python3.12/site-packages/airflow/example_dags/example_xcomargs.py                                                                  2           0  0.11s           2025-06-22T12:23:05                      13
/home/airflow/.local/lib/python3.12/site-packages/airflow/example_dags/example_complex.py                                                                   1           0  0.11s           2025-06-22T12:23:04                      10
/home/airflow/.local/lib/python3.12/site-packages/airflow/example_dags/example_local_kubernetes_executor.py                                                 1           0  0.11s           2025-06-22T12:23:15                      10
/home/airflow/.local/lib/python3.12/site-packages/airflow/example_dags/example_task_group.py                                                                1           0  0.11s           2025-06-22T12:23:15                      10
/home/airflow/.local/lib/python3.12/site-packages/airflow/example_dags/example_setup_teardown_taskflow.py                                                   1           0  0.10s           2025-06-22T12:23:09                      10
/home/airflow/.local/lib/python3.12/site-packages/airflow/example_dags/example_kubernetes_executor.py                                                       1           0  0.10s           2025-06-22T12:23:19                      10
/home/airflow/.local/lib/python3.12/site-packages/airflow/example_dags/example_bash_decorator.py                                                            1           0  0.10s           2025-06-22T12:23:17                      10
/home/airflow/.local/lib/python3.12/site-packages/airflow/example_dags/tutorial_taskflow_api.py                                                             1           0  0.10s           2025-06-22T12:23:08                      10
/home/airflow/.local/lib/python3.12/site-packages/airflow/example_dags/example_trigger_target_dag.py                                                        1           0  0.10s           2025-06-22T12:23:10                      10
/home/airflow/.local/lib/python3.12/site-packages/airflow/example_dags/example_python_operator.py                                                           1           0  0.10s           2025-06-22T12:23:11                      10
/home/airflow/.local/lib/python3.12/site-packages/airflow/example_dags/example_latest_only_with_trigger.py                                                  1           0  0.10s           2025-06-22T12:23:16                      12
/home/airflow/.local/lib/python3.12/site-packages/airflow/example_dags/tutorial.py                                                                          1           0  0.10s           2025-06-22T12:23:11                      12
/home/airflow/.local/lib/python3.12/site-packages/airflow/example_dags/tutorial_objectstorage.py                                                            1           0  0.10s           2025-06-22T12:23:06                      10
/home/airflow/.local/lib/python3.12/site-packages/airflow/example_dags/example_task_group_decorator.py                                                      1           0  0.10s           2025-06-22T12:23:05                      10
/home/airflow/.local/lib/python3.12/site-packages/airflow/example_dags/example_dynamic_task_mapping_with_no_taskflow_operators.py                           1           0  0.10s           2025-06-22T12:23:15                      10
/home/airflow/.local/lib/python3.12/site-packages/airflow/example_dags/example_short_circuit_decorator.py                                                   1           0  0.10s           2025-06-22T12:23:16                      10
/home/airflow/.local/lib/python3.12/site-packages/airflow/example_dags/example_branch_day_of_week_operator.py                                               1           0  0.10s           2025-06-22T12:23:08                      12
/home/airflow/.local/lib/python3.12/site-packages/airflow/example_dags/example_setup_teardown.py                                                            1           0  0.09s           2025-06-22T12:23:16                      10
/home/airflow/.local/lib/python3.12/site-packages/airflow/example_dags/example_dynamic_task_mapping.py                                                      1           0  0.09s           2025-06-22T12:23:08                      10
/home/airflow/.local/lib/python3.12/site-packages/airflow/example_dags/tutorial_dag.py                                                                      1           0  0.08s           2025-06-22T12:23:19                      10
/home/airflow/.local/lib/python3.12/site-packages/airflow/example_dags/example_time_delta_sensor_async.py                                                   1           0  0.08s           2025-06-22T12:23:05                      10
/home/airflow/.local/lib/python3.12/site-packages/airflow/example_dags/plugins/decreasing_priority_weight_strategy.py                                       0           0  0.07s           2025-06-22T12:23:19                       3
/home/airflow/.local/lib/python3.12/site-packages/airflow/example_dags/plugins/listener_plugin.py                                                           0           0  0.04s           2025-06-22T12:23:19                       3
/home/airflow/.local/lib/python3.12/site-packages/airflow/example_dags/plugins/workday.py                                                                   0           0  0.04s           2025-06-22T12:23:19                       3
/home/airflow/.local/lib/python3.12/site-packages/airflow/example_dags/subdags/subdag.py                                                                    0           0  0.04s           2025-06-22T12:23:19                       3
/home/airflow/.local/lib/python3.12/site-packages/airflow/example_dags/plugins/event_listener.py                                                            0           0  0.04s           2025-06-22T12:23:19                       3
================================================================================
[2025-06-22T12:23:34.663+0000] {manager.py:465} INFO - Exiting gracefully upon receiving signal 15
[2025-06-22T12:27:18.156+0000] {manager.py:483} INFO - Processing files using up to 2 processes at a time 
[2025-06-22T12:27:18.157+0000] {manager.py:484} INFO - Process each file at most once every 30 seconds
[2025-06-22T12:27:18.157+0000] {manager.py:485} INFO - Checking for new files in /opt/airflow/dags every 300 seconds
[2025-06-22T12:27:18.158+0000] {manager.py:821} INFO - Searching for files in /opt/airflow/dags
[2025-06-22T12:27:18.188+0000] {manager.py:824} INFO - There are 58 files in /opt/airflow/dags
[2025-06-22T12:27:18.286+0000] {manager.py:997} INFO - 
================================================================================
DAG File Processing Stats

File Path                                                                                                                            PID  Runtime      # DAGs    # Errors  Last Runtime    Last Run      Last # of DB Queries
---------------------------------------------------------------------------------------------------------------------------------  -----  ---------  --------  ----------  --------------  ----------  ----------------------
/opt/airflow/dags/new_dag.py                                                                                                          72  0.05s             0           0                                                   0
/home/airflow/.local/lib/python3.12/site-packages/airflow/example_dags/example_passing_params_via_test_command.py                     73  0.02s             0           0                                                   0
/home/airflow/.local/lib/python3.12/site-packages/airflow/example_dags/example_sensors.py                                                                   0           0                                                   0
/home/airflow/.local/lib/python3.12/site-packages/airflow/example_dags/example_nested_branch_dag.py                                                         0           0                                                   0
/home/airflow/.local/lib/python3.12/site-packages/airflow/example_dags/example_python_decorator.py                                                          0           0                                                   0
/home/airflow/.local/lib/python3.12/site-packages/airflow/example_dags/example_datasets.py                                                                  0           0                                                   0
/home/airflow/.local/lib/python3.12/site-packages/airflow/example_dags/example_params_trigger_ui.py                                                         0           0                                                   0
/home/airflow/.local/lib/python3.12/site-packages/airflow/example_dags/example_external_task_marker_dag.py                                                  0           0                                                   0
/home/airflow/.local/lib/python3.12/site-packages/airflow/example_dags/example_latest_only.py                                                               0           0                                                   0
/home/airflow/.local/lib/python3.12/site-packages/airflow/example_dags/example_params_ui_tutorial.py                                                        0           0                                                   0
/home/airflow/.local/lib/python3.12/site-packages/airflow/example_dags/example_complex.py                                                                   0           0                                                   0
/home/airflow/.local/lib/python3.12/site-packages/airflow/example_dags/example_subdag_operator.py                                                           0           0                                                   0
/home/airflow/.local/lib/python3.12/site-packages/airflow/example_dags/example_task_group_decorator.py                                                      0           0                                                   0
/home/airflow/.local/lib/python3.12/site-packages/airflow/example_dags/example_time_delta_sensor_async.py                                                   0           0                                                   0
/home/airflow/.local/lib/python3.12/site-packages/airflow/example_dags/example_xcomargs.py                                                                  0           0                                                   0
/home/airflow/.local/lib/python3.12/site-packages/airflow/example_dags/example_branch_datetime_operator.py                                                  0           0                                                   0
/home/airflow/.local/lib/python3.12/site-packages/airflow/example_dags/example_workday_timetable.py                                                         0           0                                                   0
/home/airflow/.local/lib/python3.12/site-packages/airflow/example_dags/example_trigger_controller_dag.py                                                    0           0                                                   0
/home/airflow/.local/lib/python3.12/site-packages/airflow/example_dags/tutorial_objectstorage.py                                                            0           0                                                   0
/home/airflow/.local/lib/python3.12/site-packages/airflow/example_dags/tutorial_taskflow_templates.py                                                       0           0                                                   0
/home/airflow/.local/lib/python3.12/site-packages/airflow/example_dags/tutorial_taskflow_api_virtualenv.py                                                  0           0                                                   0
/home/airflow/.local/lib/python3.12/site-packages/airflow/example_dags/example_display_name.py                                                              0           0                                                   0
/home/airflow/.local/lib/python3.12/site-packages/airflow/example_dags/example_sensor_decorator.py                                                          0           0                                                   0
/home/airflow/.local/lib/python3.12/site-packages/airflow/example_dags/example_short_circuit_operator.py                                                    0           0                                                   0
/home/airflow/.local/lib/python3.12/site-packages/airflow/example_dags/example_skip_dag.py                                                                  0           0                                                   0
/home/airflow/.local/lib/python3.12/site-packages/airflow/example_dags/example_branch_day_of_week_operator.py                                               0           0                                                   0
/home/airflow/.local/lib/python3.12/site-packages/airflow/example_dags/tutorial_taskflow_api.py                                                             0           0                                                   0
/home/airflow/.local/lib/python3.12/site-packages/airflow/example_dags/example_dynamic_task_mapping.py                                                      0           0                                                   0
/home/airflow/.local/lib/python3.12/site-packages/airflow/example_dags/example_xcom.py                                                                      0           0                                                   0
/home/airflow/.local/lib/python3.12/site-packages/airflow/example_dags/example_setup_teardown_taskflow.py                                                   0           0                                                   0
/home/airflow/.local/lib/python3.12/site-packages/airflow/example_dags/example_branch_operator_decorator.py                                                 0           0                                                   0
/home/airflow/.local/lib/python3.12/site-packages/airflow/example_dags/example_dag_decorator.py                                                             0           0                                                   0
/home/airflow/.local/lib/python3.12/site-packages/airflow/example_dags/example_trigger_target_dag.py                                                        0           0                                                   0
/home/airflow/.local/lib/python3.12/site-packages/airflow/example_dags/example_bash_operator.py                                                             0           0                                                   0
/home/airflow/.local/lib/python3.12/site-packages/airflow/example_dags/example_python_operator.py                                                           0           0                                                   0
/home/airflow/.local/lib/python3.12/site-packages/airflow/example_dags/example_dataset_alias_with_no_taskflow.py                                            0           0                                                   0
/home/airflow/.local/lib/python3.12/site-packages/airflow/example_dags/tutorial.py                                                                          0           0                                                   0
/home/airflow/.local/lib/python3.12/site-packages/airflow/example_dags/example_branch_python_dop_operator_3.py                                              0           0                                                   0
/home/airflow/.local/lib/python3.12/site-packages/airflow/example_dags/example_dataset_alias.py                                                             0           0                                                   0
/home/airflow/.local/lib/python3.12/site-packages/airflow/example_dags/example_outlet_event_extra.py                                                        0           0                                                   0
/home/airflow/.local/lib/python3.12/site-packages/airflow/example_dags/example_task_group.py                                                                0           0                                                   0
/home/airflow/.local/lib/python3.12/site-packages/airflow/example_dags/example_local_kubernetes_executor.py                                                 0           0                                                   0
/home/airflow/.local/lib/python3.12/site-packages/airflow/example_dags/example_dynamic_task_mapping_with_no_taskflow_operators.py                           0           0                                                   0
/home/airflow/.local/lib/python3.12/site-packages/airflow/example_dags/example_setup_teardown.py                                                            0           0                                                   0
/home/airflow/.local/lib/python3.12/site-packages/airflow/example_dags/example_short_circuit_decorator.py                                                   0           0                                                   0
/home/airflow/.local/lib/python3.12/site-packages/airflow/example_dags/example_latest_only_with_trigger.py                                                  0           0                                                   0
/home/airflow/.local/lib/python3.12/site-packages/airflow/example_dags/example_inlet_event_extra.py                                                         0           0                                                   0
/home/airflow/.local/lib/python3.12/site-packages/airflow/example_dags/example_branch_labels.py                                                             0           0                                                   0
/home/airflow/.local/lib/python3.12/site-packages/airflow/example_dags/example_bash_decorator.py                                                            0           0                                                   0
/home/airflow/.local/lib/python3.12/site-packages/airflow/example_dags/example_branch_operator.py                                                           0           0                                                   0
/home/airflow/.local/lib/python3.12/site-packages/airflow/example_dags/example_sla_dag.py                                                                   0           0                                                   0
/home/airflow/.local/lib/python3.12/site-packages/airflow/example_dags/example_kubernetes_executor.py                                                       0           0                                                   0
/home/airflow/.local/lib/python3.12/site-packages/airflow/example_dags/tutorial_dag.py                                                                      0           0                                                   0
/home/airflow/.local/lib/python3.12/site-packages/airflow/example_dags/subdags/subdag.py                                                                    0           0                                                   0
/home/airflow/.local/lib/python3.12/site-packages/airflow/example_dags/plugins/workday.py                                                                   0           0                                                   0
/home/airflow/.local/lib/python3.12/site-packages/airflow/example_dags/plugins/event_listener.py                                                            0           0                                                   0
/home/airflow/.local/lib/python3.12/site-packages/airflow/example_dags/plugins/listener_plugin.py                                                           0           0                                                   0
/home/airflow/.local/lib/python3.12/site-packages/airflow/example_dags/plugins/decreasing_priority_weight_strategy.py                                       0           0                                                   0
================================================================================
[2025-06-22T12:27:48.423+0000] {manager.py:997} INFO - 
================================================================================
DAG File Processing Stats

File Path                                                                                                                            PID  Runtime      # DAGs    # Errors  Last Runtime    Last Run               Last # of DB Queries
---------------------------------------------------------------------------------------------------------------------------------  -----  ---------  --------  ----------  --------------  -------------------  ----------------------
/home/airflow/.local/lib/python3.12/site-packages/airflow/example_dags/example_datasets.py                                                                 10           0  0.86s           2025-06-22T12:27:19                      49
/home/airflow/.local/lib/python3.12/site-packages/airflow/example_dags/example_outlet_event_extra.py                                                        3           0  0.82s           2025-06-22T12:27:22                      19
/home/airflow/.local/lib/python3.12/site-packages/airflow/example_dags/example_dataset_alias.py                                                             4           0  0.76s           2025-06-22T12:27:22                      27
/home/airflow/.local/lib/python3.12/site-packages/airflow/example_dags/example_inlet_event_extra.py                                                         2           0  0.75s           2025-06-22T12:27:23                      15
/home/airflow/.local/lib/python3.12/site-packages/airflow/example_dags/example_dataset_alias_with_no_taskflow.py                                            4           0  0.63s           2025-06-22T12:27:21                      27
/home/airflow/.local/lib/python3.12/site-packages/airflow/example_dags/example_bash_decorator.py                                                            1           0  0.26s           2025-06-22T12:27:23                      32
/home/airflow/.local/lib/python3.12/site-packages/airflow/example_dags/example_branch_operator.py                                                           1           0  0.26s           2025-06-22T12:27:23                      34
/home/airflow/.local/lib/python3.12/site-packages/airflow/example_dags/example_dag_decorator.py                                                             1           0  0.23s           2025-06-22T12:27:21                      32
/home/airflow/.local/lib/python3.12/site-packages/airflow/example_dags/example_python_decorator.py                                                          1           0  0.22s           2025-06-22T12:27:18                      32
/home/airflow/.local/lib/python3.12/site-packages/airflow/example_dags/tutorial_taskflow_api_virtualenv.py                                                  1           0  0.19s           2025-06-22T12:27:20                      32
/home/airflow/.local/lib/python3.12/site-packages/airflow/example_dags/example_sla_dag.py                                                                   1           0  0.19s           2025-06-22T12:27:23                      20
/home/airflow/.local/lib/python3.12/site-packages/airflow/example_dags/example_branch_operator_decorator.py                                                 1           0  0.19s           2025-06-22T12:27:20                      34
/home/airflow/.local/lib/python3.12/site-packages/airflow/example_dags/example_latest_only.py                                                               1           0  0.17s           2025-06-22T12:27:19                      12
/home/airflow/.local/lib/python3.12/site-packages/airflow/example_dags/example_python_operator.py                                                           1           0  0.16s           2025-06-22T12:27:21                      32
/home/airflow/.local/lib/python3.12/site-packages/airflow/example_dags/example_workday_timetable.py                                                         1           0  0.15s           2025-06-22T12:27:19                      12
/home/airflow/.local/lib/python3.12/site-packages/airflow/example_dags/example_branch_datetime_operator.py                                                  3           0  0.15s           2025-06-22T12:27:19                      18
/home/airflow/.local/lib/python3.12/site-packages/airflow/example_dags/example_params_trigger_ui.py                                                         1           0  0.15s           2025-06-22T12:27:18                      10
/home/airflow/.local/lib/python3.12/site-packages/airflow/example_dags/example_params_ui_tutorial.py                                                        1           0  0.14s           2025-06-22T12:27:19                      10
/home/airflow/.local/lib/python3.12/site-packages/airflow/example_dags/example_xcomargs.py                                                                  2           0  0.14s           2025-06-22T12:27:19                      13
/home/airflow/.local/lib/python3.12/site-packages/airflow/example_dags/example_subdag_operator.py                                                           3           0  0.14s           2025-06-22T12:27:19                      20
/home/airflow/.local/lib/python3.12/site-packages/airflow/example_dags/example_branch_labels.py                                                             1           0  0.13s           2025-06-22T12:27:23                      12
/home/airflow/.local/lib/python3.12/site-packages/airflow/example_dags/example_passing_params_via_test_command.py                    155  0.00s             1           0  0.13s           2025-06-22T12:27:18                      12
/home/airflow/.local/lib/python3.12/site-packages/airflow/example_dags/example_kubernetes_executor.py                                                       1           0  0.13s           2025-06-22T12:27:23                      10
/home/airflow/.local/lib/python3.12/site-packages/airflow/example_dags/example_task_group.py                                                                1           0  0.12s           2025-06-22T12:27:22                      10
/home/airflow/.local/lib/python3.12/site-packages/airflow/example_dags/example_setup_teardown.py                                                            1           0  0.12s           2025-06-22T12:27:22                      10
/home/airflow/.local/lib/python3.12/site-packages/airflow/example_dags/example_complex.py                                                                   1           0  0.12s           2025-06-22T12:27:19                      10
/home/airflow/.local/lib/python3.12/site-packages/airflow/example_dags/example_time_delta_sensor_async.py                                                   1           0  0.12s           2025-06-22T12:27:19                      10
/home/airflow/.local/lib/python3.12/site-packages/airflow/example_dags/example_nested_branch_dag.py                                                         1           0  0.12s           2025-06-22T12:27:18                      12
/home/airflow/.local/lib/python3.12/site-packages/airflow/example_dags/tutorial_taskflow_templates.py                                                       1           0  0.12s           2025-06-22T12:27:20                      12
/home/airflow/.local/lib/python3.12/site-packages/airflow/example_dags/tutorial_taskflow_api.py                                                             1           0  0.12s           2025-06-22T12:27:20                      10
/home/airflow/.local/lib/python3.12/site-packages/airflow/example_dags/example_dynamic_task_mapping_with_no_taskflow_operators.py                           1           0  0.12s           2025-06-22T12:27:22                      10
/opt/airflow/dags/new_dag.py                                                                                                         154  0.01s             1           0  0.11s           2025-06-22T12:27:18                      10
/home/airflow/.local/lib/python3.12/site-packages/airflow/example_dags/example_task_group_decorator.py                                                      1           0  0.11s           2025-06-22T12:27:19                      10
/home/airflow/.local/lib/python3.12/site-packages/airflow/example_dags/tutorial_dag.py                                                                      1           0  0.11s           2025-06-22T12:27:24                      10
/home/airflow/.local/lib/python3.12/site-packages/airflow/example_dags/example_external_task_marker_dag.py                                                  2           0  0.11s           2025-06-22T12:27:18                      13
/home/airflow/.local/lib/python3.12/site-packages/airflow/example_dags/example_sensors.py                                                                   1           0  0.11s           2025-06-22T12:27:18                      10
/home/airflow/.local/lib/python3.12/site-packages/airflow/example_dags/example_branch_day_of_week_operator.py                                               1           0  0.11s           2025-06-22T12:27:20                      12
/home/airflow/.local/lib/python3.12/site-packages/airflow/example_dags/example_local_kubernetes_executor.py                                                 1           0  0.11s           2025-06-22T12:27:22                      10
/home/airflow/.local/lib/python3.12/site-packages/airflow/example_dags/example_skip_dag.py                                                                  1           0  0.11s           2025-06-22T12:27:20                      12
/home/airflow/.local/lib/python3.12/site-packages/airflow/example_dags/example_latest_only_with_trigger.py                                                  1           0  0.10s           2025-06-22T12:27:22                      12
/home/airflow/.local/lib/python3.12/site-packages/airflow/example_dags/example_short_circuit_operator.py                                                    1           0  0.10s           2025-06-22T12:27:20                      10
/home/airflow/.local/lib/python3.12/site-packages/airflow/example_dags/example_xcom.py                                                                      1           0  0.10s           2025-06-22T12:27:20                      12
/home/airflow/.local/lib/python3.12/site-packages/airflow/example_dags/example_short_circuit_decorator.py                                                   1           0  0.10s           2025-06-22T12:27:22                      10
/home/airflow/.local/lib/python3.12/site-packages/airflow/example_dags/example_trigger_controller_dag.py                                                    1           0  0.10s           2025-06-22T12:27:19                      12
/home/airflow/.local/lib/python3.12/site-packages/airflow/example_dags/example_display_name.py                                                              1           0  0.10s           2025-06-22T12:27:20                      10
/home/airflow/.local/lib/python3.12/site-packages/airflow/example_dags/example_dynamic_task_mapping.py                                                      1           0  0.10s           2025-06-22T12:27:20                      10
/home/airflow/.local/lib/python3.12/site-packages/airflow/example_dags/example_sensor_decorator.py                                                          1           0  0.10s           2025-06-22T12:27:20                      10
/home/airflow/.local/lib/python3.12/site-packages/airflow/example_dags/example_bash_operator.py                                                             1           0  0.10s           2025-06-22T12:27:21                      12
/home/airflow/.local/lib/python3.12/site-packages/airflow/example_dags/example_branch_python_dop_operator_3.py                                              1           0  0.10s           2025-06-22T12:27:21                      12
/home/airflow/.local/lib/python3.12/site-packages/airflow/example_dags/example_setup_teardown_taskflow.py                                                   1           0  0.10s           2025-06-22T12:27:20                      10
/home/airflow/.local/lib/python3.12/site-packages/airflow/example_dags/tutorial_objectstorage.py                                                            1           0  0.09s           2025-06-22T12:27:19                      10
/home/airflow/.local/lib/python3.12/site-packages/airflow/example_dags/tutorial.py                                                                          1           0  0.09s           2025-06-22T12:27:21                      12
/home/airflow/.local/lib/python3.12/site-packages/airflow/example_dags/plugins/workday.py                                                                   0           0  0.07s           2025-06-22T12:27:24                       3
/home/airflow/.local/lib/python3.12/site-packages/airflow/example_dags/example_trigger_target_dag.py                                                        1           0  0.07s           2025-06-22T12:27:20                      10
/home/airflow/.local/lib/python3.12/site-packages/airflow/example_dags/subdags/subdag.py                                                                    0           0  0.07s           2025-06-22T12:27:24                       3
/home/airflow/.local/lib/python3.12/site-packages/airflow/example_dags/plugins/event_listener.py                                                            0           0  0.05s           2025-06-22T12:27:24                       3
/home/airflow/.local/lib/python3.12/site-packages/airflow/example_dags/plugins/listener_plugin.py                                                           0           0  0.05s           2025-06-22T12:27:24                       3
/home/airflow/.local/lib/python3.12/site-packages/airflow/example_dags/plugins/decreasing_priority_weight_strategy.py                                       0           0  0.04s           2025-06-22T12:27:24                       3
================================================================================
[2025-06-22T12:28:18.683+0000] {manager.py:997} INFO - 
================================================================================
DAG File Processing Stats

File Path                                                                                                                            PID  Runtime      # DAGs    # Errors  Last Runtime    Last Run               Last # of DB Queries
---------------------------------------------------------------------------------------------------------------------------------  -----  ---------  --------  ----------  --------------  -------------------  ----------------------
/home/airflow/.local/lib/python3.12/site-packages/airflow/example_dags/example_datasets.py                                                                 10           0  0.79s           2025-06-22T12:27:50                      49
/home/airflow/.local/lib/python3.12/site-packages/airflow/example_dags/example_dataset_alias.py                                                             4           0  0.68s           2025-06-22T12:27:53                      27
/home/airflow/.local/lib/python3.12/site-packages/airflow/example_dags/example_dataset_alias_with_no_taskflow.py                                            4           0  0.68s           2025-06-22T12:27:53                      27
/home/airflow/.local/lib/python3.12/site-packages/airflow/example_dags/example_outlet_event_extra.py                                                        3           0  0.67s           2025-06-22T12:27:54                      19
/home/airflow/.local/lib/python3.12/site-packages/airflow/example_dags/example_inlet_event_extra.py                                                         2           0  0.57s           2025-06-22T12:27:54                      15
/home/airflow/.local/lib/python3.12/site-packages/airflow/example_dags/example_dag_decorator.py                                                             1           0  0.30s           2025-06-22T12:27:51                      32
/home/airflow/.local/lib/python3.12/site-packages/airflow/example_dags/example_workday_timetable.py                                                         1           0  0.16s           2025-06-22T12:27:50                      12
/home/airflow/.local/lib/python3.12/site-packages/airflow/example_dags/example_params_ui_tutorial.py                                                        1           0  0.13s           2025-06-22T12:27:49                      10
/home/airflow/.local/lib/python3.12/site-packages/airflow/example_dags/example_subdag_operator.py                                                           3           0  0.13s           2025-06-22T12:27:49                      20
/home/airflow/.local/lib/python3.12/site-packages/airflow/example_dags/example_branch_datetime_operator.py                                                  3           0  0.13s           2025-06-22T12:27:50                      18
/home/airflow/.local/lib/python3.12/site-packages/airflow/example_dags/example_latest_only_with_trigger.py                                                  1           0  0.12s           2025-06-22T12:27:53                      12
/home/airflow/.local/lib/python3.12/site-packages/airflow/example_dags/example_python_operator.py                                                           1           0  0.12s           2025-06-22T12:27:51                      10
/home/airflow/.local/lib/python3.12/site-packages/airflow/example_dags/example_short_circuit_decorator.py                                                   1           0  0.12s           2025-06-22T12:27:53                      10
/home/airflow/.local/lib/python3.12/site-packages/airflow/example_dags/example_sla_dag.py                                                                   1           0  0.12s           2025-06-22T12:27:54                      16
/home/airflow/.local/lib/python3.12/site-packages/airflow/example_dags/example_branch_operator.py                                                           1           0  0.11s           2025-06-22T12:27:54                      12
/home/airflow/.local/lib/python3.12/site-packages/airflow/example_dags/example_branch_operator_decorator.py                                                 1           0  0.11s           2025-06-22T12:27:51                      12
/home/airflow/.local/lib/python3.12/site-packages/airflow/example_dags/example_branch_python_dop_operator_3.py                                              1           0  0.11s           2025-06-22T12:27:51                      12
/home/airflow/.local/lib/python3.12/site-packages/airflow/example_dags/tutorial.py                                                                          1           0  0.11s           2025-06-22T12:27:51                      12
/home/airflow/.local/lib/python3.12/site-packages/airflow/example_dags/example_trigger_controller_dag.py                                                    1           0  0.11s           2025-06-22T12:27:50                      12
/home/airflow/.local/lib/python3.12/site-packages/airflow/example_dags/example_params_trigger_ui.py                                                         1           0  0.11s           2025-06-22T12:27:49                      10
/home/airflow/.local/lib/python3.12/site-packages/airflow/example_dags/example_branch_day_of_week_operator.py                                               1           0  0.11s           2025-06-22T12:27:50                      12
/home/airflow/.local/lib/python3.12/site-packages/airflow/example_dags/example_passing_params_via_test_command.py                    225  0.00s             1           0  0.11s           2025-06-22T12:27:48                      12
/home/airflow/.local/lib/python3.12/site-packages/airflow/example_dags/example_bash_operator.py                                                             1           0  0.11s           2025-06-22T12:27:51                      12
/home/airflow/.local/lib/python3.12/site-packages/airflow/example_dags/example_complex.py                                                                   1           0  0.11s           2025-06-22T12:27:49                      10
/home/airflow/.local/lib/python3.12/site-packages/airflow/example_dags/example_xcomargs.py                                                                  2           0  0.10s           2025-06-22T12:27:50                      13
/home/airflow/.local/lib/python3.12/site-packages/airflow/example_dags/example_python_decorator.py                                                          1           0  0.10s           2025-06-22T12:27:49                      10
/home/airflow/.local/lib/python3.12/site-packages/airflow/example_dags/example_nested_branch_dag.py                                                         1           0  0.10s           2025-06-22T12:27:48                      12
/opt/airflow/dags/new_dag.py                                                                                                         224  0.02s             1           0  0.10s           2025-06-22T12:27:48                      10
/home/airflow/.local/lib/python3.12/site-packages/airflow/example_dags/example_latest_only.py                                                               1           0  0.10s           2025-06-22T12:27:49                      12
/home/airflow/.local/lib/python3.12/site-packages/airflow/example_dags/example_xcom.py                                                                      1           0  0.10s           2025-06-22T12:27:50                      12
/home/airflow/.local/lib/python3.12/site-packages/airflow/example_dags/example_kubernetes_executor.py                                                       1           0  0.10s           2025-06-22T12:27:54                      10
/home/airflow/.local/lib/python3.12/site-packages/airflow/example_dags/example_local_kubernetes_executor.py                                                 1           0  0.10s           2025-06-22T12:27:53                      10
/home/airflow/.local/lib/python3.12/site-packages/airflow/example_dags/tutorial_taskflow_templates.py                                                       1           0  0.10s           2025-06-22T12:27:50                      12
/home/airflow/.local/lib/python3.12/site-packages/airflow/example_dags/example_skip_dag.py                                                                  1           0  0.10s           2025-06-22T12:27:50                      12
/home/airflow/.local/lib/python3.12/site-packages/airflow/example_dags/example_sensors.py                                                                   1           0  0.09s           2025-06-22T12:27:48                      10
/home/airflow/.local/lib/python3.12/site-packages/airflow/example_dags/tutorial_taskflow_api.py                                                             1           0  0.09s           2025-06-22T12:27:50                      10
/home/airflow/.local/lib/python3.12/site-packages/airflow/example_dags/example_dynamic_task_mapping_with_no_taskflow_operators.py                           1           0  0.09s           2025-06-22T12:27:53                      10
/home/airflow/.local/lib/python3.12/site-packages/airflow/example_dags/example_task_group_decorator.py                                                      1           0  0.09s           2025-06-22T12:27:49                      10
/home/airflow/.local/lib/python3.12/site-packages/airflow/example_dags/example_task_group.py                                                                1           0  0.09s           2025-06-22T12:27:53                      10
/home/airflow/.local/lib/python3.12/site-packages/airflow/example_dags/example_bash_decorator.py                                                            1           0  0.09s           2025-06-22T12:27:54                      10
/home/airflow/.local/lib/python3.12/site-packages/airflow/example_dags/tutorial_objectstorage.py                                                            1           0  0.09s           2025-06-22T12:27:50                      10
/home/airflow/.local/lib/python3.12/site-packages/airflow/example_dags/example_time_delta_sensor_async.py                                                   1           0  0.09s           2025-06-22T12:27:49                      10
/home/airflow/.local/lib/python3.12/site-packages/airflow/example_dags/example_branch_labels.py                                                             1           0  0.09s           2025-06-22T12:27:54                      12
/home/airflow/.local/lib/python3.12/site-packages/airflow/example_dags/example_sensor_decorator.py                                                          1           0  0.09s           2025-06-22T12:27:50                      10
/home/airflow/.local/lib/python3.12/site-packages/airflow/example_dags/example_short_circuit_operator.py                                                    1           0  0.09s           2025-06-22T12:27:50                      10
/home/airflow/.local/lib/python3.12/site-packages/airflow/example_dags/example_setup_teardown.py                                                            1           0  0.09s           2025-06-22T12:27:53                      10
/home/airflow/.local/lib/python3.12/site-packages/airflow/example_dags/example_setup_teardown_taskflow.py                                                   1           0  0.09s           2025-06-22T12:27:50                      10
/home/airflow/.local/lib/python3.12/site-packages/airflow/example_dags/tutorial_taskflow_api_virtualenv.py                                                  1           0  0.09s           2025-06-22T12:27:50                      10
/home/airflow/.local/lib/python3.12/site-packages/airflow/example_dags/example_dynamic_task_mapping.py                                                      1           0  0.09s           2025-06-22T12:27:50                      10
/home/airflow/.local/lib/python3.12/site-packages/airflow/example_dags/example_external_task_marker_dag.py                                                  2           0  0.09s           2025-06-22T12:27:49                      13
/home/airflow/.local/lib/python3.12/site-packages/airflow/example_dags/tutorial_dag.py                                                                      1           0  0.09s           2025-06-22T12:27:54                      10
/home/airflow/.local/lib/python3.12/site-packages/airflow/example_dags/example_trigger_target_dag.py                                                        1           0  0.08s           2025-06-22T12:27:51                      10
/home/airflow/.local/lib/python3.12/site-packages/airflow/example_dags/example_display_name.py                                                              1           0  0.08s           2025-06-22T12:27:50                      10
/home/airflow/.local/lib/python3.12/site-packages/airflow/example_dags/plugins/workday.py                                                                   0           0  0.05s           2025-06-22T12:27:54                       3
/home/airflow/.local/lib/python3.12/site-packages/airflow/example_dags/subdags/subdag.py                                                                    0           0  0.04s           2025-06-22T12:27:54                       3
/home/airflow/.local/lib/python3.12/site-packages/airflow/example_dags/plugins/event_listener.py                                                            0           0  0.04s           2025-06-22T12:27:54                       3
/home/airflow/.local/lib/python3.12/site-packages/airflow/example_dags/plugins/decreasing_priority_weight_strategy.py                                       0           0  0.04s           2025-06-22T12:27:54                       3
/home/airflow/.local/lib/python3.12/site-packages/airflow/example_dags/plugins/listener_plugin.py                                                           0           0  0.04s           2025-06-22T12:27:54                       3
================================================================================
[2025-06-22T12:28:48.888+0000] {manager.py:997} INFO - 
================================================================================
DAG File Processing Stats

File Path                                                                                                                            PID  Runtime      # DAGs    # Errors  Last Runtime    Last Run               Last # of DB Queries
---------------------------------------------------------------------------------------------------------------------------------  -----  ---------  --------  ----------  --------------  -------------------  ----------------------
/home/airflow/.local/lib/python3.12/site-packages/airflow/example_dags/example_outlet_event_extra.py                                                        3           0  0.76s           2025-06-22T12:28:25                      19
/home/airflow/.local/lib/python3.12/site-packages/airflow/example_dags/example_inlet_event_extra.py                                                         2           0  0.75s           2025-06-22T12:28:25                      15
/home/airflow/.local/lib/python3.12/site-packages/airflow/example_dags/example_dataset_alias.py                                                             4           0  0.72s           2025-06-22T12:28:23                      27
/home/airflow/.local/lib/python3.12/site-packages/airflow/example_dags/example_dataset_alias_with_no_taskflow.py                                            4           0  0.71s           2025-06-22T12:28:23                      27
/home/airflow/.local/lib/python3.12/site-packages/airflow/example_dags/example_datasets.py                                                                 10           0  0.63s           2025-06-22T12:28:20                      49
/home/airflow/.local/lib/python3.12/site-packages/airflow/example_dags/example_dag_decorator.py                                                             1           0  0.23s           2025-06-22T12:28:21                      32
/home/airflow/.local/lib/python3.12/site-packages/airflow/example_dags/example_sla_dag.py                                                                   1           0  0.14s           2025-06-22T12:28:25                      16
/home/airflow/.local/lib/python3.12/site-packages/airflow/example_dags/example_branch_labels.py                                                             1           0  0.13s           2025-06-22T12:28:24                      12
/home/airflow/.local/lib/python3.12/site-packages/airflow/example_dags/example_branch_operator.py                                                           1           0  0.13s           2025-06-22T12:28:25                      12
/home/airflow/.local/lib/python3.12/site-packages/airflow/example_dags/example_passing_params_via_test_command.py                    289  0.01s             1           0  0.13s           2025-06-22T12:28:18                      12
/home/airflow/.local/lib/python3.12/site-packages/airflow/example_dags/example_bash_decorator.py                                                            1           0  0.12s           2025-06-22T12:28:24                      10
/opt/airflow/dags/new_dag.py                                                                                                         288  0.01s             1           0  0.12s           2025-06-22T12:28:18                      10
/home/airflow/.local/lib/python3.12/site-packages/airflow/example_dags/example_params_trigger_ui.py                                                         1           0  0.11s           2025-06-22T12:28:19                      10
/home/airflow/.local/lib/python3.12/site-packages/airflow/example_dags/example_latest_only_with_trigger.py                                                  1           0  0.11s           2025-06-22T12:28:24                      12
/home/airflow/.local/lib/python3.12/site-packages/airflow/example_dags/example_branch_operator_decorator.py                                                 1           0  0.11s           2025-06-22T12:28:21                      12
/home/airflow/.local/lib/python3.12/site-packages/airflow/example_dags/example_subdag_operator.py                                                           3           0  0.11s           2025-06-22T12:28:20                      20
/home/airflow/.local/lib/python3.12/site-packages/airflow/example_dags/example_branch_datetime_operator.py                                                  3           0  0.11s           2025-06-22T12:28:20                      18
/home/airflow/.local/lib/python3.12/site-packages/airflow/example_dags/example_kubernetes_executor.py                                                       1           0  0.10s           2025-06-22T12:28:25                      10
/home/airflow/.local/lib/python3.12/site-packages/airflow/example_dags/example_python_decorator.py                                                          1           0  0.10s           2025-06-22T12:28:19                      10
/home/airflow/.local/lib/python3.12/site-packages/airflow/example_dags/example_nested_branch_dag.py                                                         1           0  0.10s           2025-06-22T12:28:18                      12
/home/airflow/.local/lib/python3.12/site-packages/airflow/example_dags/example_short_circuit_decorator.py                                                   1           0  0.10s           2025-06-22T12:28:24                      10
/home/airflow/.local/lib/python3.12/site-packages/airflow/example_dags/example_workday_timetable.py                                                         1           0  0.10s           2025-06-22T12:28:20                      12
/home/airflow/.local/lib/python3.12/site-packages/airflow/example_dags/example_branch_python_dop_operator_3.py                                              1           0  0.10s           2025-06-22T12:28:21                      12
/home/airflow/.local/lib/python3.12/site-packages/airflow/example_dags/example_sensors.py                                                                   1           0  0.10s           2025-06-22T12:28:18                      10
/home/airflow/.local/lib/python3.12/site-packages/airflow/example_dags/example_bash_operator.py                                                             1           0  0.10s           2025-06-22T12:28:21                      12
/home/airflow/.local/lib/python3.12/site-packages/airflow/example_dags/example_xcom.py                                                                      1           0  0.10s           2025-06-22T12:28:21                      12
/home/airflow/.local/lib/python3.12/site-packages/airflow/example_dags/tutorial_taskflow_templates.py                                                       1           0  0.10s           2025-06-22T12:28:20                      12
/home/airflow/.local/lib/python3.12/site-packages/airflow/example_dags/example_params_ui_tutorial.py                                                        1           0  0.10s           2025-06-22T12:28:20                      10
/home/airflow/.local/lib/python3.12/site-packages/airflow/example_dags/example_xcomargs.py                                                                  2           0  0.10s           2025-06-22T12:28:20                      13
/home/airflow/.local/lib/python3.12/site-packages/airflow/example_dags/tutorial_dag.py                                                                      1           0  0.10s           2025-06-22T12:28:25                      10
/home/airflow/.local/lib/python3.12/site-packages/airflow/example_dags/example_task_group_decorator.py                                                      1           0  0.10s           2025-06-22T12:28:20                      10
/home/airflow/.local/lib/python3.12/site-packages/airflow/example_dags/tutorial_objectstorage.py                                                            1           0  0.10s           2025-06-22T12:28:20                      10
/home/airflow/.local/lib/python3.12/site-packages/airflow/example_dags/example_local_kubernetes_executor.py                                                 1           0  0.09s           2025-06-22T12:28:24                      10
/home/airflow/.local/lib/python3.12/site-packages/airflow/example_dags/tutorial.py                                                                          1           0  0.09s           2025-06-22T12:28:21                      12
/home/airflow/.local/lib/python3.12/site-packages/airflow/example_dags/example_setup_teardown.py                                                            1           0  0.09s           2025-06-22T12:28:24                      10
/home/airflow/.local/lib/python3.12/site-packages/airflow/example_dags/example_branch_day_of_week_operator.py                                               1           0  0.09s           2025-06-22T12:28:21                      12
/home/airflow/.local/lib/python3.12/site-packages/airflow/example_dags/example_complex.py                                                                   1           0  0.09s           2025-06-22T12:28:20                      10
/home/airflow/.local/lib/python3.12/site-packages/airflow/example_dags/example_skip_dag.py                                                                  1           0  0.09s           2025-06-22T12:28:21                      12
/home/airflow/.local/lib/python3.12/site-packages/airflow/example_dags/example_latest_only.py                                                               1           0  0.09s           2025-06-22T12:28:19                      12
/home/airflow/.local/lib/python3.12/site-packages/airflow/example_dags/example_task_group.py                                                                1           0  0.09s           2025-06-22T12:28:24                      10
/home/airflow/.local/lib/python3.12/site-packages/airflow/example_dags/example_dynamic_task_mapping_with_no_taskflow_operators.py                           1           0  0.09s           2025-06-22T12:28:24                      10
/home/airflow/.local/lib/python3.12/site-packages/airflow/example_dags/example_dynamic_task_mapping.py                                                      1           0  0.09s           2025-06-22T12:28:21                      10
/home/airflow/.local/lib/python3.12/site-packages/airflow/example_dags/example_external_task_marker_dag.py                                                  2           0  0.09s           2025-06-22T12:28:19                      13
/home/airflow/.local/lib/python3.12/site-packages/airflow/example_dags/example_python_operator.py                                                           1           0  0.09s           2025-06-22T12:28:21                      10
/home/airflow/.local/lib/python3.12/site-packages/airflow/example_dags/example_short_circuit_operator.py                                                    1           0  0.09s           2025-06-22T12:28:21                      10
/home/airflow/.local/lib/python3.12/site-packages/airflow/example_dags/example_trigger_controller_dag.py                                                    1           0  0.09s           2025-06-22T12:28:20                      12
/home/airflow/.local/lib/python3.12/site-packages/airflow/example_dags/example_setup_teardown_taskflow.py                                                   1           0  0.09s           2025-06-22T12:28:21                      10
/home/airflow/.local/lib/python3.12/site-packages/airflow/example_dags/example_time_delta_sensor_async.py                                                   1           0  0.09s           2025-06-22T12:28:20                      10
/home/airflow/.local/lib/python3.12/site-packages/airflow/example_dags/example_sensor_decorator.py                                                          1           0  0.08s           2025-06-22T12:28:21                      10
/home/airflow/.local/lib/python3.12/site-packages/airflow/example_dags/example_display_name.py                                                              1           0  0.08s           2025-06-22T12:28:21                      10
/home/airflow/.local/lib/python3.12/site-packages/airflow/example_dags/tutorial_taskflow_api_virtualenv.py                                                  1           0  0.08s           2025-06-22T12:28:20                      10
/home/airflow/.local/lib/python3.12/site-packages/airflow/example_dags/tutorial_taskflow_api.py                                                             1           0  0.08s           2025-06-22T12:28:21                      10
/home/airflow/.local/lib/python3.12/site-packages/airflow/example_dags/example_trigger_target_dag.py                                                        1           0  0.08s           2025-06-22T12:28:21                      10
/home/airflow/.local/lib/python3.12/site-packages/airflow/example_dags/plugins/listener_plugin.py                                                           0           0  0.05s           2025-06-22T12:28:25                       3
/home/airflow/.local/lib/python3.12/site-packages/airflow/example_dags/plugins/decreasing_priority_weight_strategy.py                                       0           0  0.05s           2025-06-22T12:28:25                       3
/home/airflow/.local/lib/python3.12/site-packages/airflow/example_dags/plugins/event_listener.py                                                            0           0  0.05s           2025-06-22T12:28:25                       3
/home/airflow/.local/lib/python3.12/site-packages/airflow/example_dags/subdags/subdag.py                                                                    0           0  0.05s           2025-06-22T12:28:25                       3
/home/airflow/.local/lib/python3.12/site-packages/airflow/example_dags/plugins/workday.py                                                                   0           0  0.04s           2025-06-22T12:28:25                       3
================================================================================
[2025-06-22T12:29:19.814+0000] {manager.py:997} INFO - 
================================================================================
DAG File Processing Stats

File Path                                                                                                                            PID  Runtime      # DAGs    # Errors  Last Runtime    Last Run               Last # of DB Queries
---------------------------------------------------------------------------------------------------------------------------------  -----  ---------  --------  ----------  --------------  -------------------  ----------------------
/home/airflow/.local/lib/python3.12/site-packages/airflow/example_dags/example_datasets.py                                                                 10           0  0.65s           2025-06-22T12:28:51                      49
/home/airflow/.local/lib/python3.12/site-packages/airflow/example_dags/example_dataset_alias.py                                                             4           0  0.61s           2025-06-22T12:28:55                      27
/home/airflow/.local/lib/python3.12/site-packages/airflow/example_dags/example_dataset_alias_with_no_taskflow.py                                            4           0  0.61s           2025-06-22T12:28:55                      27
/home/airflow/.local/lib/python3.12/site-packages/airflow/example_dags/example_outlet_event_extra.py                                                        3           0  0.60s           2025-06-22T12:28:56                      19
/home/airflow/.local/lib/python3.12/site-packages/airflow/example_dags/example_inlet_event_extra.py                                                         2           0  0.57s           2025-06-22T12:28:56                      15
/home/airflow/.local/lib/python3.12/site-packages/airflow/example_dags/example_dag_decorator.py                                                             1           0  0.24s           2025-06-22T12:28:52                      32
/home/airflow/.local/lib/python3.12/site-packages/airflow/example_dags/example_sla_dag.py                                                                   1           0  0.17s           2025-06-22T12:28:49                      28
/home/airflow/.local/lib/python3.12/site-packages/airflow/example_dags/example_params_trigger_ui.py                                                         1           0  0.13s           2025-06-22T12:28:50                      10
/home/airflow/.local/lib/python3.12/site-packages/airflow/example_dags/example_subdag_operator.py                                                           3           0  0.12s           2025-06-22T12:28:50                      20
/home/airflow/.local/lib/python3.12/site-packages/airflow/example_dags/example_python_decorator.py                                                          1           0  0.11s           2025-06-22T12:28:50                      10
/home/airflow/.local/lib/python3.12/site-packages/airflow/example_dags/example_branch_operator.py                                                           1           0  0.11s           2025-06-22T12:28:56                      12
/home/airflow/.local/lib/python3.12/site-packages/airflow/example_dags/example_nested_branch_dag.py                                                         1           0  0.11s           2025-06-22T12:28:49                      12
/home/airflow/.local/lib/python3.12/site-packages/airflow/example_dags/example_branch_operator_decorator.py                                                 1           0  0.11s           2025-06-22T12:28:52                      12
/home/airflow/.local/lib/python3.12/site-packages/airflow/example_dags/tutorial_taskflow_templates.py                                                       1           0  0.11s           2025-06-22T12:28:51                      12
/home/airflow/.local/lib/python3.12/site-packages/airflow/example_dags/example_branch_datetime_operator.py                                                  3           0  0.11s           2025-06-22T12:28:50                      18
/home/airflow/.local/lib/python3.12/site-packages/airflow/example_dags/example_params_ui_tutorial.py                                                        1           0  0.11s           2025-06-22T12:28:50                      10
/home/airflow/.local/lib/python3.12/site-packages/airflow/example_dags/example_xcom.py                                                                      1           0  0.11s           2025-06-22T12:28:52                      12
/home/airflow/.local/lib/python3.12/site-packages/airflow/example_dags/example_workday_timetable.py                                                         1           0  0.10s           2025-06-22T12:28:50                      12
/home/airflow/.local/lib/python3.12/site-packages/airflow/example_dags/example_local_kubernetes_executor.py                                                 1           0  0.10s           2025-06-22T12:28:55                      10
/home/airflow/.local/lib/python3.12/site-packages/airflow/example_dags/example_xcomargs.py                                                                  2           0  0.10s           2025-06-22T12:28:50                      13
/home/airflow/.local/lib/python3.12/site-packages/airflow/example_dags/example_bash_operator.py                                                             1           0  0.10s           2025-06-22T12:28:52                      12
/home/airflow/.local/lib/python3.12/site-packages/airflow/example_dags/example_sensors.py                                                                   1           0  0.10s           2025-06-22T12:28:49                      10
/home/airflow/.local/lib/python3.12/site-packages/airflow/example_dags/example_branch_python_dop_operator_3.py                                              1           0  0.10s           2025-06-22T12:28:52                      12
/home/airflow/.local/lib/python3.12/site-packages/airflow/example_dags/example_passing_params_via_test_command.py                    358  0.00s             1           0  0.10s           2025-06-22T12:28:48                      12
/home/airflow/.local/lib/python3.12/site-packages/airflow/example_dags/example_skip_dag.py                                                                  1           0  0.10s           2025-06-22T12:28:51                      12
/home/airflow/.local/lib/python3.12/site-packages/airflow/example_dags/example_latest_only_with_trigger.py                                                  1           0  0.10s           2025-06-22T12:28:55                      12
/home/airflow/.local/lib/python3.12/site-packages/airflow/example_dags/example_kubernetes_executor.py                                                       1           0  0.10s           2025-06-22T12:28:56                      10
/home/airflow/.local/lib/python3.12/site-packages/airflow/example_dags/example_task_group_decorator.py                                                      1           0  0.09s           2025-06-22T12:28:50                      10
/home/airflow/.local/lib/python3.12/site-packages/airflow/example_dags/tutorial_objectstorage.py                                                            1           0  0.09s           2025-06-22T12:28:51                      10
/home/airflow/.local/lib/python3.12/site-packages/airflow/example_dags/example_setup_teardown.py                                                            1           0  0.09s           2025-06-22T12:28:55                      10
/home/airflow/.local/lib/python3.12/site-packages/airflow/example_dags/example_complex.py                                                                   1           0  0.09s           2025-06-22T12:28:50                      10
/home/airflow/.local/lib/python3.12/site-packages/airflow/example_dags/example_task_group.py                                                                1           0  0.09s           2025-06-22T12:28:55                      10
/opt/airflow/dags/new_dag.py                                                                                                         357  0.01s             1           0  0.09s           2025-06-22T12:28:48                      10
/home/airflow/.local/lib/python3.12/site-packages/airflow/example_dags/example_trigger_controller_dag.py                                                    1           0  0.09s           2025-06-22T12:28:50                      12
/home/airflow/.local/lib/python3.12/site-packages/airflow/example_dags/tutorial.py                                                                          1           0  0.09s           2025-06-22T12:28:52                      12
/home/airflow/.local/lib/python3.12/site-packages/airflow/example_dags/example_display_name.py                                                              1           0  0.09s           2025-06-22T12:28:51                      10
/home/airflow/.local/lib/python3.12/site-packages/airflow/example_dags/example_short_circuit_decorator.py                                                   1           0  0.09s           2025-06-22T12:28:55                      10
/home/airflow/.local/lib/python3.12/site-packages/airflow/example_dags/example_sensor_decorator.py                                                          1           0  0.09s           2025-06-22T12:28:51                      10
/home/airflow/.local/lib/python3.12/site-packages/airflow/example_dags/example_short_circuit_operator.py                                                    1           0  0.09s           2025-06-22T12:28:51                      10
/home/airflow/.local/lib/python3.12/site-packages/airflow/example_dags/example_branch_labels.py                                                             1           0  0.09s           2025-06-22T12:28:55                      12
/home/airflow/.local/lib/python3.12/site-packages/airflow/example_dags/example_latest_only.py                                                               1           0  0.09s           2025-06-22T12:28:50                      12
/home/airflow/.local/lib/python3.12/site-packages/airflow/example_dags/example_branch_day_of_week_operator.py                                               1           0  0.09s           2025-06-22T12:28:51                      12
/home/airflow/.local/lib/python3.12/site-packages/airflow/example_dags/example_external_task_marker_dag.py                                                  2           0  0.09s           2025-06-22T12:28:50                      13
/home/airflow/.local/lib/python3.12/site-packages/airflow/example_dags/example_bash_decorator.py                                                            1           0  0.09s           2025-06-22T12:28:55                      10
/home/airflow/.local/lib/python3.12/site-packages/airflow/example_dags/example_dynamic_task_mapping.py                                                      1           0  0.09s           2025-06-22T12:28:51                      10
/home/airflow/.local/lib/python3.12/site-packages/airflow/example_dags/example_setup_teardown_taskflow.py                                                   1           0  0.09s           2025-06-22T12:28:52                      10
/home/airflow/.local/lib/python3.12/site-packages/airflow/example_dags/example_dynamic_task_mapping_with_no_taskflow_operators.py                           1           0  0.09s           2025-06-22T12:28:55                      10
/home/airflow/.local/lib/python3.12/site-packages/airflow/example_dags/tutorial_taskflow_api_virtualenv.py                                                  1           0  0.09s           2025-06-22T12:28:51                      10
/home/airflow/.local/lib/python3.12/site-packages/airflow/example_dags/example_python_operator.py                                                           1           0  0.09s           2025-06-22T12:28:52                      10
/home/airflow/.local/lib/python3.12/site-packages/airflow/example_dags/example_time_delta_sensor_async.py                                                   1           0  0.08s           2025-06-22T12:28:50                      10
/home/airflow/.local/lib/python3.12/site-packages/airflow/example_dags/tutorial_taskflow_api.py                                                             1           0  0.08s           2025-06-22T12:28:51                      10
/home/airflow/.local/lib/python3.12/site-packages/airflow/example_dags/tutorial_dag.py                                                                      1           0  0.08s           2025-06-22T12:28:56                      10
/home/airflow/.local/lib/python3.12/site-packages/airflow/example_dags/example_trigger_target_dag.py                                                        1           0  0.08s           2025-06-22T12:28:52                      10
/home/airflow/.local/lib/python3.12/site-packages/airflow/example_dags/subdags/subdag.py                                                                    0           0  0.05s           2025-06-22T12:28:56                       3
/home/airflow/.local/lib/python3.12/site-packages/airflow/example_dags/plugins/workday.py                                                                   0           0  0.05s           2025-06-22T12:28:56                       3
/home/airflow/.local/lib/python3.12/site-packages/airflow/example_dags/plugins/decreasing_priority_weight_strategy.py                                       0           0  0.05s           2025-06-22T12:28:56                       3
/home/airflow/.local/lib/python3.12/site-packages/airflow/example_dags/plugins/listener_plugin.py                                                           0           0  0.05s           2025-06-22T12:28:56                       3
/home/airflow/.local/lib/python3.12/site-packages/airflow/example_dags/plugins/event_listener.py                                                            0           0  0.04s           2025-06-22T12:28:56                       3
================================================================================
[2025-06-22T12:29:50.413+0000] {manager.py:997} INFO - 
================================================================================
DAG File Processing Stats

File Path                                                                                                                            PID  Runtime      # DAGs    # Errors  Last Runtime    Last Run               Last # of DB Queries
---------------------------------------------------------------------------------------------------------------------------------  -----  ---------  --------  ----------  --------------  -------------------  ----------------------
/home/airflow/.local/lib/python3.12/site-packages/airflow/example_dags/example_datasets.py                                                                 10           0  0.61s           2025-06-22T12:29:22                      49
/home/airflow/.local/lib/python3.12/site-packages/airflow/example_dags/example_dataset_alias_with_no_taskflow.py                                            4           0  0.59s           2025-06-22T12:29:25                      27
/home/airflow/.local/lib/python3.12/site-packages/airflow/example_dags/example_dataset_alias.py                                                             4           0  0.57s           2025-06-22T12:29:25                      27
/home/airflow/.local/lib/python3.12/site-packages/airflow/example_dags/example_outlet_event_extra.py                                                        3           0  0.57s           2025-06-22T12:29:26                      19
/home/airflow/.local/lib/python3.12/site-packages/airflow/example_dags/example_inlet_event_extra.py                                                         2           0  0.55s           2025-06-22T12:29:26                      15
/home/airflow/.local/lib/python3.12/site-packages/airflow/example_dags/example_dag_decorator.py                                                             1           0  0.23s           2025-06-22T12:29:23                      32
/home/airflow/.local/lib/python3.12/site-packages/airflow/example_dags/example_short_circuit_operator.py                                                    1           0  0.13s           2025-06-22T12:29:22                      10
/home/airflow/.local/lib/python3.12/site-packages/airflow/example_dags/example_workday_timetable.py                                                         1           0  0.12s           2025-06-22T12:29:21                      12
/home/airflow/.local/lib/python3.12/site-packages/airflow/example_dags/example_subdag_operator.py                                                           3           0  0.12s           2025-06-22T12:29:21                      20
/home/airflow/.local/lib/python3.12/site-packages/airflow/example_dags/example_params_ui_tutorial.py                                                        1           0  0.11s           2025-06-22T12:29:21                      10
/home/airflow/.local/lib/python3.12/site-packages/airflow/example_dags/example_sla_dag.py                                                                   1           0  0.11s           2025-06-22T12:29:20                      16
/home/airflow/.local/lib/python3.12/site-packages/airflow/example_dags/example_complex.py                                                                   1           0  0.11s           2025-06-22T12:29:21                      10
/home/airflow/.local/lib/python3.12/site-packages/airflow/example_dags/example_task_group_decorator.py                                                      1           0  0.11s           2025-06-22T12:29:21                      10
/home/airflow/.local/lib/python3.12/site-packages/airflow/example_dags/example_branch_operator_decorator.py                                                 1           0  0.10s           2025-06-22T12:29:22                      12
/home/airflow/.local/lib/python3.12/site-packages/airflow/example_dags/example_branch_datetime_operator.py                                                  3           0  0.10s           2025-06-22T12:29:21                      18
/home/airflow/.local/lib/python3.12/site-packages/airflow/example_dags/example_branch_operator.py                                                           1           0  0.10s           2025-06-22T12:29:27                      12
/home/airflow/.local/lib/python3.12/site-packages/airflow/example_dags/example_params_trigger_ui.py                                                         1           0  0.10s           2025-06-22T12:29:21                      10
/home/airflow/.local/lib/python3.12/site-packages/airflow/example_dags/tutorial_taskflow_templates.py                                                       1           0  0.10s           2025-06-22T12:29:21                      12
/home/airflow/.local/lib/python3.12/site-packages/airflow/example_dags/example_passing_params_via_test_command.py                    428  0.00s             1           0  0.10s           2025-06-22T12:29:19                      12
/home/airflow/.local/lib/python3.12/site-packages/airflow/example_dags/example_bash_operator.py                                                             1           0  0.10s           2025-06-22T12:29:23                      12
/home/airflow/.local/lib/python3.12/site-packages/airflow/example_dags/example_branch_python_dop_operator_3.py                                              1           0  0.09s           2025-06-22T12:29:23                      12
/home/airflow/.local/lib/python3.12/site-packages/airflow/example_dags/tutorial.py                                                                          1           0  0.09s           2025-06-22T12:29:23                      12
/home/airflow/.local/lib/python3.12/site-packages/airflow/example_dags/example_skip_dag.py                                                                  1           0  0.09s           2025-06-22T12:29:22                      12
/home/airflow/.local/lib/python3.12/site-packages/airflow/example_dags/example_branch_labels.py                                                             1           0  0.09s           2025-06-22T12:29:26                      12
/home/airflow/.local/lib/python3.12/site-packages/airflow/example_dags/example_xcomargs.py                                                                  2           0  0.09s           2025-06-22T12:29:21                      13
/home/airflow/.local/lib/python3.12/site-packages/airflow/example_dags/example_bash_decorator.py                                                            1           0  0.09s           2025-06-22T12:29:26                      10
/opt/airflow/dags/new_dag.py                                                                                                         427  0.01s             1           0  0.09s           2025-06-22T12:29:19                      10
/home/airflow/.local/lib/python3.12/site-packages/airflow/example_dags/example_kubernetes_executor.py                                                       1           0  0.09s           2025-06-22T12:29:27                      10
/home/airflow/.local/lib/python3.12/site-packages/airflow/example_dags/example_local_kubernetes_executor.py                                                 1           0  0.09s           2025-06-22T12:29:25                      10
/home/airflow/.local/lib/python3.12/site-packages/airflow/example_dags/example_latest_only_with_trigger.py                                                  1           0  0.09s           2025-06-22T12:29:26                      12
/home/airflow/.local/lib/python3.12/site-packages/airflow/example_dags/example_python_decorator.py                                                          1           0  0.09s           2025-06-22T12:29:21                      10
/home/airflow/.local/lib/python3.12/site-packages/airflow/example_dags/example_nested_branch_dag.py                                                         1           0  0.09s           2025-06-22T12:29:19                      12
/home/airflow/.local/lib/python3.12/site-packages/airflow/example_dags/example_display_name.py                                                              1           0  0.09s           2025-06-22T12:29:22                      10
/home/airflow/.local/lib/python3.12/site-packages/airflow/example_dags/example_sensors.py                                                                   1           0  0.09s           2025-06-22T12:29:19                      10
/home/airflow/.local/lib/python3.12/site-packages/airflow/example_dags/example_branch_day_of_week_operator.py                                               1           0  0.09s           2025-06-22T12:29:22                      12
/home/airflow/.local/lib/python3.12/site-packages/airflow/example_dags/example_trigger_controller_dag.py                                                    1           0  0.09s           2025-06-22T12:29:21                      12
/home/airflow/.local/lib/python3.12/site-packages/airflow/example_dags/example_latest_only.py                                                               1           0  0.09s           2025-06-22T12:29:21                      12
/home/airflow/.local/lib/python3.12/site-packages/airflow/example_dags/example_short_circuit_decorator.py                                                   1           0  0.09s           2025-06-22T12:29:26                      10
/home/airflow/.local/lib/python3.12/site-packages/airflow/example_dags/example_sensor_decorator.py                                                          1           0  0.09s           2025-06-22T12:29:22                      10
/home/airflow/.local/lib/python3.12/site-packages/airflow/example_dags/example_xcom.py                                                                      1           0  0.09s           2025-06-22T12:29:22                      12
/home/airflow/.local/lib/python3.12/site-packages/airflow/example_dags/example_setup_teardown.py                                                            1           0  0.09s           2025-06-22T12:29:26                      10
/home/airflow/.local/lib/python3.12/site-packages/airflow/example_dags/tutorial_objectstorage.py                                                            1           0  0.09s           2025-06-22T12:29:21                      10
/home/airflow/.local/lib/python3.12/site-packages/airflow/example_dags/example_time_delta_sensor_async.py                                                   1           0  0.09s           2025-06-22T12:29:21                      10
/home/airflow/.local/lib/python3.12/site-packages/airflow/example_dags/example_external_task_marker_dag.py                                                  2           0  0.08s           2025-06-22T12:29:21                      13
/home/airflow/.local/lib/python3.12/site-packages/airflow/example_dags/example_python_operator.py                                                           1           0  0.08s           2025-06-22T12:29:23                      10
/home/airflow/.local/lib/python3.12/site-packages/airflow/example_dags/tutorial_taskflow_api_virtualenv.py                                                  1           0  0.08s           2025-06-22T12:29:21                      10
/home/airflow/.local/lib/python3.12/site-packages/airflow/example_dags/example_task_group.py                                                                1           0  0.08s           2025-06-22T12:29:25                      10
/home/airflow/.local/lib/python3.12/site-packages/airflow/example_dags/tutorial_dag.py                                                                      1           0  0.08s           2025-06-22T12:29:27                      10
/home/airflow/.local/lib/python3.12/site-packages/airflow/example_dags/example_setup_teardown_taskflow.py                                                   1           0  0.08s           2025-06-22T12:29:22                      10
/home/airflow/.local/lib/python3.12/site-packages/airflow/example_dags/tutorial_taskflow_api.py                                                             1           0  0.08s           2025-06-22T12:29:22                      10
/home/airflow/.local/lib/python3.12/site-packages/airflow/example_dags/example_dynamic_task_mapping.py                                                      1           0  0.08s           2025-06-22T12:29:22                      10
/home/airflow/.local/lib/python3.12/site-packages/airflow/example_dags/example_dynamic_task_mapping_with_no_taskflow_operators.py                           1           0  0.08s           2025-06-22T12:29:25                      10
/home/airflow/.local/lib/python3.12/site-packages/airflow/example_dags/example_trigger_target_dag.py                                                        1           0  0.08s           2025-06-22T12:29:22                      10
/home/airflow/.local/lib/python3.12/site-packages/airflow/example_dags/plugins/workday.py                                                                   0           0  0.05s           2025-06-22T12:29:27                       3
/home/airflow/.local/lib/python3.12/site-packages/airflow/example_dags/plugins/event_listener.py                                                            0           0  0.05s           2025-06-22T12:29:27                       3
/home/airflow/.local/lib/python3.12/site-packages/airflow/example_dags/subdags/subdag.py                                                                    0           0  0.05s           2025-06-22T12:29:27                       3
/home/airflow/.local/lib/python3.12/site-packages/airflow/example_dags/plugins/listener_plugin.py                                                           0           0  0.04s           2025-06-22T12:29:27                       3
/home/airflow/.local/lib/python3.12/site-packages/airflow/example_dags/plugins/decreasing_priority_weight_strategy.py                                       0           0  0.04s           2025-06-22T12:29:27                       3
================================================================================
[2025-06-22T12:30:21.015+0000] {manager.py:997} INFO - 
================================================================================
DAG File Processing Stats

File Path                                                                                                                            PID  Runtime      # DAGs    # Errors  Last Runtime    Last Run               Last # of DB Queries
---------------------------------------------------------------------------------------------------------------------------------  -----  ---------  --------  ----------  --------------  -------------------  ----------------------
/home/airflow/.local/lib/python3.12/site-packages/airflow/example_dags/example_inlet_event_extra.py                                                         2           0  0.63s           2025-06-22T12:29:58                      15
/home/airflow/.local/lib/python3.12/site-packages/airflow/example_dags/example_datasets.py                                                                 10           0  0.62s           2025-06-22T12:29:53                      49
/home/airflow/.local/lib/python3.12/site-packages/airflow/example_dags/example_outlet_event_extra.py                                                        3           0  0.62s           2025-06-22T12:29:58                      19
/home/airflow/.local/lib/python3.12/site-packages/airflow/example_dags/example_dataset_alias_with_no_taskflow.py                                            4           0  0.60s           2025-06-22T12:29:57                      27
/home/airflow/.local/lib/python3.12/site-packages/airflow/example_dags/example_dataset_alias.py                                                             4           0  0.58s           2025-06-22T12:29:57                      27
/home/airflow/.local/lib/python3.12/site-packages/airflow/example_dags/example_dag_decorator.py                                                             1           0  0.24s           2025-06-22T12:29:53                      32
/home/airflow/.local/lib/python3.12/site-packages/airflow/example_dags/example_workday_timetable.py                                                         1           0  0.11s           2025-06-22T12:29:52                      12
/home/airflow/.local/lib/python3.12/site-packages/airflow/example_dags/tutorial_taskflow_templates.py                                                       1           0  0.11s           2025-06-22T12:29:52                      12
/home/airflow/.local/lib/python3.12/site-packages/airflow/example_dags/example_branch_operator_decorator.py                                                 1           0  0.11s           2025-06-22T12:29:53                      12
/home/airflow/.local/lib/python3.12/site-packages/airflow/example_dags/example_branch_operator.py                                                           1           0  0.11s           2025-06-22T12:29:58                      12
/home/airflow/.local/lib/python3.12/site-packages/airflow/example_dags/example_branch_datetime_operator.py                                                  3           0  0.10s           2025-06-22T12:29:52                      18
/home/airflow/.local/lib/python3.12/site-packages/airflow/example_dags/example_subdag_operator.py                                                           3           0  0.10s           2025-06-22T12:29:52                      20
/home/airflow/.local/lib/python3.12/site-packages/airflow/example_dags/example_passing_params_via_test_command.py                    498  0.00s             1           0  0.10s           2025-06-22T12:29:50                      12
/opt/airflow/dags/new_dag.py                                                                                                         497  0.01s             1           0  0.10s           2025-06-22T12:29:50                      10
/home/airflow/.local/lib/python3.12/site-packages/airflow/example_dags/example_bash_operator.py                                                             1           0  0.10s           2025-06-22T12:29:53                      12
/home/airflow/.local/lib/python3.12/site-packages/airflow/example_dags/example_branch_labels.py                                                             1           0  0.10s           2025-06-22T12:29:57                      12
/home/airflow/.local/lib/python3.12/site-packages/airflow/example_dags/example_nested_branch_dag.py                                                         1           0  0.10s           2025-06-22T12:29:50                      12
/home/airflow/.local/lib/python3.12/site-packages/airflow/example_dags/example_params_trigger_ui.py                                                         1           0  0.10s           2025-06-22T12:29:51                      10
/home/airflow/.local/lib/python3.12/site-packages/airflow/example_dags/example_display_name.py                                                              1           0  0.10s           2025-06-22T12:29:52                      10
/home/airflow/.local/lib/python3.12/site-packages/airflow/example_dags/example_sensor_decorator.py                                                          1           0  0.10s           2025-06-22T12:29:52                      10
/home/airflow/.local/lib/python3.12/site-packages/airflow/example_dags/example_branch_python_dop_operator_3.py                                              1           0  0.10s           2025-06-22T12:29:53                      12
/home/airflow/.local/lib/python3.12/site-packages/airflow/example_dags/example_params_ui_tutorial.py                                                        1           0  0.10s           2025-06-22T12:29:51                      10
/home/airflow/.local/lib/python3.12/site-packages/airflow/example_dags/example_kubernetes_executor.py                                                       1           0  0.10s           2025-06-22T12:29:58                      10
/home/airflow/.local/lib/python3.12/site-packages/airflow/example_dags/example_local_kubernetes_executor.py                                                 1           0  0.10s           2025-06-22T12:29:57                      10
/home/airflow/.local/lib/python3.12/site-packages/airflow/example_dags/example_xcomargs.py                                                                  2           0  0.09s           2025-06-22T12:29:52                      13
/home/airflow/.local/lib/python3.12/site-packages/airflow/example_dags/tutorial_taskflow_api_virtualenv.py                                                  1           0  0.09s           2025-06-22T12:29:52                      10
/home/airflow/.local/lib/python3.12/site-packages/airflow/example_dags/example_task_group_decorator.py                                                      1           0  0.09s           2025-06-22T12:29:52                      10
/home/airflow/.local/lib/python3.12/site-packages/airflow/example_dags/example_complex.py                                                                   1           0  0.09s           2025-06-22T12:29:51                      10
/home/airflow/.local/lib/python3.12/site-packages/airflow/example_dags/tutorial.py                                                                          1           0  0.09s           2025-06-22T12:29:53                      12
/home/airflow/.local/lib/python3.12/site-packages/airflow/example_dags/example_latest_only_with_trigger.py                                                  1           0  0.09s           2025-06-22T12:29:57                      12
/home/airflow/.local/lib/python3.12/site-packages/airflow/example_dags/tutorial_objectstorage.py                                                            1           0  0.09s           2025-06-22T12:29:52                      10
/home/airflow/.local/lib/python3.12/site-packages/airflow/example_dags/example_xcom.py                                                                      1           0  0.09s           2025-06-22T12:29:52                      12
/home/airflow/.local/lib/python3.12/site-packages/airflow/example_dags/example_branch_day_of_week_operator.py                                               1           0  0.09s           2025-06-22T12:29:52                      12
/home/airflow/.local/lib/python3.12/site-packages/airflow/example_dags/example_bash_decorator.py                                                            1           0  0.09s           2025-06-22T12:29:57                      10
/home/airflow/.local/lib/python3.12/site-packages/airflow/example_dags/example_python_decorator.py                                                          1           0  0.09s           2025-06-22T12:29:51                      10
/home/airflow/.local/lib/python3.12/site-packages/airflow/example_dags/example_sensors.py                                                                   1           0  0.09s           2025-06-22T12:29:50                      10
/home/airflow/.local/lib/python3.12/site-packages/airflow/example_dags/example_sla_dag.py                                                                   1           0  0.09s           2025-06-22T12:29:50                      12
/home/airflow/.local/lib/python3.12/site-packages/airflow/example_dags/example_trigger_controller_dag.py                                                    1           0  0.09s           2025-06-22T12:29:52                      12
/home/airflow/.local/lib/python3.12/site-packages/airflow/example_dags/example_skip_dag.py                                                                  1           0  0.09s           2025-06-22T12:29:52                      12
/home/airflow/.local/lib/python3.12/site-packages/airflow/example_dags/example_latest_only.py                                                               1           0  0.09s           2025-06-22T12:29:51                      12
/home/airflow/.local/lib/python3.12/site-packages/airflow/example_dags/example_python_operator.py                                                           1           0  0.09s           2025-06-22T12:29:53                      10
/home/airflow/.local/lib/python3.12/site-packages/airflow/example_dags/example_short_circuit_decorator.py                                                   1           0  0.09s           2025-06-22T12:29:57                      10
/home/airflow/.local/lib/python3.12/site-packages/airflow/example_dags/example_external_task_marker_dag.py                                                  2           0  0.08s           2025-06-22T12:29:51                      13
/home/airflow/.local/lib/python3.12/site-packages/airflow/example_dags/example_task_group.py                                                                1           0  0.08s           2025-06-22T12:29:57                      10
/home/airflow/.local/lib/python3.12/site-packages/airflow/example_dags/example_setup_teardown.py                                                            1           0  0.08s           2025-06-22T12:29:57                      10
/home/airflow/.local/lib/python3.12/site-packages/airflow/example_dags/example_time_delta_sensor_async.py                                                   1           0  0.08s           2025-06-22T12:29:52                      10
/home/airflow/.local/lib/python3.12/site-packages/airflow/example_dags/example_setup_teardown_taskflow.py                                                   1           0  0.08s           2025-06-22T12:29:52                      10
/home/airflow/.local/lib/python3.12/site-packages/airflow/example_dags/tutorial_taskflow_api.py                                                             1           0  0.08s           2025-06-22T12:29:52                      10
/home/airflow/.local/lib/python3.12/site-packages/airflow/example_dags/example_short_circuit_operator.py                                                    1           0  0.08s           2025-06-22T12:29:52                      10
/home/airflow/.local/lib/python3.12/site-packages/airflow/example_dags/example_dynamic_task_mapping.py                                                      1           0  0.08s           2025-06-22T12:29:52                      10
/home/airflow/.local/lib/python3.12/site-packages/airflow/example_dags/example_dynamic_task_mapping_with_no_taskflow_operators.py                           1           0  0.08s           2025-06-22T12:29:57                      10
/home/airflow/.local/lib/python3.12/site-packages/airflow/example_dags/example_trigger_target_dag.py                                                        1           0  0.08s           2025-06-22T12:29:53                      10
/home/airflow/.local/lib/python3.12/site-packages/airflow/example_dags/tutorial_dag.py                                                                      1           0  0.08s           2025-06-22T12:29:58                      10
/home/airflow/.local/lib/python3.12/site-packages/airflow/example_dags/plugins/decreasing_priority_weight_strategy.py                                       0           0  0.05s           2025-06-22T12:29:58                       3
/home/airflow/.local/lib/python3.12/site-packages/airflow/example_dags/plugins/listener_plugin.py                                                           0           0  0.05s           2025-06-22T12:29:58                       3
/home/airflow/.local/lib/python3.12/site-packages/airflow/example_dags/plugins/workday.py                                                                   0           0  0.04s           2025-06-22T12:29:58                       3
/home/airflow/.local/lib/python3.12/site-packages/airflow/example_dags/plugins/event_listener.py                                                            0           0  0.04s           2025-06-22T12:29:58                       3
/home/airflow/.local/lib/python3.12/site-packages/airflow/example_dags/subdags/subdag.py                                                                    0           0  0.04s           2025-06-22T12:29:58                       3
================================================================================
[2025-06-22T12:30:40.763+0000] {manager.py:465} INFO - Exiting gracefully upon receiving signal 15
[2025-06-22T12:37:46.436+0000] {manager.py:483} INFO - Processing files using up to 2 processes at a time 
[2025-06-22T12:37:46.437+0000] {manager.py:484} INFO - Process each file at most once every 30 seconds
[2025-06-22T12:37:46.437+0000] {manager.py:485} INFO - Checking for new files in /opt/airflow/dags every 300 seconds
[2025-06-22T12:37:46.438+0000] {manager.py:821} INFO - Searching for files in /opt/airflow/dags
[2025-06-22T12:37:46.464+0000] {manager.py:824} INFO - There are 58 files in /opt/airflow/dags
[2025-06-22T12:37:46.587+0000] {manager.py:997} INFO - 
================================================================================
DAG File Processing Stats

File Path                                                                                                                            PID  Runtime      # DAGs    # Errors  Last Runtime    Last Run      Last # of DB Queries
---------------------------------------------------------------------------------------------------------------------------------  -----  ---------  --------  ----------  --------------  ----------  ----------------------
/opt/airflow/dags/new_dag.py                                                                                                          85  0.06s             0           0                                                   0
/home/airflow/.local/lib/python3.12/site-packages/airflow/example_dags/example_passing_params_via_test_command.py                     86  0.02s             0           0                                                   0
/home/airflow/.local/lib/python3.12/site-packages/airflow/example_dags/example_sensors.py                                                                   0           0                                                   0
/home/airflow/.local/lib/python3.12/site-packages/airflow/example_dags/example_nested_branch_dag.py                                                         0           0                                                   0
/home/airflow/.local/lib/python3.12/site-packages/airflow/example_dags/example_python_decorator.py                                                          0           0                                                   0
/home/airflow/.local/lib/python3.12/site-packages/airflow/example_dags/example_datasets.py                                                                  0           0                                                   0
/home/airflow/.local/lib/python3.12/site-packages/airflow/example_dags/example_params_trigger_ui.py                                                         0           0                                                   0
/home/airflow/.local/lib/python3.12/site-packages/airflow/example_dags/example_external_task_marker_dag.py                                                  0           0                                                   0
/home/airflow/.local/lib/python3.12/site-packages/airflow/example_dags/example_latest_only.py                                                               0           0                                                   0
/home/airflow/.local/lib/python3.12/site-packages/airflow/example_dags/example_params_ui_tutorial.py                                                        0           0                                                   0
/home/airflow/.local/lib/python3.12/site-packages/airflow/example_dags/example_complex.py                                                                   0           0                                                   0
/home/airflow/.local/lib/python3.12/site-packages/airflow/example_dags/example_subdag_operator.py                                                           0           0                                                   0
/home/airflow/.local/lib/python3.12/site-packages/airflow/example_dags/example_task_group_decorator.py                                                      0           0                                                   0
/home/airflow/.local/lib/python3.12/site-packages/airflow/example_dags/example_time_delta_sensor_async.py                                                   0           0                                                   0
/home/airflow/.local/lib/python3.12/site-packages/airflow/example_dags/example_xcomargs.py                                                                  0           0                                                   0
/home/airflow/.local/lib/python3.12/site-packages/airflow/example_dags/example_branch_datetime_operator.py                                                  0           0                                                   0
/home/airflow/.local/lib/python3.12/site-packages/airflow/example_dags/example_workday_timetable.py                                                         0           0                                                   0
/home/airflow/.local/lib/python3.12/site-packages/airflow/example_dags/example_trigger_controller_dag.py                                                    0           0                                                   0
/home/airflow/.local/lib/python3.12/site-packages/airflow/example_dags/tutorial_objectstorage.py                                                            0           0                                                   0
/home/airflow/.local/lib/python3.12/site-packages/airflow/example_dags/tutorial_taskflow_templates.py                                                       0           0                                                   0
/home/airflow/.local/lib/python3.12/site-packages/airflow/example_dags/tutorial_taskflow_api_virtualenv.py                                                  0           0                                                   0
/home/airflow/.local/lib/python3.12/site-packages/airflow/example_dags/example_display_name.py                                                              0           0                                                   0
/home/airflow/.local/lib/python3.12/site-packages/airflow/example_dags/example_sensor_decorator.py                                                          0           0                                                   0
/home/airflow/.local/lib/python3.12/site-packages/airflow/example_dags/example_short_circuit_operator.py                                                    0           0                                                   0
/home/airflow/.local/lib/python3.12/site-packages/airflow/example_dags/example_skip_dag.py                                                                  0           0                                                   0
/home/airflow/.local/lib/python3.12/site-packages/airflow/example_dags/example_branch_day_of_week_operator.py                                               0           0                                                   0
/home/airflow/.local/lib/python3.12/site-packages/airflow/example_dags/tutorial_taskflow_api.py                                                             0           0                                                   0
/home/airflow/.local/lib/python3.12/site-packages/airflow/example_dags/example_dynamic_task_mapping.py                                                      0           0                                                   0
/home/airflow/.local/lib/python3.12/site-packages/airflow/example_dags/example_xcom.py                                                                      0           0                                                   0
/home/airflow/.local/lib/python3.12/site-packages/airflow/example_dags/example_setup_teardown_taskflow.py                                                   0           0                                                   0
/home/airflow/.local/lib/python3.12/site-packages/airflow/example_dags/example_branch_operator_decorator.py                                                 0           0                                                   0
/home/airflow/.local/lib/python3.12/site-packages/airflow/example_dags/example_dag_decorator.py                                                             0           0                                                   0
/home/airflow/.local/lib/python3.12/site-packages/airflow/example_dags/example_trigger_target_dag.py                                                        0           0                                                   0
/home/airflow/.local/lib/python3.12/site-packages/airflow/example_dags/example_bash_operator.py                                                             0           0                                                   0
/home/airflow/.local/lib/python3.12/site-packages/airflow/example_dags/example_python_operator.py                                                           0           0                                                   0
/home/airflow/.local/lib/python3.12/site-packages/airflow/example_dags/example_dataset_alias_with_no_taskflow.py                                            0           0                                                   0
/home/airflow/.local/lib/python3.12/site-packages/airflow/example_dags/tutorial.py                                                                          0           0                                                   0
/home/airflow/.local/lib/python3.12/site-packages/airflow/example_dags/example_branch_python_dop_operator_3.py                                              0           0                                                   0
/home/airflow/.local/lib/python3.12/site-packages/airflow/example_dags/example_dataset_alias.py                                                             0           0                                                   0
/home/airflow/.local/lib/python3.12/site-packages/airflow/example_dags/example_outlet_event_extra.py                                                        0           0                                                   0
/home/airflow/.local/lib/python3.12/site-packages/airflow/example_dags/example_task_group.py                                                                0           0                                                   0
/home/airflow/.local/lib/python3.12/site-packages/airflow/example_dags/example_local_kubernetes_executor.py                                                 0           0                                                   0
/home/airflow/.local/lib/python3.12/site-packages/airflow/example_dags/example_dynamic_task_mapping_with_no_taskflow_operators.py                           0           0                                                   0
/home/airflow/.local/lib/python3.12/site-packages/airflow/example_dags/example_setup_teardown.py                                                            0           0                                                   0
/home/airflow/.local/lib/python3.12/site-packages/airflow/example_dags/example_short_circuit_decorator.py                                                   0           0                                                   0
/home/airflow/.local/lib/python3.12/site-packages/airflow/example_dags/example_latest_only_with_trigger.py                                                  0           0                                                   0
/home/airflow/.local/lib/python3.12/site-packages/airflow/example_dags/example_inlet_event_extra.py                                                         0           0                                                   0
/home/airflow/.local/lib/python3.12/site-packages/airflow/example_dags/example_branch_labels.py                                                             0           0                                                   0
/home/airflow/.local/lib/python3.12/site-packages/airflow/example_dags/example_bash_decorator.py                                                            0           0                                                   0
/home/airflow/.local/lib/python3.12/site-packages/airflow/example_dags/example_branch_operator.py                                                           0           0                                                   0
/home/airflow/.local/lib/python3.12/site-packages/airflow/example_dags/example_sla_dag.py                                                                   0           0                                                   0
/home/airflow/.local/lib/python3.12/site-packages/airflow/example_dags/example_kubernetes_executor.py                                                       0           0                                                   0
/home/airflow/.local/lib/python3.12/site-packages/airflow/example_dags/tutorial_dag.py                                                                      0           0                                                   0
/home/airflow/.local/lib/python3.12/site-packages/airflow/example_dags/subdags/subdag.py                                                                    0           0                                                   0
/home/airflow/.local/lib/python3.12/site-packages/airflow/example_dags/plugins/workday.py                                                                   0           0                                                   0
/home/airflow/.local/lib/python3.12/site-packages/airflow/example_dags/plugins/event_listener.py                                                            0           0                                                   0
/home/airflow/.local/lib/python3.12/site-packages/airflow/example_dags/plugins/listener_plugin.py                                                           0           0                                                   0
/home/airflow/.local/lib/python3.12/site-packages/airflow/example_dags/plugins/decreasing_priority_weight_strategy.py                                       0           0                                                   0
================================================================================
[2025-06-22T12:38:16.640+0000] {manager.py:997} INFO - 
================================================================================
DAG File Processing Stats

File Path                                                                                                                          PID    Runtime      # DAGs    # Errors  Last Runtime    Last Run               Last # of DB Queries
---------------------------------------------------------------------------------------------------------------------------------  -----  ---------  --------  ----------  --------------  -------------------  ----------------------
/home/airflow/.local/lib/python3.12/site-packages/airflow/example_dags/example_datasets.py                                                                 10           0  2.49s           2025-06-22T12:37:49                     379
/home/airflow/.local/lib/python3.12/site-packages/airflow/example_dags/example_dataset_alias_with_no_taskflow.py                                            4           0  2.47s           2025-06-22T12:37:57                     157
/home/airflow/.local/lib/python3.12/site-packages/airflow/example_dags/example_dataset_alias.py                                                             4           0  2.37s           2025-06-22T12:37:58                     157
/home/airflow/.local/lib/python3.12/site-packages/airflow/example_dags/example_inlet_event_extra.py                                                         2           0  2.18s           2025-06-22T12:38:02                      81
/home/airflow/.local/lib/python3.12/site-packages/airflow/example_dags/example_outlet_event_extra.py                                                        3           0  2.18s           2025-06-22T12:37:59                     118
/home/airflow/.local/lib/python3.12/site-packages/airflow/example_dags/example_dag_decorator.py                                                             1           0  1.19s           2025-06-22T12:37:54                      43
/home/airflow/.local/lib/python3.12/site-packages/airflow/example_dags/example_kubernetes_executor.py                                                       1           0  0.80s           2025-06-22T12:38:03                      43
/home/airflow/.local/lib/python3.12/site-packages/airflow/example_dags/example_sla_dag.py                                                                   1           0  0.80s           2025-06-22T12:38:03                      45
/home/airflow/.local/lib/python3.12/site-packages/airflow/example_dags/example_branch_operator.py                                                           1           0  0.79s           2025-06-22T12:38:02                      45
/home/airflow/.local/lib/python3.12/site-packages/airflow/example_dags/example_branch_python_dop_operator_3.py                                              1           0  0.68s           2025-06-22T12:37:56                      45
/home/airflow/.local/lib/python3.12/site-packages/airflow/example_dags/example_bash_operator.py                                                             1           0  0.61s           2025-06-22T12:37:55                      45
/home/airflow/.local/lib/python3.12/site-packages/airflow/example_dags/tutorial.py                                                                          1           0  0.61s           2025-06-22T12:37:55                      45
/home/airflow/.local/lib/python3.12/site-packages/airflow/example_dags/tutorial_dag.py                                                                      1           0  0.60s           2025-06-22T12:38:04                      43
/home/airflow/.local/lib/python3.12/site-packages/airflow/example_dags/example_branch_labels.py                                                             1           0  0.59s           2025-06-22T12:38:01                      45
/home/airflow/.local/lib/python3.12/site-packages/airflow/example_dags/example_python_operator.py                                                           1           0  0.57s           2025-06-22T12:37:55                      43
/home/airflow/.local/lib/python3.12/site-packages/airflow/example_dags/example_latest_only_with_trigger.py                                                  1           0  0.57s           2025-06-22T12:38:01                      45
/home/airflow/.local/lib/python3.12/site-packages/airflow/example_dags/example_task_group.py                                                                1           0  0.57s           2025-06-22T12:37:59                      43
/home/airflow/.local/lib/python3.12/site-packages/airflow/example_dags/example_short_circuit_decorator.py                                                   1           0  0.57s           2025-06-22T12:38:00                      43
/home/airflow/.local/lib/python3.12/site-packages/airflow/example_dags/example_trigger_target_dag.py                                                        1           0  0.55s           2025-06-22T12:37:54                      43
/home/airflow/.local/lib/python3.12/site-packages/airflow/example_dags/example_branch_operator_decorator.py                                                 1           0  0.52s           2025-06-22T12:37:53                      45
/home/airflow/.local/lib/python3.12/site-packages/airflow/example_dags/example_bash_decorator.py                                                            1           0  0.50s           2025-06-22T12:38:02                      43
/home/airflow/.local/lib/python3.12/site-packages/airflow/example_dags/example_setup_teardown.py                                                            1           0  0.48s           2025-06-22T12:38:00                      43
/home/airflow/.local/lib/python3.12/site-packages/airflow/example_dags/example_setup_teardown_taskflow.py                                                   1           0  0.46s           2025-06-22T12:37:53                      43
/home/airflow/.local/lib/python3.12/site-packages/airflow/example_dags/example_skip_dag.py                                                                  1           0  0.46s           2025-06-22T12:37:52                      45
/home/airflow/.local/lib/python3.12/site-packages/airflow/example_dags/example_short_circuit_operator.py                                                    1           0  0.44s           2025-06-22T12:37:52                      43
/home/airflow/.local/lib/python3.12/site-packages/airflow/example_dags/example_xcom.py                                                                      1           0  0.43s           2025-06-22T12:37:53                      45
/home/airflow/.local/lib/python3.12/site-packages/airflow/example_dags/example_local_kubernetes_executor.py                                                 1           0  0.43s           2025-06-22T12:37:59                      43
/home/airflow/.local/lib/python3.12/site-packages/airflow/example_dags/example_branch_datetime_operator.py                                                  3           0  0.43s           2025-06-22T12:37:50                     117
/home/airflow/.local/lib/python3.12/site-packages/airflow/example_dags/example_dynamic_task_mapping_with_no_taskflow_operators.py                           1           0  0.41s           2025-06-22T12:38:00                      43
/home/airflow/.local/lib/python3.12/site-packages/airflow/example_dags/tutorial_taskflow_api.py                                                             1           0  0.40s           2025-06-22T12:37:52                      43
/home/airflow/.local/lib/python3.12/site-packages/airflow/example_dags/example_branch_day_of_week_operator.py                                               1           0  0.40s           2025-06-22T12:37:52                      45
/home/airflow/.local/lib/python3.12/site-packages/airflow/example_dags/example_sensor_decorator.py                                                          1           0  0.39s           2025-06-22T12:37:51                      43
/home/airflow/.local/lib/python3.12/site-packages/airflow/example_dags/tutorial_taskflow_api_virtualenv.py                                                  1           0  0.36s           2025-06-22T12:37:51                      43
/opt/airflow/dags/new_dag.py                                                                                                                                1           0  0.36s           2025-06-22T12:37:46                      43
/home/airflow/.local/lib/python3.12/site-packages/airflow/example_dags/example_display_name.py                                                              1           0  0.36s           2025-06-22T12:37:51                      43
/home/airflow/.local/lib/python3.12/site-packages/airflow/example_dags/tutorial_taskflow_templates.py                                                       1           0  0.36s           2025-06-22T12:37:51                      45
/home/airflow/.local/lib/python3.12/site-packages/airflow/example_dags/example_dynamic_task_mapping.py                                                      1           0  0.35s           2025-06-22T12:37:52                      43
/home/airflow/.local/lib/python3.12/site-packages/airflow/example_dags/example_subdag_operator.py                                                           3           0  0.35s           2025-06-22T12:37:49                      53
/home/airflow/.local/lib/python3.12/site-packages/airflow/example_dags/example_passing_params_via_test_command.py                                           1           0  0.34s           2025-06-22T12:37:46                      45
/home/airflow/.local/lib/python3.12/site-packages/airflow/example_dags/example_xcomargs.py                                                                  2           0  0.33s           2025-06-22T12:37:50                      79
/home/airflow/.local/lib/python3.12/site-packages/airflow/example_dags/example_params_ui_tutorial.py                                                        1           0  0.31s           2025-06-22T12:37:49                      43
/home/airflow/.local/lib/python3.12/site-packages/airflow/example_dags/example_task_group_decorator.py                                                      1           0  0.31s           2025-06-22T12:37:50                      43
/home/airflow/.local/lib/python3.12/site-packages/airflow/example_dags/tutorial_objectstorage.py                                                            1           0  0.30s           2025-06-22T12:37:51                      43
/home/airflow/.local/lib/python3.12/site-packages/airflow/example_dags/example_complex.py                                                                   1           0  0.30s           2025-06-22T12:37:49                      43
/home/airflow/.local/lib/python3.12/site-packages/airflow/example_dags/example_workday_timetable.py                                                         1           0  0.30s           2025-06-22T12:37:50                      45
/home/airflow/.local/lib/python3.12/site-packages/airflow/example_dags/example_external_task_marker_dag.py                                                  2           0  0.28s           2025-06-22T12:37:48                      79
/home/airflow/.local/lib/python3.12/site-packages/airflow/example_dags/example_time_delta_sensor_async.py                                                   1           0  0.27s           2025-06-22T12:37:50                      43
/home/airflow/.local/lib/python3.12/site-packages/airflow/example_dags/example_python_decorator.py                                                          1           0  0.26s           2025-06-22T12:37:47                      43
/home/airflow/.local/lib/python3.12/site-packages/airflow/example_dags/example_latest_only.py                                                               1           0  0.26s           2025-06-22T12:37:48                      45
/home/airflow/.local/lib/python3.12/site-packages/airflow/example_dags/example_params_trigger_ui.py                                                         1           0  0.26s           2025-06-22T12:37:48                      43
/home/airflow/.local/lib/python3.12/site-packages/airflow/example_dags/example_nested_branch_dag.py                                                         1           0  0.26s           2025-06-22T12:37:47                      45
/home/airflow/.local/lib/python3.12/site-packages/airflow/example_dags/example_trigger_controller_dag.py                                                    1           0  0.26s           2025-06-22T12:37:50                      45
/home/airflow/.local/lib/python3.12/site-packages/airflow/example_dags/example_sensors.py                                                                   1           0  0.23s           2025-06-22T12:37:47                      43
/home/airflow/.local/lib/python3.12/site-packages/airflow/example_dags/plugins/workday.py                                                                   0           0  0.14s           2025-06-22T12:38:04                       3
/home/airflow/.local/lib/python3.12/site-packages/airflow/example_dags/plugins/event_listener.py                                                            0           0  0.14s           2025-06-22T12:38:04                       3
/home/airflow/.local/lib/python3.12/site-packages/airflow/example_dags/subdags/subdag.py                                                                    0           0  0.12s           2025-06-22T12:38:04                       3
/home/airflow/.local/lib/python3.12/site-packages/airflow/example_dags/plugins/listener_plugin.py                                                           0           0  0.11s           2025-06-22T12:38:04                       3
/home/airflow/.local/lib/python3.12/site-packages/airflow/example_dags/plugins/decreasing_priority_weight_strategy.py                                       0           0  0.09s           2025-06-22T12:38:04                       3
================================================================================
[2025-06-22T12:38:46.952+0000] {manager.py:997} INFO - 
================================================================================
DAG File Processing Stats

File Path                                                                                                                          PID    Runtime      # DAGs    # Errors  Last Runtime    Last Run               Last # of DB Queries
---------------------------------------------------------------------------------------------------------------------------------  -----  ---------  --------  ----------  --------------  -------------------  ----------------------
/home/airflow/.local/lib/python3.12/site-packages/airflow/example_dags/example_dataset_alias_with_no_taskflow.py                                            4           0  0.88s           2025-06-22T12:38:28                      27
/home/airflow/.local/lib/python3.12/site-packages/airflow/example_dags/example_datasets.py                                                                 10           0  0.88s           2025-06-22T12:38:21                      49
/home/airflow/.local/lib/python3.12/site-packages/airflow/example_dags/example_outlet_event_extra.py                                                        3           0  0.81s           2025-06-22T12:38:31                      19
/home/airflow/.local/lib/python3.12/site-packages/airflow/example_dags/example_inlet_event_extra.py                                                         2           0  0.72s           2025-06-22T12:38:33                      15
/home/airflow/.local/lib/python3.12/site-packages/airflow/example_dags/example_dataset_alias.py                                                             4           0  0.71s           2025-06-22T12:38:30                      27
/home/airflow/.local/lib/python3.12/site-packages/airflow/example_dags/example_dag_decorator.py                                                             1           0  0.28s           2025-06-22T12:38:24                      32
/home/airflow/.local/lib/python3.12/site-packages/airflow/example_dags/example_branch_datetime_operator.py                                                  3           0  0.18s           2025-06-22T12:38:21                      18
/home/airflow/.local/lib/python3.12/site-packages/airflow/example_dags/example_sla_dag.py                                                                   1           0  0.15s           2025-06-22T12:38:33                      16
/home/airflow/.local/lib/python3.12/site-packages/airflow/example_dags/example_xcomargs.py                                                                  2           0  0.15s           2025-06-22T12:38:21                      13
/home/airflow/.local/lib/python3.12/site-packages/airflow/example_dags/example_branch_operator.py                                                           1           0  0.15s           2025-06-22T12:38:33                      12
/home/airflow/.local/lib/python3.12/site-packages/airflow/example_dags/example_xcom.py                                                                      1           0  0.14s           2025-06-22T12:38:23                      12
/home/airflow/.local/lib/python3.12/site-packages/airflow/example_dags/example_branch_labels.py                                                             1           0  0.14s           2025-06-22T12:38:31                      12
/home/airflow/.local/lib/python3.12/site-packages/airflow/example_dags/tutorial_taskflow_api.py                                                             1           0  0.14s           2025-06-22T12:38:23                      10
/home/airflow/.local/lib/python3.12/site-packages/airflow/example_dags/example_params_trigger_ui.py                                                         1           0  0.14s           2025-06-22T12:38:18                      10
/home/airflow/.local/lib/python3.12/site-packages/airflow/example_dags/example_bash_operator.py                                                             1           0  0.14s           2025-06-22T12:38:25                      12
/home/airflow/.local/lib/python3.12/site-packages/airflow/example_dags/example_branch_operator_decorator.py                                                 1           0  0.14s           2025-06-22T12:38:24                      12
/home/airflow/.local/lib/python3.12/site-packages/airflow/example_dags/example_workday_timetable.py                                                         1           0  0.13s           2025-06-22T12:38:21                      12
/home/airflow/.local/lib/python3.12/site-packages/airflow/example_dags/example_subdag_operator.py                                                           3           0  0.13s           2025-06-22T12:38:20                      20
/home/airflow/.local/lib/python3.12/site-packages/airflow/example_dags/example_kubernetes_executor.py                                                       1           0  0.13s           2025-06-22T12:38:34                      10
/home/airflow/.local/lib/python3.12/site-packages/airflow/example_dags/example_dynamic_task_mapping.py                                                      1           0  0.13s           2025-06-22T12:38:23                      10
/home/airflow/.local/lib/python3.12/site-packages/airflow/example_dags/tutorial.py                                                                          1           0  0.13s           2025-06-22T12:38:26                      12
/home/airflow/.local/lib/python3.12/site-packages/airflow/example_dags/example_branch_python_dop_operator_3.py                                              1           0  0.13s           2025-06-22T12:38:26                      12
/home/airflow/.local/lib/python3.12/site-packages/airflow/example_dags/example_dynamic_task_mapping_with_no_taskflow_operators.py                           1           0  0.13s           2025-06-22T12:38:30                      10
/home/airflow/.local/lib/python3.12/site-packages/airflow/example_dags/example_bash_decorator.py                                                            1           0  0.13s           2025-06-22T12:38:33                      10
/home/airflow/.local/lib/python3.12/site-packages/airflow/example_dags/example_params_ui_tutorial.py                                                        1           0  0.13s           2025-06-22T12:38:19                      10
/home/airflow/.local/lib/python3.12/site-packages/airflow/example_dags/example_short_circuit_decorator.py                                                   1           0  0.12s           2025-06-22T12:38:30                      10
/home/airflow/.local/lib/python3.12/site-packages/airflow/example_dags/example_sensor_decorator.py                                                          1           0  0.12s           2025-06-22T12:38:22                      10
/home/airflow/.local/lib/python3.12/site-packages/airflow/example_dags/example_task_group.py                                                                1           0  0.12s           2025-06-22T12:38:29                      10
/home/airflow/.local/lib/python3.12/site-packages/airflow/example_dags/tutorial_taskflow_api_virtualenv.py                                                  1           0  0.12s           2025-06-22T12:38:21                      10
/home/airflow/.local/lib/python3.12/site-packages/airflow/example_dags/example_passing_params_via_test_command.py                                           1           0  0.12s           2025-06-22T12:38:17                      12
/home/airflow/.local/lib/python3.12/site-packages/airflow/example_dags/example_branch_day_of_week_operator.py                                               1           0  0.12s           2025-06-22T12:38:23                      12
/home/airflow/.local/lib/python3.12/site-packages/airflow/example_dags/example_skip_dag.py                                                                  1           0  0.11s           2025-06-22T12:38:23                      12
/home/airflow/.local/lib/python3.12/site-packages/airflow/example_dags/example_task_group_decorator.py                                                      1           0  0.11s           2025-06-22T12:38:20                      10
/home/airflow/.local/lib/python3.12/site-packages/airflow/example_dags/example_python_decorator.py                                                          1           0  0.11s           2025-06-22T12:38:17                      10
/home/airflow/.local/lib/python3.12/site-packages/airflow/example_dags/example_nested_branch_dag.py                                                         1           0  0.11s           2025-06-22T12:38:17                      12
/home/airflow/.local/lib/python3.12/site-packages/airflow/example_dags/tutorial_taskflow_templates.py                                                       1           0  0.11s           2025-06-22T12:38:21                      12
/opt/airflow/dags/new_dag.py                                                                                                                                1           0  0.11s           2025-06-22T12:38:17                      10
/home/airflow/.local/lib/python3.12/site-packages/airflow/example_dags/example_latest_only_with_trigger.py                                                  1           0  0.11s           2025-06-22T12:38:31                      12
/home/airflow/.local/lib/python3.12/site-packages/airflow/example_dags/example_display_name.py                                                              1           0  0.11s           2025-06-22T12:38:21                      10
/home/airflow/.local/lib/python3.12/site-packages/airflow/example_dags/tutorial_dag.py                                                                      1           0  0.11s           2025-06-22T12:38:34                      10
/home/airflow/.local/lib/python3.12/site-packages/airflow/example_dags/example_external_task_marker_dag.py                                                  2           0  0.11s           2025-06-22T12:38:18                      13
/home/airflow/.local/lib/python3.12/site-packages/airflow/example_dags/example_short_circuit_operator.py                                                    1           0  0.10s           2025-06-22T12:38:22                      10
/home/airflow/.local/lib/python3.12/site-packages/airflow/example_dags/example_sensors.py                                                                   1           0  0.10s           2025-06-22T12:38:17                      10
/home/airflow/.local/lib/python3.12/site-packages/airflow/example_dags/example_complex.py                                                                   1           0  0.10s           2025-06-22T12:38:19                      10
/home/airflow/.local/lib/python3.12/site-packages/airflow/example_dags/example_time_delta_sensor_async.py                                                   1           0  0.10s           2025-06-22T12:38:21                      10
/home/airflow/.local/lib/python3.12/site-packages/airflow/example_dags/example_latest_only.py                                                               1           0  0.10s           2025-06-22T12:38:19                      12
/home/airflow/.local/lib/python3.12/site-packages/airflow/example_dags/example_setup_teardown.py                                                            1           0  0.10s           2025-06-22T12:38:30                      10
/home/airflow/.local/lib/python3.12/site-packages/airflow/example_dags/example_trigger_target_dag.py                                                        1           0  0.10s           2025-06-22T12:38:24                      10
/home/airflow/.local/lib/python3.12/site-packages/airflow/example_dags/example_python_operator.py                                                           1           0  0.10s           2025-06-22T12:38:25                      10
/home/airflow/.local/lib/python3.12/site-packages/airflow/example_dags/example_trigger_controller_dag.py                                                    1           0  0.10s           2025-06-22T12:38:21                      12
/home/airflow/.local/lib/python3.12/site-packages/airflow/example_dags/example_setup_teardown_taskflow.py                                                   1           0  0.10s           2025-06-22T12:38:23                      10
/home/airflow/.local/lib/python3.12/site-packages/airflow/example_dags/tutorial_objectstorage.py                                                            1           0  0.09s           2025-06-22T12:38:21                      10
/home/airflow/.local/lib/python3.12/site-packages/airflow/example_dags/example_local_kubernetes_executor.py                                                 1           0  0.09s           2025-06-22T12:38:30                      10
/home/airflow/.local/lib/python3.12/site-packages/airflow/example_dags/plugins/workday.py                                                                   0           0  0.05s           2025-06-22T12:38:35                       3
/home/airflow/.local/lib/python3.12/site-packages/airflow/example_dags/subdags/subdag.py                                                                    0           0  0.05s           2025-06-22T12:38:34                       3
/home/airflow/.local/lib/python3.12/site-packages/airflow/example_dags/plugins/event_listener.py                                                            0           0  0.04s           2025-06-22T12:38:35                       3
/home/airflow/.local/lib/python3.12/site-packages/airflow/example_dags/plugins/listener_plugin.py                                                           0           0  0.04s           2025-06-22T12:38:35                       3
/home/airflow/.local/lib/python3.12/site-packages/airflow/example_dags/plugins/decreasing_priority_weight_strategy.py                                       0           0  0.04s           2025-06-22T12:38:35                       3
================================================================================
[2025-06-22T12:38:54.346+0000] {manager.py:465} INFO - Exiting gracefully upon receiving signal 15
[2025-06-22T12:38:54.349+0000] {manager.py:465} INFO - Exiting gracefully upon receiving signal 15
[2025-06-22T12:38:54.604+0000] {manager.py:465} INFO - Exiting gracefully upon receiving signal 15
[2025-06-27T16:57:53.248+0000] {manager.py:483} INFO - Processing files using up to 2 processes at a time 
[2025-06-27T16:57:53.248+0000] {manager.py:484} INFO - Process each file at most once every 30 seconds
[2025-06-27T16:57:53.249+0000] {manager.py:485} INFO - Checking for new files in /opt/airflow/dags every 300 seconds
[2025-06-27T16:57:53.249+0000] {manager.py:821} INFO - Searching for files in /opt/airflow/dags
[2025-06-27T16:57:53.331+0000] {manager.py:824} INFO - There are 58 files in /opt/airflow/dags
[2025-06-27T16:57:53.442+0000] {manager.py:997} INFO - 
================================================================================
DAG File Processing Stats

File Path                                                                                                                            PID  Runtime      # DAGs    # Errors  Last Runtime    Last Run      Last # of DB Queries
---------------------------------------------------------------------------------------------------------------------------------  -----  ---------  --------  ----------  --------------  ----------  ----------------------
/opt/airflow/dags/new_dag.py                                                                                                          72  0.06s             0           0                                                   0
/home/airflow/.local/lib/python3.12/site-packages/airflow/example_dags/example_passing_params_via_test_command.py                     73  0.03s             0           0                                                   0
/home/airflow/.local/lib/python3.12/site-packages/airflow/example_dags/example_sensors.py                                                                   0           0                                                   0
/home/airflow/.local/lib/python3.12/site-packages/airflow/example_dags/example_nested_branch_dag.py                                                         0           0                                                   0
/home/airflow/.local/lib/python3.12/site-packages/airflow/example_dags/example_python_decorator.py                                                          0           0                                                   0
/home/airflow/.local/lib/python3.12/site-packages/airflow/example_dags/example_datasets.py                                                                  0           0                                                   0
/home/airflow/.local/lib/python3.12/site-packages/airflow/example_dags/example_params_trigger_ui.py                                                         0           0                                                   0
/home/airflow/.local/lib/python3.12/site-packages/airflow/example_dags/example_external_task_marker_dag.py                                                  0           0                                                   0
/home/airflow/.local/lib/python3.12/site-packages/airflow/example_dags/example_latest_only.py                                                               0           0                                                   0
/home/airflow/.local/lib/python3.12/site-packages/airflow/example_dags/example_params_ui_tutorial.py                                                        0           0                                                   0
/home/airflow/.local/lib/python3.12/site-packages/airflow/example_dags/example_complex.py                                                                   0           0                                                   0
/home/airflow/.local/lib/python3.12/site-packages/airflow/example_dags/example_subdag_operator.py                                                           0           0                                                   0
/home/airflow/.local/lib/python3.12/site-packages/airflow/example_dags/example_task_group_decorator.py                                                      0           0                                                   0
/home/airflow/.local/lib/python3.12/site-packages/airflow/example_dags/example_time_delta_sensor_async.py                                                   0           0                                                   0
/home/airflow/.local/lib/python3.12/site-packages/airflow/example_dags/example_xcomargs.py                                                                  0           0                                                   0
/home/airflow/.local/lib/python3.12/site-packages/airflow/example_dags/example_branch_datetime_operator.py                                                  0           0                                                   0
/home/airflow/.local/lib/python3.12/site-packages/airflow/example_dags/example_workday_timetable.py                                                         0           0                                                   0
/home/airflow/.local/lib/python3.12/site-packages/airflow/example_dags/example_trigger_controller_dag.py                                                    0           0                                                   0
/home/airflow/.local/lib/python3.12/site-packages/airflow/example_dags/tutorial_objectstorage.py                                                            0           0                                                   0
/home/airflow/.local/lib/python3.12/site-packages/airflow/example_dags/tutorial_taskflow_templates.py                                                       0           0                                                   0
/home/airflow/.local/lib/python3.12/site-packages/airflow/example_dags/tutorial_taskflow_api_virtualenv.py                                                  0           0                                                   0
/home/airflow/.local/lib/python3.12/site-packages/airflow/example_dags/example_display_name.py                                                              0           0                                                   0
/home/airflow/.local/lib/python3.12/site-packages/airflow/example_dags/example_sensor_decorator.py                                                          0           0                                                   0
/home/airflow/.local/lib/python3.12/site-packages/airflow/example_dags/example_short_circuit_operator.py                                                    0           0                                                   0
/home/airflow/.local/lib/python3.12/site-packages/airflow/example_dags/example_skip_dag.py                                                                  0           0                                                   0
/home/airflow/.local/lib/python3.12/site-packages/airflow/example_dags/example_branch_day_of_week_operator.py                                               0           0                                                   0
/home/airflow/.local/lib/python3.12/site-packages/airflow/example_dags/tutorial_taskflow_api.py                                                             0           0                                                   0
/home/airflow/.local/lib/python3.12/site-packages/airflow/example_dags/example_dynamic_task_mapping.py                                                      0           0                                                   0
/home/airflow/.local/lib/python3.12/site-packages/airflow/example_dags/example_xcom.py                                                                      0           0                                                   0
/home/airflow/.local/lib/python3.12/site-packages/airflow/example_dags/example_setup_teardown_taskflow.py                                                   0           0                                                   0
/home/airflow/.local/lib/python3.12/site-packages/airflow/example_dags/example_branch_operator_decorator.py                                                 0           0                                                   0
/home/airflow/.local/lib/python3.12/site-packages/airflow/example_dags/example_dag_decorator.py                                                             0           0                                                   0
/home/airflow/.local/lib/python3.12/site-packages/airflow/example_dags/example_trigger_target_dag.py                                                        0           0                                                   0
/home/airflow/.local/lib/python3.12/site-packages/airflow/example_dags/example_bash_operator.py                                                             0           0                                                   0
/home/airflow/.local/lib/python3.12/site-packages/airflow/example_dags/example_python_operator.py                                                           0           0                                                   0
/home/airflow/.local/lib/python3.12/site-packages/airflow/example_dags/example_dataset_alias_with_no_taskflow.py                                            0           0                                                   0
/home/airflow/.local/lib/python3.12/site-packages/airflow/example_dags/tutorial.py                                                                          0           0                                                   0
/home/airflow/.local/lib/python3.12/site-packages/airflow/example_dags/example_branch_python_dop_operator_3.py                                              0           0                                                   0
/home/airflow/.local/lib/python3.12/site-packages/airflow/example_dags/example_dataset_alias.py                                                             0           0                                                   0
/home/airflow/.local/lib/python3.12/site-packages/airflow/example_dags/example_outlet_event_extra.py                                                        0           0                                                   0
/home/airflow/.local/lib/python3.12/site-packages/airflow/example_dags/example_task_group.py                                                                0           0                                                   0
/home/airflow/.local/lib/python3.12/site-packages/airflow/example_dags/example_local_kubernetes_executor.py                                                 0           0                                                   0
/home/airflow/.local/lib/python3.12/site-packages/airflow/example_dags/example_dynamic_task_mapping_with_no_taskflow_operators.py                           0           0                                                   0
/home/airflow/.local/lib/python3.12/site-packages/airflow/example_dags/example_setup_teardown.py                                                            0           0                                                   0
/home/airflow/.local/lib/python3.12/site-packages/airflow/example_dags/example_short_circuit_decorator.py                                                   0           0                                                   0
/home/airflow/.local/lib/python3.12/site-packages/airflow/example_dags/example_latest_only_with_trigger.py                                                  0           0                                                   0
/home/airflow/.local/lib/python3.12/site-packages/airflow/example_dags/example_inlet_event_extra.py                                                         0           0                                                   0
/home/airflow/.local/lib/python3.12/site-packages/airflow/example_dags/example_branch_labels.py                                                             0           0                                                   0
/home/airflow/.local/lib/python3.12/site-packages/airflow/example_dags/example_bash_decorator.py                                                            0           0                                                   0
/home/airflow/.local/lib/python3.12/site-packages/airflow/example_dags/example_branch_operator.py                                                           0           0                                                   0
/home/airflow/.local/lib/python3.12/site-packages/airflow/example_dags/example_sla_dag.py                                                                   0           0                                                   0
/home/airflow/.local/lib/python3.12/site-packages/airflow/example_dags/example_kubernetes_executor.py                                                       0           0                                                   0
/home/airflow/.local/lib/python3.12/site-packages/airflow/example_dags/tutorial_dag.py                                                                      0           0                                                   0
/home/airflow/.local/lib/python3.12/site-packages/airflow/example_dags/subdags/subdag.py                                                                    0           0                                                   0
/home/airflow/.local/lib/python3.12/site-packages/airflow/example_dags/plugins/workday.py                                                                   0           0                                                   0
/home/airflow/.local/lib/python3.12/site-packages/airflow/example_dags/plugins/event_listener.py                                                            0           0                                                   0
/home/airflow/.local/lib/python3.12/site-packages/airflow/example_dags/plugins/listener_plugin.py                                                           0           0                                                   0
/home/airflow/.local/lib/python3.12/site-packages/airflow/example_dags/plugins/decreasing_priority_weight_strategy.py                                       0           0                                                   0
================================================================================
[2025-06-27T16:58:23.503+0000] {manager.py:997} INFO - 
================================================================================
DAG File Processing Stats

File Path                                                                                                                          PID    Runtime      # DAGs    # Errors  Last Runtime    Last Run               Last # of DB Queries
---------------------------------------------------------------------------------------------------------------------------------  -----  ---------  --------  ----------  --------------  -------------------  ----------------------
/home/airflow/.local/lib/python3.12/site-packages/airflow/example_dags/example_sla_dag.py                                                                   1           0  13.20s          2025-06-27T16:58:13                    3747
/home/airflow/.local/lib/python3.12/site-packages/airflow/example_dags/example_outlet_event_extra.py                                                        3           0  1.31s           2025-06-27T16:57:58                      19
/home/airflow/.local/lib/python3.12/site-packages/airflow/example_dags/example_inlet_event_extra.py                                                         2           0  1.18s           2025-06-27T16:58:00                      15
/home/airflow/.local/lib/python3.12/site-packages/airflow/example_dags/example_dataset_alias.py                                                             4           0  1.12s           2025-06-27T16:57:57                      27
/home/airflow/.local/lib/python3.12/site-packages/airflow/example_dags/example_datasets.py                                                                 10           0  0.90s           2025-06-27T16:57:54                      49
/home/airflow/.local/lib/python3.12/site-packages/airflow/example_dags/example_dataset_alias_with_no_taskflow.py                                            4           0  0.85s           2025-06-27T16:57:57                      27
/home/airflow/.local/lib/python3.12/site-packages/airflow/example_dags/example_bash_decorator.py                                                            1           0  0.37s           2025-06-27T16:57:59                      32
/home/airflow/.local/lib/python3.12/site-packages/airflow/example_dags/example_branch_operator.py                                                           1           0  0.33s           2025-06-27T16:57:59                      34
/home/airflow/.local/lib/python3.12/site-packages/airflow/example_dags/example_params_ui_tutorial.py                                                        1           0  0.29s           2025-06-27T16:57:54                      32
/home/airflow/.local/lib/python3.12/site-packages/airflow/example_dags/example_dag_decorator.py                                                             1           0  0.28s           2025-06-27T16:57:56                      32
/home/airflow/.local/lib/python3.12/site-packages/airflow/example_dags/example_python_decorator.py                                                          1           0  0.25s           2025-06-27T16:57:53                      32
/home/airflow/.local/lib/python3.12/site-packages/airflow/example_dags/example_setup_teardown.py                                                            1           0  0.24s           2025-06-27T16:57:58                      10
/home/airflow/.local/lib/python3.12/site-packages/airflow/example_dags/example_local_kubernetes_executor.py                                                 1           0  0.24s           2025-06-27T16:57:58                      10
/home/airflow/.local/lib/python3.12/site-packages/airflow/example_dags/example_dynamic_task_mapping_with_no_taskflow_operators.py                           1           0  0.22s           2025-06-27T16:57:58                      10
/home/airflow/.local/lib/python3.12/site-packages/airflow/example_dags/tutorial_taskflow_templates.py                                                       1           0  0.22s           2025-06-27T16:57:55                      12
/home/airflow/.local/lib/python3.12/site-packages/airflow/example_dags/example_branch_labels.py                                                             1           0  0.21s           2025-06-27T16:57:59                      12
/home/airflow/.local/lib/python3.12/site-packages/airflow/example_dags/example_short_circuit_decorator.py                                                   1           0  0.20s           2025-06-27T16:57:58                      10
/home/airflow/.local/lib/python3.12/site-packages/airflow/example_dags/example_subdag_operator.py                                                           3           0  0.20s           2025-06-27T16:57:54                      20
/home/airflow/.local/lib/python3.12/site-packages/airflow/example_dags/example_complex.py                                                                   1           0  0.20s           2025-06-27T16:57:54                      10
/home/airflow/.local/lib/python3.12/site-packages/airflow/example_dags/tutorial_taskflow_api_virtualenv.py                                                  1           0  0.20s           2025-06-27T16:57:55                      32
/home/airflow/.local/lib/python3.12/site-packages/airflow/example_dags/example_latest_only_with_trigger.py                                                  1           0  0.19s           2025-06-27T16:57:58                      12
/home/airflow/.local/lib/python3.12/site-packages/airflow/example_dags/example_task_group.py                                                                1           0  0.19s           2025-06-27T16:57:58                      10
/home/airflow/.local/lib/python3.12/site-packages/airflow/example_dags/example_branch_operator_decorator.py                                                 1           0  0.18s           2025-06-27T16:57:56                      34
/home/airflow/.local/lib/python3.12/site-packages/airflow/example_dags/tutorial_dag.py                                                                      1           0  0.17s           2025-06-27T16:58:00                      10
/home/airflow/.local/lib/python3.12/site-packages/airflow/example_dags/example_python_operator.py                                                           1           0  0.17s           2025-06-27T16:57:56                      32
/home/airflow/.local/lib/python3.12/site-packages/airflow/example_dags/tutorial_objectstorage.py                                                            1           0  0.16s           2025-06-27T16:57:55                      10
/home/airflow/.local/lib/python3.12/site-packages/airflow/example_dags/example_kubernetes_executor.py                                                       1           0  0.16s           2025-06-27T16:58:00                      10
/home/airflow/.local/lib/python3.12/site-packages/airflow/example_dags/example_params_trigger_ui.py                                                         1           0  0.16s           2025-06-27T16:57:54                      10
/home/airflow/.local/lib/python3.12/site-packages/airflow/example_dags/example_nested_branch_dag.py                                                         1           0  0.15s           2025-06-27T16:57:53                      12
/home/airflow/.local/lib/python3.12/site-packages/airflow/example_dags/example_task_group_decorator.py                                                      1           0  0.14s           2025-06-27T16:57:54                      10
/opt/airflow/dags/new_dag.py                                                                                                                                1           0  0.14s           2025-06-27T16:57:53                      10
/home/airflow/.local/lib/python3.12/site-packages/airflow/example_dags/example_branch_datetime_operator.py                                                  3           0  0.14s           2025-06-27T16:57:55                      18
/home/airflow/.local/lib/python3.12/site-packages/airflow/example_dags/example_passing_params_via_test_command.py                                           1           0  0.14s           2025-06-27T16:57:53                      12
/home/airflow/.local/lib/python3.12/site-packages/airflow/example_dags/example_sensors.py                                                                   1           0  0.13s           2025-06-27T16:57:53                      10
/home/airflow/.local/lib/python3.12/site-packages/airflow/example_dags/plugins/event_listener.py                                                            0           0  0.13s           2025-06-27T16:58:00                       3
/home/airflow/.local/lib/python3.12/site-packages/airflow/example_dags/example_external_task_marker_dag.py                                                  2           0  0.13s           2025-06-27T16:57:54                      13
/home/airflow/.local/lib/python3.12/site-packages/airflow/example_dags/example_dynamic_task_mapping.py                                                      1           0  0.13s           2025-06-27T16:57:55                      10
/home/airflow/.local/lib/python3.12/site-packages/airflow/example_dags/example_workday_timetable.py                                                         1           0  0.12s           2025-06-27T16:57:55                      12
/home/airflow/.local/lib/python3.12/site-packages/airflow/example_dags/example_xcomargs.py                                                                  2           0  0.12s           2025-06-27T16:57:55                      13
/home/airflow/.local/lib/python3.12/site-packages/airflow/example_dags/plugins/listener_plugin.py                                                           0           0  0.12s           2025-06-27T16:58:00                       3
/home/airflow/.local/lib/python3.12/site-packages/airflow/example_dags/example_xcom.py                                                                      1           0  0.12s           2025-06-27T16:57:56                      12
/home/airflow/.local/lib/python3.12/site-packages/airflow/example_dags/example_time_delta_sensor_async.py                                                   1           0  0.12s           2025-06-27T16:57:55                      10
/home/airflow/.local/lib/python3.12/site-packages/airflow/example_dags/example_latest_only.py                                                               1           0  0.12s           2025-06-27T16:57:54                      12
/home/airflow/.local/lib/python3.12/site-packages/airflow/example_dags/tutorial_taskflow_api.py                                                             1           0  0.11s           2025-06-27T16:57:55                      10
/home/airflow/.local/lib/python3.12/site-packages/airflow/example_dags/example_branch_day_of_week_operator.py                                               1           0  0.11s           2025-06-27T16:57:55                      12
/home/airflow/.local/lib/python3.12/site-packages/airflow/example_dags/example_skip_dag.py                                                                  1           0  0.11s           2025-06-27T16:57:55                      12
/home/airflow/.local/lib/python3.12/site-packages/airflow/example_dags/example_short_circuit_operator.py                                                    1           0  0.11s           2025-06-27T16:57:55                      10
/home/airflow/.local/lib/python3.12/site-packages/airflow/example_dags/example_bash_operator.py                                                             1           0  0.11s           2025-06-27T16:57:56                      12
/home/airflow/.local/lib/python3.12/site-packages/airflow/example_dags/plugins/decreasing_priority_weight_strategy.py                                       0           0  0.10s           2025-06-27T16:58:01                       3
/home/airflow/.local/lib/python3.12/site-packages/airflow/example_dags/plugins/workday.py                                                                   0           0  0.10s           2025-06-27T16:58:00                       3
/home/airflow/.local/lib/python3.12/site-packages/airflow/example_dags/example_branch_python_dop_operator_3.py                                              1           0  0.10s           2025-06-27T16:57:56                      12
/home/airflow/.local/lib/python3.12/site-packages/airflow/example_dags/example_trigger_controller_dag.py                                                    1           0  0.10s           2025-06-27T16:57:55                      12
/home/airflow/.local/lib/python3.12/site-packages/airflow/example_dags/tutorial.py                                                                          1           0  0.09s           2025-06-27T16:57:56                      12
/home/airflow/.local/lib/python3.12/site-packages/airflow/example_dags/subdags/subdag.py                                                                    0           0  0.09s           2025-06-27T16:58:00                       3
/home/airflow/.local/lib/python3.12/site-packages/airflow/example_dags/example_sensor_decorator.py                                                          1           0  0.09s           2025-06-27T16:57:55                      10
/home/airflow/.local/lib/python3.12/site-packages/airflow/example_dags/example_setup_teardown_taskflow.py                                                   1           0  0.09s           2025-06-27T16:57:56                      10
/home/airflow/.local/lib/python3.12/site-packages/airflow/example_dags/example_display_name.py                                                              1           0  0.09s           2025-06-27T16:57:55                      10
/home/airflow/.local/lib/python3.12/site-packages/airflow/example_dags/example_trigger_target_dag.py                                                        1           0  0.08s           2025-06-27T16:57:56                      10
================================================================================
[2025-06-27T16:58:54.221+0000] {manager.py:997} INFO - 
================================================================================
DAG File Processing Stats

File Path                                                                                                                            PID  Runtime      # DAGs    # Errors  Last Runtime    Last Run               Last # of DB Queries
---------------------------------------------------------------------------------------------------------------------------------  -----  ---------  --------  ----------  --------------  -------------------  ----------------------
/home/airflow/.local/lib/python3.12/site-packages/airflow/example_dags/example_datasets.py                                                                 10           0  0.79s           2025-06-27T16:58:25                      49
/home/airflow/.local/lib/python3.12/site-packages/airflow/example_dags/example_dataset_alias.py                                                             4           0  0.70s           2025-06-27T16:58:28                      27
/home/airflow/.local/lib/python3.12/site-packages/airflow/example_dags/example_outlet_event_extra.py                                                        3           0  0.70s           2025-06-27T16:58:29                      19
/home/airflow/.local/lib/python3.12/site-packages/airflow/example_dags/example_inlet_event_extra.py                                                         2           0  0.70s           2025-06-27T16:58:31                      15
/home/airflow/.local/lib/python3.12/site-packages/airflow/example_dags/example_dataset_alias_with_no_taskflow.py                                            4           0  0.69s           2025-06-27T16:58:28                      27
/home/airflow/.local/lib/python3.12/site-packages/airflow/example_dags/example_dag_decorator.py                                                             1           0  0.30s           2025-06-27T16:58:26                      32
/home/airflow/.local/lib/python3.12/site-packages/airflow/example_dags/example_branch_operator_decorator.py                                                 1           0  0.14s           2025-06-27T16:58:26                      12
/home/airflow/.local/lib/python3.12/site-packages/airflow/example_dags/example_latest_only.py                                                               1           0  0.13s           2025-06-27T16:58:24                      12
/home/airflow/.local/lib/python3.12/site-packages/airflow/example_dags/example_branch_python_dop_operator_3.py                                              1           0  0.13s           2025-06-27T16:58:27                      12
/home/airflow/.local/lib/python3.12/site-packages/airflow/example_dags/example_subdag_operator.py                                                           3           0  0.13s           2025-06-27T16:58:25                      20
/home/airflow/.local/lib/python3.12/site-packages/airflow/example_dags/example_sla_dag.py                                                                   1           0  0.13s           2025-06-27T16:58:43                      16
/home/airflow/.local/lib/python3.12/site-packages/airflow/example_dags/example_task_group.py                                                                1           0  0.13s           2025-06-27T16:58:28                      10
/home/airflow/.local/lib/python3.12/site-packages/airflow/example_dags/example_passing_params_via_test_command.py                    333  0.01s             1           0  0.13s           2025-06-27T16:58:24                      12
/home/airflow/.local/lib/python3.12/site-packages/airflow/example_dags/tutorial_taskflow_templates.py                                                       1           0  0.12s           2025-06-27T16:58:25                      12
/home/airflow/.local/lib/python3.12/site-packages/airflow/example_dags/example_workday_timetable.py                                                         1           0  0.12s           2025-06-27T16:58:25                      12
/home/airflow/.local/lib/python3.12/site-packages/airflow/example_dags/example_bash_operator.py                                                             1           0  0.12s           2025-06-27T16:58:26                      12
/home/airflow/.local/lib/python3.12/site-packages/airflow/example_dags/example_params_ui_tutorial.py                                                        1           0  0.12s           2025-06-27T16:58:25                      10
/home/airflow/.local/lib/python3.12/site-packages/airflow/example_dags/tutorial.py                                                                          1           0  0.12s           2025-06-27T16:58:26                      12
/opt/airflow/dags/new_dag.py                                                                                                         332  0.01s             1           0  0.12s           2025-06-27T16:58:23                      10
/home/airflow/.local/lib/python3.12/site-packages/airflow/example_dags/example_branch_datetime_operator.py                                                  3           0  0.12s           2025-06-27T16:58:25                      18
/home/airflow/.local/lib/python3.12/site-packages/airflow/example_dags/example_trigger_target_dag.py                                                        1           0  0.12s           2025-06-27T16:58:26                      10
/home/airflow/.local/lib/python3.12/site-packages/airflow/example_dags/example_external_task_marker_dag.py                                                  2           0  0.12s           2025-06-27T16:58:24                      13
/home/airflow/.local/lib/python3.12/site-packages/airflow/example_dags/example_branch_operator.py                                                           1           0  0.12s           2025-06-27T16:58:30                      12
/home/airflow/.local/lib/python3.12/site-packages/airflow/example_dags/example_python_operator.py                                                           1           0  0.11s           2025-06-27T16:58:26                      10
/home/airflow/.local/lib/python3.12/site-packages/airflow/example_dags/example_xcomargs.py                                                                  2           0  0.11s           2025-06-27T16:58:25                      13
/home/airflow/.local/lib/python3.12/site-packages/airflow/example_dags/example_trigger_controller_dag.py                                                    1           0  0.11s           2025-06-27T16:58:25                      12
/home/airflow/.local/lib/python3.12/site-packages/airflow/example_dags/tutorial_taskflow_api_virtualenv.py                                                  1           0  0.11s           2025-06-27T16:58:25                      10
/home/airflow/.local/lib/python3.12/site-packages/airflow/example_dags/example_branch_day_of_week_operator.py                                               1           0  0.11s           2025-06-27T16:58:26                      12
/home/airflow/.local/lib/python3.12/site-packages/airflow/example_dags/example_display_name.py                                                              1           0  0.11s           2025-06-27T16:58:26                      10
/home/airflow/.local/lib/python3.12/site-packages/airflow/example_dags/example_xcom.py                                                                      1           0  0.11s           2025-06-27T16:58:26                      12
/home/airflow/.local/lib/python3.12/site-packages/airflow/example_dags/example_complex.py                                                                   1           0  0.11s           2025-06-27T16:58:25                      10
/home/airflow/.local/lib/python3.12/site-packages/airflow/example_dags/example_params_trigger_ui.py                                                         1           0  0.11s           2025-06-27T16:58:24                      10
/home/airflow/.local/lib/python3.12/site-packages/airflow/example_dags/example_skip_dag.py                                                                  1           0  0.11s           2025-06-27T16:58:26                      12
/home/airflow/.local/lib/python3.12/site-packages/airflow/example_dags/example_sensor_decorator.py                                                          1           0  0.11s           2025-06-27T16:58:26                      10
/home/airflow/.local/lib/python3.12/site-packages/airflow/example_dags/example_branch_labels.py                                                             1           0  0.10s           2025-06-27T16:58:29                      12
/home/airflow/.local/lib/python3.12/site-packages/airflow/example_dags/example_short_circuit_operator.py                                                    1           0  0.10s           2025-06-27T16:58:26                      10
/home/airflow/.local/lib/python3.12/site-packages/airflow/example_dags/example_task_group_decorator.py                                                      1           0  0.10s           2025-06-27T16:58:25                      10
/home/airflow/.local/lib/python3.12/site-packages/airflow/example_dags/tutorial_objectstorage.py                                                            1           0  0.10s           2025-06-27T16:58:25                      10
/home/airflow/.local/lib/python3.12/site-packages/airflow/example_dags/example_setup_teardown_taskflow.py                                                   1           0  0.10s           2025-06-27T16:58:26                      10
/home/airflow/.local/lib/python3.12/site-packages/airflow/example_dags/example_time_delta_sensor_async.py                                                   1           0  0.10s           2025-06-27T16:58:25                      10
/home/airflow/.local/lib/python3.12/site-packages/airflow/example_dags/example_bash_decorator.py                                                            1           0  0.10s           2025-06-27T16:58:30                      10
/home/airflow/.local/lib/python3.12/site-packages/airflow/example_dags/tutorial_dag.py                                                                      1           0  0.10s           2025-06-27T16:58:31                      10
/home/airflow/.local/lib/python3.12/site-packages/airflow/example_dags/example_nested_branch_dag.py                                                         1           0  0.10s           2025-06-27T16:58:24                      12
/home/airflow/.local/lib/python3.12/site-packages/airflow/example_dags/example_local_kubernetes_executor.py                                                 1           0  0.10s           2025-06-27T16:58:29                      10
/home/airflow/.local/lib/python3.12/site-packages/airflow/example_dags/example_latest_only_with_trigger.py                                                  1           0  0.10s           2025-06-27T16:58:29                      12
/home/airflow/.local/lib/python3.12/site-packages/airflow/example_dags/example_kubernetes_executor.py                                                       1           0  0.10s           2025-06-27T16:58:30                      10
/home/airflow/.local/lib/python3.12/site-packages/airflow/example_dags/example_dynamic_task_mapping_with_no_taskflow_operators.py                           1           0  0.09s           2025-06-27T16:58:29                      10
/home/airflow/.local/lib/python3.12/site-packages/airflow/example_dags/tutorial_taskflow_api.py                                                             1           0  0.09s           2025-06-27T16:58:26                      10
/home/airflow/.local/lib/python3.12/site-packages/airflow/example_dags/example_setup_teardown.py                                                            1           0  0.09s           2025-06-27T16:58:29                      10
/home/airflow/.local/lib/python3.12/site-packages/airflow/example_dags/example_sensors.py                                                                   1           0  0.09s           2025-06-27T16:58:24                      10
/home/airflow/.local/lib/python3.12/site-packages/airflow/example_dags/example_dynamic_task_mapping.py                                                      1           0  0.09s           2025-06-27T16:58:26                      10
/home/airflow/.local/lib/python3.12/site-packages/airflow/example_dags/example_short_circuit_decorator.py                                                   1           0  0.09s           2025-06-27T16:58:29                      10
/home/airflow/.local/lib/python3.12/site-packages/airflow/example_dags/example_python_decorator.py                                                          1           0  0.09s           2025-06-27T16:58:24                      10
/home/airflow/.local/lib/python3.12/site-packages/airflow/example_dags/subdags/subdag.py                                                                    0           0  0.06s           2025-06-27T16:58:31                       3
/home/airflow/.local/lib/python3.12/site-packages/airflow/example_dags/plugins/event_listener.py                                                            0           0  0.06s           2025-06-27T16:58:31                       3
/home/airflow/.local/lib/python3.12/site-packages/airflow/example_dags/plugins/workday.py                                                                   0           0  0.06s           2025-06-27T16:58:31                       3
/home/airflow/.local/lib/python3.12/site-packages/airflow/example_dags/plugins/listener_plugin.py                                                           0           0  0.05s           2025-06-27T16:58:31                       3
/home/airflow/.local/lib/python3.12/site-packages/airflow/example_dags/plugins/decreasing_priority_weight_strategy.py                                       0           0  0.05s           2025-06-27T16:58:31                       3
================================================================================
[2025-06-27T16:59:24.595+0000] {manager.py:997} INFO - 
================================================================================
DAG File Processing Stats

File Path                                                                                                                            PID  Runtime      # DAGs    # Errors  Last Runtime    Last Run               Last # of DB Queries
---------------------------------------------------------------------------------------------------------------------------------  -----  ---------  --------  ----------  --------------  -------------------  ----------------------
/home/airflow/.local/lib/python3.12/site-packages/airflow/example_dags/example_dataset_alias.py                                                             4           0  0.63s           2025-06-27T16:58:59                      27
/home/airflow/.local/lib/python3.12/site-packages/airflow/example_dags/example_inlet_event_extra.py                                                         2           0  0.63s           2025-06-27T16:59:02                      15
/home/airflow/.local/lib/python3.12/site-packages/airflow/example_dags/example_datasets.py                                                                 10           0  0.63s           2025-06-27T16:58:56                      49
/home/airflow/.local/lib/python3.12/site-packages/airflow/example_dags/example_dataset_alias_with_no_taskflow.py                                            4           0  0.61s           2025-06-27T16:58:59                      27
/home/airflow/.local/lib/python3.12/site-packages/airflow/example_dags/example_outlet_event_extra.py                                                        3           0  0.58s           2025-06-27T16:59:00                      19
/home/airflow/.local/lib/python3.12/site-packages/airflow/example_dags/example_dag_decorator.py                                                             1           0  0.23s           2025-06-27T16:58:57                      32
/home/airflow/.local/lib/python3.12/site-packages/airflow/example_dags/example_branch_operator.py                                                           1           0  0.14s           2025-06-27T16:59:01                      12
/home/airflow/.local/lib/python3.12/site-packages/airflow/example_dags/example_bash_decorator.py                                                            1           0  0.13s           2025-06-27T16:59:01                      10
/home/airflow/.local/lib/python3.12/site-packages/airflow/example_dags/example_sla_dag.py                                                                   1           0  0.13s           2025-06-27T16:59:14                      16
/home/airflow/.local/lib/python3.12/site-packages/airflow/example_dags/example_branch_operator_decorator.py                                                 1           0  0.12s           2025-06-27T16:58:56                      12
/home/airflow/.local/lib/python3.12/site-packages/airflow/example_dags/example_kubernetes_executor.py                                                       1           0  0.12s           2025-06-27T16:59:01                      10
/home/airflow/.local/lib/python3.12/site-packages/airflow/example_dags/example_passing_params_via_test_command.py                    402  0.00s             1           0  0.11s           2025-06-27T16:58:54                      12
/home/airflow/.local/lib/python3.12/site-packages/airflow/example_dags/example_params_ui_tutorial.py                                                        1           0  0.11s           2025-06-27T16:58:55                      10
/opt/airflow/dags/new_dag.py                                                                                                         401  0.01s             1           0  0.11s           2025-06-27T16:58:54                      10
/home/airflow/.local/lib/python3.12/site-packages/airflow/example_dags/example_subdag_operator.py                                                           3           0  0.11s           2025-06-27T16:58:55                      20
/home/airflow/.local/lib/python3.12/site-packages/airflow/example_dags/example_params_trigger_ui.py                                                         1           0  0.10s           2025-06-27T16:58:54                      10
/home/airflow/.local/lib/python3.12/site-packages/airflow/example_dags/example_branch_datetime_operator.py                                                  3           0  0.10s           2025-06-27T16:58:56                      18
/home/airflow/.local/lib/python3.12/site-packages/airflow/example_dags/example_skip_dag.py                                                                  1           0  0.10s           2025-06-27T16:58:56                      12
/home/airflow/.local/lib/python3.12/site-packages/airflow/example_dags/example_workday_timetable.py                                                         1           0  0.10s           2025-06-27T16:58:56                      12
/home/airflow/.local/lib/python3.12/site-packages/airflow/example_dags/example_bash_operator.py                                                             1           0  0.10s           2025-06-27T16:58:56                      12
/home/airflow/.local/lib/python3.12/site-packages/airflow/example_dags/example_xcom.py                                                                      1           0  0.10s           2025-06-27T16:58:56                      12
/home/airflow/.local/lib/python3.12/site-packages/airflow/example_dags/example_branch_day_of_week_operator.py                                               1           0  0.10s           2025-06-27T16:58:56                      12
/home/airflow/.local/lib/python3.12/site-packages/airflow/example_dags/example_nested_branch_dag.py                                                         1           0  0.10s           2025-06-27T16:58:54                      12
/home/airflow/.local/lib/python3.12/site-packages/airflow/example_dags/tutorial_dag.py                                                                      1           0  0.10s           2025-06-27T16:59:01                      10
/home/airflow/.local/lib/python3.12/site-packages/airflow/example_dags/tutorial_taskflow_api.py                                                             1           0  0.09s           2025-06-27T16:58:56                      10
/home/airflow/.local/lib/python3.12/site-packages/airflow/example_dags/example_complex.py                                                                   1           0  0.09s           2025-06-27T16:58:55                      10
/home/airflow/.local/lib/python3.12/site-packages/airflow/example_dags/tutorial_taskflow_templates.py                                                       1           0  0.09s           2025-06-27T16:58:56                      12
/home/airflow/.local/lib/python3.12/site-packages/airflow/example_dags/example_latest_only.py                                                               1           0  0.09s           2025-06-27T16:58:55                      12
/home/airflow/.local/lib/python3.12/site-packages/airflow/example_dags/example_task_group_decorator.py                                                      1           0  0.09s           2025-06-27T16:58:55                      10
/home/airflow/.local/lib/python3.12/site-packages/airflow/example_dags/example_branch_labels.py                                                             1           0  0.09s           2025-06-27T16:58:59                      12
/home/airflow/.local/lib/python3.12/site-packages/airflow/example_dags/example_dynamic_task_mapping.py                                                      1           0  0.09s           2025-06-27T16:58:56                      10
/home/airflow/.local/lib/python3.12/site-packages/airflow/example_dags/example_sensors.py                                                                   1           0  0.09s           2025-06-27T16:58:54                      10
/home/airflow/.local/lib/python3.12/site-packages/airflow/example_dags/example_setup_teardown_taskflow.py                                                   1           0  0.09s           2025-06-27T16:58:56                      10
/home/airflow/.local/lib/python3.12/site-packages/airflow/example_dags/example_branch_python_dop_operator_3.py                                              1           0  0.09s           2025-06-27T16:58:57                      12
/home/airflow/.local/lib/python3.12/site-packages/airflow/example_dags/example_xcomargs.py                                                                  2           0  0.09s           2025-06-27T16:58:55                      13
/home/airflow/.local/lib/python3.12/site-packages/airflow/example_dags/example_external_task_marker_dag.py                                                  2           0  0.09s           2025-06-27T16:58:55                      13
/home/airflow/.local/lib/python3.12/site-packages/airflow/example_dags/example_python_decorator.py                                                          1           0  0.09s           2025-06-27T16:58:54                      10
/home/airflow/.local/lib/python3.12/site-packages/airflow/example_dags/tutorial_taskflow_api_virtualenv.py                                                  1           0  0.09s           2025-06-27T16:58:56                      10
/home/airflow/.local/lib/python3.12/site-packages/airflow/example_dags/example_latest_only_with_trigger.py                                                  1           0  0.09s           2025-06-27T16:58:59                      12
/home/airflow/.local/lib/python3.12/site-packages/airflow/example_dags/example_short_circuit_operator.py                                                    1           0  0.09s           2025-06-27T16:58:56                      10
/home/airflow/.local/lib/python3.12/site-packages/airflow/example_dags/tutorial.py                                                                          1           0  0.09s           2025-06-27T16:58:57                      12
/home/airflow/.local/lib/python3.12/site-packages/airflow/example_dags/example_trigger_controller_dag.py                                                    1           0  0.08s           2025-06-27T16:58:56                      12
/home/airflow/.local/lib/python3.12/site-packages/airflow/example_dags/example_short_circuit_decorator.py                                                   1           0  0.08s           2025-06-27T16:58:59                      10
/home/airflow/.local/lib/python3.12/site-packages/airflow/example_dags/tutorial_objectstorage.py                                                            1           0  0.08s           2025-06-27T16:58:56                      10
/home/airflow/.local/lib/python3.12/site-packages/airflow/example_dags/example_trigger_target_dag.py                                                        1           0  0.08s           2025-06-27T16:58:56                      10
/home/airflow/.local/lib/python3.12/site-packages/airflow/example_dags/example_task_group.py                                                                1           0  0.08s           2025-06-27T16:58:59                      10
/home/airflow/.local/lib/python3.12/site-packages/airflow/example_dags/example_python_operator.py                                                           1           0  0.08s           2025-06-27T16:58:57                      10
/home/airflow/.local/lib/python3.12/site-packages/airflow/example_dags/example_local_kubernetes_executor.py                                                 1           0  0.08s           2025-06-27T16:58:59                      10
/home/airflow/.local/lib/python3.12/site-packages/airflow/example_dags/example_setup_teardown.py                                                            1           0  0.08s           2025-06-27T16:58:59                      10
/home/airflow/.local/lib/python3.12/site-packages/airflow/example_dags/example_display_name.py                                                              1           0  0.08s           2025-06-27T16:58:56                      10
/home/airflow/.local/lib/python3.12/site-packages/airflow/example_dags/example_sensor_decorator.py                                                          1           0  0.08s           2025-06-27T16:58:56                      10
/home/airflow/.local/lib/python3.12/site-packages/airflow/example_dags/example_time_delta_sensor_async.py                                                   1           0  0.08s           2025-06-27T16:58:55                      10
/home/airflow/.local/lib/python3.12/site-packages/airflow/example_dags/example_dynamic_task_mapping_with_no_taskflow_operators.py                           1           0  0.08s           2025-06-27T16:58:59                      10
/home/airflow/.local/lib/python3.12/site-packages/airflow/example_dags/plugins/workday.py                                                                   0           0  0.05s           2025-06-27T16:59:01                       3
/home/airflow/.local/lib/python3.12/site-packages/airflow/example_dags/subdags/subdag.py                                                                    0           0  0.05s           2025-06-27T16:59:01                       3
/home/airflow/.local/lib/python3.12/site-packages/airflow/example_dags/plugins/event_listener.py                                                            0           0  0.05s           2025-06-27T16:59:01                       3
/home/airflow/.local/lib/python3.12/site-packages/airflow/example_dags/plugins/listener_plugin.py                                                           0           0  0.04s           2025-06-27T16:59:01                       3
/home/airflow/.local/lib/python3.12/site-packages/airflow/example_dags/plugins/decreasing_priority_weight_strategy.py                                       0           0  0.04s           2025-06-27T16:59:01                       3
================================================================================
[2025-06-27T16:59:55.098+0000] {manager.py:997} INFO - 
================================================================================
DAG File Processing Stats

File Path                                                                                                                            PID  Runtime      # DAGs    # Errors  Last Runtime    Last Run               Last # of DB Queries
---------------------------------------------------------------------------------------------------------------------------------  -----  ---------  --------  ----------  --------------  -------------------  ----------------------
/home/airflow/.local/lib/python3.12/site-packages/airflow/example_dags/example_datasets.py                                                                 10           0  0.62s           2025-06-27T16:59:27                      49
/home/airflow/.local/lib/python3.12/site-packages/airflow/example_dags/example_dataset_alias_with_no_taskflow.py                                            4           0  0.60s           2025-06-27T16:59:30                      27
/home/airflow/.local/lib/python3.12/site-packages/airflow/example_dags/example_inlet_event_extra.py                                                         2           0  0.60s           2025-06-27T16:59:33                      15
/home/airflow/.local/lib/python3.12/site-packages/airflow/example_dags/example_dataset_alias.py                                                             4           0  0.59s           2025-06-27T16:59:30                      27
/home/airflow/.local/lib/python3.12/site-packages/airflow/example_dags/example_outlet_event_extra.py                                                        3           0  0.57s           2025-06-27T16:59:31                      19
/home/airflow/.local/lib/python3.12/site-packages/airflow/example_dags/example_dag_decorator.py                                                             1           0  0.23s           2025-06-27T16:59:27                      32
/home/airflow/.local/lib/python3.12/site-packages/airflow/example_dags/example_nested_branch_dag.py                                                         1           0  0.14s           2025-06-27T16:59:24                      12
/home/airflow/.local/lib/python3.12/site-packages/airflow/example_dags/example_python_decorator.py                                                          1           0  0.12s           2025-06-27T16:59:24                      10
/home/airflow/.local/lib/python3.12/site-packages/airflow/example_dags/example_params_ui_tutorial.py                                                        1           0  0.12s           2025-06-27T16:59:26                      10
/home/airflow/.local/lib/python3.12/site-packages/airflow/example_dags/example_workday_timetable.py                                                         1           0  0.12s           2025-06-27T16:59:26                      12
/home/airflow/.local/lib/python3.12/site-packages/airflow/example_dags/example_branch_operator_decorator.py                                                 1           0  0.12s           2025-06-27T16:59:27                      12
/home/airflow/.local/lib/python3.12/site-packages/airflow/example_dags/example_params_trigger_ui.py                                                         1           0  0.11s           2025-06-27T16:59:25                      10
/home/airflow/.local/lib/python3.12/site-packages/airflow/example_dags/example_branch_datetime_operator.py                                                  3           0  0.11s           2025-06-27T16:59:26                      18
/home/airflow/.local/lib/python3.12/site-packages/airflow/example_dags/example_subdag_operator.py                                                           3           0  0.11s           2025-06-27T16:59:26                      20
/home/airflow/.local/lib/python3.12/site-packages/airflow/example_dags/example_latest_only.py                                                               1           0  0.10s           2025-06-27T16:59:26                      12
/home/airflow/.local/lib/python3.12/site-packages/airflow/example_dags/example_branch_operator.py                                                           1           0  0.10s           2025-06-27T16:59:31                      12
/home/airflow/.local/lib/python3.12/site-packages/airflow/example_dags/example_external_task_marker_dag.py                                                  2           0  0.10s           2025-06-27T16:59:26                      13
/home/airflow/.local/lib/python3.12/site-packages/airflow/example_dags/example_complex.py                                                                   1           0  0.10s           2025-06-27T16:59:26                      10
/home/airflow/.local/lib/python3.12/site-packages/airflow/example_dags/example_passing_params_via_test_command.py                    466  0.00s             1           0  0.10s           2025-06-27T16:59:24                      12
/home/airflow/.local/lib/python3.12/site-packages/airflow/example_dags/example_sensors.py                                                                   1           0  0.10s           2025-06-27T16:59:24                      10
/home/airflow/.local/lib/python3.12/site-packages/airflow/example_dags/tutorial_taskflow_templates.py                                                       1           0  0.10s           2025-06-27T16:59:26                      12
/home/airflow/.local/lib/python3.12/site-packages/airflow/example_dags/example_bash_operator.py                                                             1           0  0.10s           2025-06-27T16:59:27                      12
/home/airflow/.local/lib/python3.12/site-packages/airflow/example_dags/example_branch_labels.py                                                             1           0  0.10s           2025-06-27T16:59:31                      12
/home/airflow/.local/lib/python3.12/site-packages/airflow/example_dags/example_bash_decorator.py                                                            1           0  0.10s           2025-06-27T16:59:31                      10
/home/airflow/.local/lib/python3.12/site-packages/airflow/example_dags/example_xcom.py                                                                      1           0  0.10s           2025-06-27T16:59:27                      12
/opt/airflow/dags/new_dag.py                                                                                                         465  0.01s             1           0  0.10s           2025-06-27T16:59:24                      10
/home/airflow/.local/lib/python3.12/site-packages/airflow/example_dags/example_sla_dag.py                                                                   1           0  0.09s           2025-06-27T16:59:45                      12
/home/airflow/.local/lib/python3.12/site-packages/airflow/example_dags/example_setup_teardown_taskflow.py                                                   1           0  0.09s           2025-06-27T16:59:27                      10
/home/airflow/.local/lib/python3.12/site-packages/airflow/example_dags/example_latest_only_with_trigger.py                                                  1           0  0.09s           2025-06-27T16:59:30                      12
/home/airflow/.local/lib/python3.12/site-packages/airflow/example_dags/example_kubernetes_executor.py                                                       1           0  0.09s           2025-06-27T16:59:31                      10
/home/airflow/.local/lib/python3.12/site-packages/airflow/example_dags/example_local_kubernetes_executor.py                                                 1           0  0.09s           2025-06-27T16:59:30                      10
/home/airflow/.local/lib/python3.12/site-packages/airflow/example_dags/example_branch_python_dop_operator_3.py                                              1           0  0.09s           2025-06-27T16:59:27                      12
/home/airflow/.local/lib/python3.12/site-packages/airflow/example_dags/example_xcomargs.py                                                                  2           0  0.09s           2025-06-27T16:59:26                      13
/home/airflow/.local/lib/python3.12/site-packages/airflow/example_dags/example_skip_dag.py                                                                  1           0  0.09s           2025-06-27T16:59:27                      12
/home/airflow/.local/lib/python3.12/site-packages/airflow/example_dags/example_branch_day_of_week_operator.py                                               1           0  0.09s           2025-06-27T16:59:27                      12
/home/airflow/.local/lib/python3.12/site-packages/airflow/example_dags/example_python_operator.py                                                           1           0  0.09s           2025-06-27T16:59:27                      10
/home/airflow/.local/lib/python3.12/site-packages/airflow/example_dags/example_short_circuit_decorator.py                                                   1           0  0.09s           2025-06-27T16:59:30                      10
/home/airflow/.local/lib/python3.12/site-packages/airflow/example_dags/example_task_group.py                                                                1           0  0.09s           2025-06-27T16:59:30                      10
/home/airflow/.local/lib/python3.12/site-packages/airflow/example_dags/example_task_group_decorator.py                                                      1           0  0.09s           2025-06-27T16:59:26                      10
/home/airflow/.local/lib/python3.12/site-packages/airflow/example_dags/tutorial_dag.py                                                                      1           0  0.09s           2025-06-27T16:59:31                      10
/home/airflow/.local/lib/python3.12/site-packages/airflow/example_dags/example_setup_teardown.py                                                            1           0  0.09s           2025-06-27T16:59:30                      10
/home/airflow/.local/lib/python3.12/site-packages/airflow/example_dags/tutorial.py                                                                          1           0  0.09s           2025-06-27T16:59:27                      12
/home/airflow/.local/lib/python3.12/site-packages/airflow/example_dags/example_trigger_controller_dag.py                                                    1           0  0.08s           2025-06-27T16:59:26                      12
/home/airflow/.local/lib/python3.12/site-packages/airflow/example_dags/example_dynamic_task_mapping.py                                                      1           0  0.08s           2025-06-27T16:59:27                      10
/home/airflow/.local/lib/python3.12/site-packages/airflow/example_dags/example_time_delta_sensor_async.py                                                   1           0  0.08s           2025-06-27T16:59:26                      10
/home/airflow/.local/lib/python3.12/site-packages/airflow/example_dags/tutorial_taskflow_api_virtualenv.py                                                  1           0  0.08s           2025-06-27T16:59:27                      10
/home/airflow/.local/lib/python3.12/site-packages/airflow/example_dags/tutorial_objectstorage.py                                                            1           0  0.08s           2025-06-27T16:59:26                      10
/home/airflow/.local/lib/python3.12/site-packages/airflow/example_dags/example_short_circuit_operator.py                                                    1           0  0.08s           2025-06-27T16:59:27                      10
/home/airflow/.local/lib/python3.12/site-packages/airflow/example_dags/tutorial_taskflow_api.py                                                             1           0  0.08s           2025-06-27T16:59:27                      10
/home/airflow/.local/lib/python3.12/site-packages/airflow/example_dags/example_dynamic_task_mapping_with_no_taskflow_operators.py                           1           0  0.08s           2025-06-27T16:59:30                      10
/home/airflow/.local/lib/python3.12/site-packages/airflow/example_dags/example_sensor_decorator.py                                                          1           0  0.08s           2025-06-27T16:59:27                      10
/home/airflow/.local/lib/python3.12/site-packages/airflow/example_dags/example_trigger_target_dag.py                                                        1           0  0.08s           2025-06-27T16:59:27                      10
/home/airflow/.local/lib/python3.12/site-packages/airflow/example_dags/example_display_name.py                                                              1           0  0.08s           2025-06-27T16:59:27                      10
/home/airflow/.local/lib/python3.12/site-packages/airflow/example_dags/plugins/decreasing_priority_weight_strategy.py                                       0           0  0.05s           2025-06-27T16:59:31                       3
/home/airflow/.local/lib/python3.12/site-packages/airflow/example_dags/plugins/workday.py                                                                   0           0  0.05s           2025-06-27T16:59:31                       3
/home/airflow/.local/lib/python3.12/site-packages/airflow/example_dags/plugins/listener_plugin.py                                                           0           0  0.04s           2025-06-27T16:59:31                       3
/home/airflow/.local/lib/python3.12/site-packages/airflow/example_dags/subdags/subdag.py                                                                    0           0  0.04s           2025-06-27T16:59:31                       3
/home/airflow/.local/lib/python3.12/site-packages/airflow/example_dags/plugins/event_listener.py                                                            0           0  0.04s           2025-06-27T16:59:31                       3
================================================================================
[2025-06-27T17:00:25.413+0000] {manager.py:997} INFO - 
================================================================================
DAG File Processing Stats

File Path                                                                                                                            PID  Runtime      # DAGs    # Errors  Last Runtime    Last Run               Last # of DB Queries
---------------------------------------------------------------------------------------------------------------------------------  -----  ---------  --------  ----------  --------------  -------------------  ----------------------
/home/airflow/.local/lib/python3.12/site-packages/airflow/example_dags/example_datasets.py                                                                 10           0  0.65s           2025-06-27T16:59:57                      49
/home/airflow/.local/lib/python3.12/site-packages/airflow/example_dags/example_outlet_event_extra.py                                                        3           0  0.65s           2025-06-27T17:00:02                      19
/home/airflow/.local/lib/python3.12/site-packages/airflow/example_dags/example_dataset_alias_with_no_taskflow.py                                            4           0  0.63s           2025-06-27T17:00:01                      27
/home/airflow/.local/lib/python3.12/site-packages/airflow/example_dags/example_dataset_alias.py                                                             4           0  0.61s           2025-06-27T17:00:01                      27
/home/airflow/.local/lib/python3.12/site-packages/airflow/example_dags/example_inlet_event_extra.py                                                         2           0  0.59s           2025-06-27T17:00:04                      15
/home/airflow/.local/lib/python3.12/site-packages/airflow/example_dags/example_dag_decorator.py                                                             1           0  0.24s           2025-06-27T16:59:58                      32
/home/airflow/.local/lib/python3.12/site-packages/airflow/example_dags/example_sla_dag.py                                                                   1           0  0.16s           2025-06-27T17:00:15                      19
/home/airflow/.local/lib/python3.12/site-packages/airflow/example_dags/example_branch_operator.py                                                           1           0  0.13s           2025-06-27T17:00:02                      12
/home/airflow/.local/lib/python3.12/site-packages/airflow/example_dags/example_kubernetes_executor.py                                                       1           0  0.12s           2025-06-27T17:00:02                      10
/home/airflow/.local/lib/python3.12/site-packages/airflow/example_dags/example_branch_labels.py                                                             1           0  0.11s           2025-06-27T17:00:02                      12
/home/airflow/.local/lib/python3.12/site-packages/airflow/example_dags/example_workday_timetable.py                                                         1           0  0.11s           2025-06-27T16:59:57                      12
/home/airflow/.local/lib/python3.12/site-packages/airflow/example_dags/example_task_group.py                                                                1           0  0.11s           2025-06-27T17:00:01                      10
/home/airflow/.local/lib/python3.12/site-packages/airflow/example_dags/example_local_kubernetes_executor.py                                                 1           0  0.11s           2025-06-27T17:00:01                      10
/home/airflow/.local/lib/python3.12/site-packages/airflow/example_dags/example_subdag_operator.py                                                           3           0  0.11s           2025-06-27T16:59:56                      20
/home/airflow/.local/lib/python3.12/site-packages/airflow/example_dags/example_branch_datetime_operator.py                                                  3           0  0.11s           2025-06-27T16:59:56                      18
/home/airflow/.local/lib/python3.12/site-packages/airflow/example_dags/example_params_ui_tutorial.py                                                        1           0  0.10s           2025-06-27T16:59:56                      10
/home/airflow/.local/lib/python3.12/site-packages/airflow/example_dags/example_params_trigger_ui.py                                                         1           0  0.10s           2025-06-27T16:59:55                      10
/home/airflow/.local/lib/python3.12/site-packages/airflow/example_dags/example_branch_operator_decorator.py                                                 1           0  0.10s           2025-06-27T16:59:58                      12
/home/airflow/.local/lib/python3.12/site-packages/airflow/example_dags/example_latest_only.py                                                               1           0  0.10s           2025-06-27T16:59:56                      12
/home/airflow/.local/lib/python3.12/site-packages/airflow/example_dags/example_nested_branch_dag.py                                                         1           0  0.10s           2025-06-27T16:59:55                      12
/home/airflow/.local/lib/python3.12/site-packages/airflow/example_dags/example_complex.py                                                                   1           0  0.10s           2025-06-27T16:59:56                      10
/home/airflow/.local/lib/python3.12/site-packages/airflow/example_dags/example_bash_operator.py                                                             1           0  0.10s           2025-06-27T16:59:58                      12
/home/airflow/.local/lib/python3.12/site-packages/airflow/example_dags/example_passing_params_via_test_command.py                    536  0.00s             1           0  0.10s           2025-06-27T16:59:55                      12
/home/airflow/.local/lib/python3.12/site-packages/airflow/example_dags/example_external_task_marker_dag.py                                                  2           0  0.10s           2025-06-27T16:59:56                      13
/home/airflow/.local/lib/python3.12/site-packages/airflow/example_dags/example_setup_teardown.py                                                            1           0  0.10s           2025-06-27T17:00:01                      10
/home/airflow/.local/lib/python3.12/site-packages/airflow/example_dags/example_latest_only_with_trigger.py                                                  1           0  0.09s           2025-06-27T17:00:01                      12
/home/airflow/.local/lib/python3.12/site-packages/airflow/example_dags/tutorial_taskflow_templates.py                                                       1           0  0.09s           2025-06-27T16:59:57                      12
/opt/airflow/dags/new_dag.py                                                                                                         535  0.01s             1           0  0.09s           2025-06-27T16:59:55                      10
/home/airflow/.local/lib/python3.12/site-packages/airflow/example_dags/example_branch_day_of_week_operator.py                                               1           0  0.09s           2025-06-27T16:59:57                      12
/home/airflow/.local/lib/python3.12/site-packages/airflow/example_dags/example_bash_decorator.py                                                            1           0  0.09s           2025-06-27T17:00:02                      10
/home/airflow/.local/lib/python3.12/site-packages/airflow/example_dags/tutorial_dag.py                                                                      1           0  0.09s           2025-06-27T17:00:02                      10
/home/airflow/.local/lib/python3.12/site-packages/airflow/example_dags/example_dynamic_task_mapping_with_no_taskflow_operators.py                           1           0  0.09s           2025-06-27T17:00:01                      10
/home/airflow/.local/lib/python3.12/site-packages/airflow/example_dags/example_branch_python_dop_operator_3.py                                              1           0  0.09s           2025-06-27T16:59:58                      12
/home/airflow/.local/lib/python3.12/site-packages/airflow/example_dags/example_trigger_controller_dag.py                                                    1           0  0.09s           2025-06-27T16:59:57                      12
/home/airflow/.local/lib/python3.12/site-packages/airflow/example_dags/example_task_group_decorator.py                                                      1           0  0.09s           2025-06-27T16:59:56                      10
/home/airflow/.local/lib/python3.12/site-packages/airflow/example_dags/example_xcomargs.py                                                                  2           0  0.09s           2025-06-27T16:59:56                      13
/home/airflow/.local/lib/python3.12/site-packages/airflow/example_dags/example_sensors.py                                                                   1           0  0.09s           2025-06-27T16:59:55                      10
/home/airflow/.local/lib/python3.12/site-packages/airflow/example_dags/example_display_name.py                                                              1           0  0.09s           2025-06-27T16:59:57                      10
/home/airflow/.local/lib/python3.12/site-packages/airflow/example_dags/example_short_circuit_decorator.py                                                   1           0  0.09s           2025-06-27T17:00:01                      10
/home/airflow/.local/lib/python3.12/site-packages/airflow/example_dags/example_short_circuit_operator.py                                                    1           0  0.09s           2025-06-27T16:59:57                      10
/home/airflow/.local/lib/python3.12/site-packages/airflow/example_dags/example_skip_dag.py                                                                  1           0  0.09s           2025-06-27T16:59:57                      12
/home/airflow/.local/lib/python3.12/site-packages/airflow/example_dags/example_sensor_decorator.py                                                          1           0  0.09s           2025-06-27T16:59:57                      10
/home/airflow/.local/lib/python3.12/site-packages/airflow/example_dags/tutorial.py                                                                          1           0  0.09s           2025-06-27T16:59:58                      12
/home/airflow/.local/lib/python3.12/site-packages/airflow/example_dags/example_setup_teardown_taskflow.py                                                   1           0  0.08s           2025-06-27T16:59:58                      10
/home/airflow/.local/lib/python3.12/site-packages/airflow/example_dags/example_python_operator.py                                                           1           0  0.08s           2025-06-27T16:59:58                      10
/home/airflow/.local/lib/python3.12/site-packages/airflow/example_dags/example_xcom.py                                                                      1           0  0.08s           2025-06-27T16:59:58                      12
/home/airflow/.local/lib/python3.12/site-packages/airflow/example_dags/example_python_decorator.py                                                          1           0  0.08s           2025-06-27T16:59:55                      10
/home/airflow/.local/lib/python3.12/site-packages/airflow/example_dags/tutorial_taskflow_api.py                                                             1           0  0.08s           2025-06-27T16:59:57                      10
/home/airflow/.local/lib/python3.12/site-packages/airflow/example_dags/tutorial_taskflow_api_virtualenv.py                                                  1           0  0.08s           2025-06-27T16:59:57                      10
/home/airflow/.local/lib/python3.12/site-packages/airflow/example_dags/example_time_delta_sensor_async.py                                                   1           0  0.08s           2025-06-27T16:59:56                      10
/home/airflow/.local/lib/python3.12/site-packages/airflow/example_dags/example_dynamic_task_mapping.py                                                      1           0  0.08s           2025-06-27T16:59:58                      10
/home/airflow/.local/lib/python3.12/site-packages/airflow/example_dags/tutorial_objectstorage.py                                                            1           0  0.08s           2025-06-27T16:59:57                      10
/home/airflow/.local/lib/python3.12/site-packages/airflow/example_dags/example_trigger_target_dag.py                                                        1           0  0.08s           2025-06-27T16:59:58                      10
/home/airflow/.local/lib/python3.12/site-packages/airflow/example_dags/plugins/workday.py                                                                   0           0  0.06s           2025-06-27T17:00:02                       3
/home/airflow/.local/lib/python3.12/site-packages/airflow/example_dags/subdags/subdag.py                                                                    0           0  0.05s           2025-06-27T17:00:02                       3
/home/airflow/.local/lib/python3.12/site-packages/airflow/example_dags/plugins/listener_plugin.py                                                           0           0  0.05s           2025-06-27T17:00:02                       3
/home/airflow/.local/lib/python3.12/site-packages/airflow/example_dags/plugins/event_listener.py                                                            0           0  0.05s           2025-06-27T17:00:02                       3
/home/airflow/.local/lib/python3.12/site-packages/airflow/example_dags/plugins/decreasing_priority_weight_strategy.py                                       0           0  0.04s           2025-06-27T17:00:02                       3
================================================================================
[2025-06-27T17:00:56.053+0000] {manager.py:997} INFO - 
================================================================================
DAG File Processing Stats

File Path                                                                                                                            PID  Runtime      # DAGs    # Errors  Last Runtime    Last Run               Last # of DB Queries
---------------------------------------------------------------------------------------------------------------------------------  -----  ---------  --------  ----------  --------------  -------------------  ----------------------
/home/airflow/.local/lib/python3.12/site-packages/airflow/example_dags/example_datasets.py                                                                 10           0  0.68s           2025-06-27T17:00:28                      49
/home/airflow/.local/lib/python3.12/site-packages/airflow/example_dags/example_inlet_event_extra.py                                                         2           0  0.66s           2025-06-27T17:00:35                      15
/home/airflow/.local/lib/python3.12/site-packages/airflow/example_dags/example_dataset_alias.py                                                             4           0  0.65s           2025-06-27T17:00:32                      27
/home/airflow/.local/lib/python3.12/site-packages/airflow/example_dags/example_outlet_event_extra.py                                                        3           0  0.63s           2025-06-27T17:00:32                      19
/home/airflow/.local/lib/python3.12/site-packages/airflow/example_dags/example_dataset_alias_with_no_taskflow.py                                            4           0  0.62s           2025-06-27T17:00:32                      27
/home/airflow/.local/lib/python3.12/site-packages/airflow/example_dags/example_dag_decorator.py                                                             1           0  0.23s           2025-06-27T17:00:28                      32
/home/airflow/.local/lib/python3.12/site-packages/airflow/example_dags/example_sla_dag.py                                                                   1           0  0.15s           2025-06-27T17:00:45                      16
/home/airflow/.local/lib/python3.12/site-packages/airflow/example_dags/example_workday_timetable.py                                                         1           0  0.14s           2025-06-27T17:00:27                      12
/home/airflow/.local/lib/python3.12/site-packages/airflow/example_dags/example_branch_datetime_operator.py                                                  3           0  0.13s           2025-06-27T17:00:27                      18
/home/airflow/.local/lib/python3.12/site-packages/airflow/example_dags/example_subdag_operator.py                                                           3           0  0.12s           2025-06-27T17:00:27                      20
/home/airflow/.local/lib/python3.12/site-packages/airflow/example_dags/example_trigger_controller_dag.py                                                    1           0  0.11s           2025-06-27T17:00:27                      12
/home/airflow/.local/lib/python3.12/site-packages/airflow/example_dags/example_branch_operator.py                                                           1           0  0.11s           2025-06-27T17:00:32                      12
/home/airflow/.local/lib/python3.12/site-packages/airflow/example_dags/example_skip_dag.py                                                                  1           0  0.11s           2025-06-27T17:00:28                      12
/home/airflow/.local/lib/python3.12/site-packages/airflow/example_dags/tutorial_taskflow_templates.py                                                       1           0  0.11s           2025-06-27T17:00:27                      12
/home/airflow/.local/lib/python3.12/site-packages/airflow/example_dags/example_params_ui_tutorial.py                                                        1           0  0.11s           2025-06-27T17:00:26                      10
/home/airflow/.local/lib/python3.12/site-packages/airflow/example_dags/example_branch_operator_decorator.py                                                 1           0  0.10s           2025-06-27T17:00:28                      12
/home/airflow/.local/lib/python3.12/site-packages/airflow/example_dags/example_kubernetes_executor.py                                                       1           0  0.10s           2025-06-27T17:00:32                      10
/home/airflow/.local/lib/python3.12/site-packages/airflow/example_dags/tutorial_objectstorage.py                                                            1           0  0.10s           2025-06-27T17:00:27                      10
/home/airflow/.local/lib/python3.12/site-packages/airflow/example_dags/tutorial_taskflow_api_virtualenv.py                                                  1           0  0.10s           2025-06-27T17:00:27                      10
/home/airflow/.local/lib/python3.12/site-packages/airflow/example_dags/example_branch_day_of_week_operator.py                                               1           0  0.10s           2025-06-27T17:00:28                      12
/home/airflow/.local/lib/python3.12/site-packages/airflow/example_dags/example_xcomargs.py                                                                  2           0  0.10s           2025-06-27T17:00:27                      13
/home/airflow/.local/lib/python3.12/site-packages/airflow/example_dags/example_xcom.py                                                                      1           0  0.10s           2025-06-27T17:00:28                      12
/home/airflow/.local/lib/python3.12/site-packages/airflow/example_dags/example_complex.py                                                                   1           0  0.10s           2025-06-27T17:00:27                      10
/home/airflow/.local/lib/python3.12/site-packages/airflow/example_dags/example_short_circuit_decorator.py                                                   1           0  0.10s           2025-06-27T17:00:32                      10
/home/airflow/.local/lib/python3.12/site-packages/airflow/example_dags/example_sensor_decorator.py                                                          1           0  0.10s           2025-06-27T17:00:27                      10
/home/airflow/.local/lib/python3.12/site-packages/airflow/example_dags/example_params_trigger_ui.py                                                         1           0  0.10s           2025-06-27T17:00:25                      10
/home/airflow/.local/lib/python3.12/site-packages/airflow/example_dags/example_bash_operator.py                                                             1           0  0.10s           2025-06-27T17:00:28                      12
/home/airflow/.local/lib/python3.12/site-packages/airflow/example_dags/example_local_kubernetes_executor.py                                                 1           0  0.10s           2025-06-27T17:00:32                      10
/home/airflow/.local/lib/python3.12/site-packages/airflow/example_dags/example_setup_teardown.py                                                            1           0  0.10s           2025-06-27T17:00:32                      10
/home/airflow/.local/lib/python3.12/site-packages/airflow/example_dags/example_latest_only_with_trigger.py                                                  1           0  0.10s           2025-06-27T17:00:32                      12
/home/airflow/.local/lib/python3.12/site-packages/airflow/example_dags/example_short_circuit_operator.py                                                    1           0  0.09s           2025-06-27T17:00:27                      10
/home/airflow/.local/lib/python3.12/site-packages/airflow/example_dags/example_display_name.py                                                              1           0  0.09s           2025-06-27T17:00:27                      10
/home/airflow/.local/lib/python3.12/site-packages/airflow/example_dags/example_passing_params_via_test_command.py                    600  0.01s             1           0  0.09s           2025-06-27T17:00:25                      12
/home/airflow/.local/lib/python3.12/site-packages/airflow/example_dags/tutorial_dag.py                                                                      1           0  0.09s           2025-06-27T17:00:32                      10
/home/airflow/.local/lib/python3.12/site-packages/airflow/example_dags/example_nested_branch_dag.py                                                         1           0  0.09s           2025-06-27T17:00:25                      12
/home/airflow/.local/lib/python3.12/site-packages/airflow/example_dags/example_branch_labels.py                                                             1           0  0.09s           2025-06-27T17:00:32                      12
/home/airflow/.local/lib/python3.12/site-packages/airflow/example_dags/example_branch_python_dop_operator_3.py                                              1           0  0.09s           2025-06-27T17:00:29                      12
/home/airflow/.local/lib/python3.12/site-packages/airflow/example_dags/example_latest_only.py                                                               1           0  0.09s           2025-06-27T17:00:26                      12
/home/airflow/.local/lib/python3.12/site-packages/airflow/example_dags/example_task_group_decorator.py                                                      1           0  0.09s           2025-06-27T17:00:27                      10
/home/airflow/.local/lib/python3.12/site-packages/airflow/example_dags/example_task_group.py                                                                1           0  0.09s           2025-06-27T17:00:32                      10
/home/airflow/.local/lib/python3.12/site-packages/airflow/example_dags/example_time_delta_sensor_async.py                                                   1           0  0.09s           2025-06-27T17:00:27                      10
/home/airflow/.local/lib/python3.12/site-packages/airflow/example_dags/example_bash_decorator.py                                                            1           0  0.09s           2025-06-27T17:00:32                      10
/opt/airflow/dags/new_dag.py                                                                                                         599  0.01s             1           0  0.09s           2025-06-27T17:00:25                      10
/home/airflow/.local/lib/python3.12/site-packages/airflow/example_dags/tutorial.py                                                                          1           0  0.09s           2025-06-27T17:00:29                      12
/home/airflow/.local/lib/python3.12/site-packages/airflow/example_dags/example_external_task_marker_dag.py                                                  2           0  0.08s           2025-06-27T17:00:26                      13
/home/airflow/.local/lib/python3.12/site-packages/airflow/example_dags/example_dynamic_task_mapping.py                                                      1           0  0.08s           2025-06-27T17:00:28                      10
/home/airflow/.local/lib/python3.12/site-packages/airflow/example_dags/example_python_decorator.py                                                          1           0  0.08s           2025-06-27T17:00:25                      10
/home/airflow/.local/lib/python3.12/site-packages/airflow/example_dags/example_dynamic_task_mapping_with_no_taskflow_operators.py                           1           0  0.08s           2025-06-27T17:00:32                      10
/home/airflow/.local/lib/python3.12/site-packages/airflow/example_dags/example_sensors.py                                                                   1           0  0.08s           2025-06-27T17:00:25                      10
/home/airflow/.local/lib/python3.12/site-packages/airflow/example_dags/example_python_operator.py                                                           1           0  0.08s           2025-06-27T17:00:28                      10
/home/airflow/.local/lib/python3.12/site-packages/airflow/example_dags/example_setup_teardown_taskflow.py                                                   1           0  0.08s           2025-06-27T17:00:28                      10
/home/airflow/.local/lib/python3.12/site-packages/airflow/example_dags/tutorial_taskflow_api.py                                                             1           0  0.08s           2025-06-27T17:00:28                      10
/home/airflow/.local/lib/python3.12/site-packages/airflow/example_dags/example_trigger_target_dag.py                                                        1           0  0.08s           2025-06-27T17:00:28                      10
/home/airflow/.local/lib/python3.12/site-packages/airflow/example_dags/plugins/listener_plugin.py                                                           0           0  0.05s           2025-06-27T17:00:33                       3
/home/airflow/.local/lib/python3.12/site-packages/airflow/example_dags/plugins/workday.py                                                                   0           0  0.05s           2025-06-27T17:00:32                       3
/home/airflow/.local/lib/python3.12/site-packages/airflow/example_dags/subdags/subdag.py                                                                    0           0  0.04s           2025-06-27T17:00:32                       3
/home/airflow/.local/lib/python3.12/site-packages/airflow/example_dags/plugins/decreasing_priority_weight_strategy.py                                       0           0  0.04s           2025-06-27T17:00:33                       3
/home/airflow/.local/lib/python3.12/site-packages/airflow/example_dags/plugins/event_listener.py                                                            0           0  0.04s           2025-06-27T17:00:32                       3
================================================================================
[2025-06-27T17:01:26.557+0000] {manager.py:997} INFO - 
================================================================================
DAG File Processing Stats

File Path                                                                                                                            PID  Runtime      # DAGs    # Errors  Last Runtime    Last Run               Last # of DB Queries
---------------------------------------------------------------------------------------------------------------------------------  -----  ---------  --------  ----------  --------------  -------------------  ----------------------
/home/airflow/.local/lib/python3.12/site-packages/airflow/example_dags/example_dataset_alias_with_no_taskflow.py                                            4           0  1.26s           2025-06-27T17:01:03                      27
/home/airflow/.local/lib/python3.12/site-packages/airflow/example_dags/example_dataset_alias.py                                                             4           0  1.24s           2025-06-27T17:01:03                      27
/home/airflow/.local/lib/python3.12/site-packages/airflow/example_dags/example_outlet_event_extra.py                                                        3           0  0.92s           2025-06-27T17:01:05                      19
/home/airflow/.local/lib/python3.12/site-packages/airflow/example_dags/example_datasets.py                                                                 10           0  0.84s           2025-06-27T17:01:00                      49
/home/airflow/.local/lib/python3.12/site-packages/airflow/example_dags/example_inlet_event_extra.py                                                         2           0  0.74s           2025-06-27T17:01:06                      15
/home/airflow/.local/lib/python3.12/site-packages/airflow/example_dags/example_subdag_operator.py                                                           3           0  0.29s           2025-06-27T17:00:58                      20
/home/airflow/.local/lib/python3.12/site-packages/airflow/example_dags/example_dag_decorator.py                                                             1           0  0.29s           2025-06-27T17:01:00                      32
/home/airflow/.local/lib/python3.12/site-packages/airflow/example_dags/example_complex.py                                                                   1           0  0.24s           2025-06-27T17:00:58                      10
/home/airflow/.local/lib/python3.12/site-packages/airflow/example_dags/example_task_group_decorator.py                                                      1           0  0.23s           2025-06-27T17:00:58                      10
/home/airflow/.local/lib/python3.12/site-packages/airflow/example_dags/example_branch_operator.py                                                           1           0  0.22s           2025-06-27T17:01:05                      12
/home/airflow/.local/lib/python3.12/site-packages/airflow/example_dags/example_branch_datetime_operator.py                                                  3           0  0.19s           2025-06-27T17:00:58                      18
/home/airflow/.local/lib/python3.12/site-packages/airflow/example_dags/example_time_delta_sensor_async.py                                                   1           0  0.18s           2025-06-27T17:00:58                      10
/home/airflow/.local/lib/python3.12/site-packages/airflow/example_dags/example_sensor_decorator.py                                                          1           0  0.18s           2025-06-27T17:00:59                      10
/home/airflow/.local/lib/python3.12/site-packages/airflow/example_dags/example_params_ui_tutorial.py                                                        1           0  0.18s           2025-06-27T17:00:57                      10
/home/airflow/.local/lib/python3.12/site-packages/airflow/example_dags/example_short_circuit_operator.py                                                    1           0  0.18s           2025-06-27T17:00:59                      10
/home/airflow/.local/lib/python3.12/site-packages/airflow/example_dags/tutorial_taskflow_templates.py                                                       1           0  0.18s           2025-06-27T17:00:58                      12
/home/airflow/.local/lib/python3.12/site-packages/airflow/example_dags/example_xcomargs.py                                                                  2           0  0.17s           2025-06-27T17:00:58                      13
/home/airflow/.local/lib/python3.12/site-packages/airflow/example_dags/example_nested_branch_dag.py                                                         1           0  0.17s           2025-06-27T17:00:56                      12
/home/airflow/.local/lib/python3.12/site-packages/airflow/example_dags/example_display_name.py                                                              1           0  0.17s           2025-06-27T17:00:59                      10
/home/airflow/.local/lib/python3.12/site-packages/airflow/example_dags/example_workday_timetable.py                                                         1           0  0.17s           2025-06-27T17:00:58                      12
/home/airflow/.local/lib/python3.12/site-packages/airflow/example_dags/example_local_kubernetes_executor.py                                                 1           0  0.17s           2025-06-27T17:01:04                      10
/home/airflow/.local/lib/python3.12/site-packages/airflow/example_dags/example_skip_dag.py                                                                  1           0  0.17s           2025-06-27T17:00:59                      12
/home/airflow/.local/lib/python3.12/site-packages/airflow/example_dags/example_bash_operator.py                                                             1           0  0.17s           2025-06-27T17:01:00                      12
/home/airflow/.local/lib/python3.12/site-packages/airflow/example_dags/tutorial_objectstorage.py                                                            1           0  0.15s           2025-06-27T17:00:58                      10
/home/airflow/.local/lib/python3.12/site-packages/airflow/example_dags/example_branch_day_of_week_operator.py                                               1           0  0.15s           2025-06-27T17:00:59                      12
/home/airflow/.local/lib/python3.12/site-packages/airflow/example_dags/example_latest_only.py                                                               1           0  0.15s           2025-06-27T17:00:57                      12
/home/airflow/.local/lib/python3.12/site-packages/airflow/example_dags/example_sensors.py                                                                   1           0  0.15s           2025-06-27T17:00:56                      10
/home/airflow/.local/lib/python3.12/site-packages/airflow/example_dags/example_branch_python_dop_operator_3.py                                              1           0  0.14s           2025-06-27T17:01:00                      12
/home/airflow/.local/lib/python3.12/site-packages/airflow/example_dags/example_dynamic_task_mapping_with_no_taskflow_operators.py                           1           0  0.14s           2025-06-27T17:01:04                      10
/home/airflow/.local/lib/python3.12/site-packages/airflow/example_dags/example_python_decorator.py                                                          1           0  0.14s           2025-06-27T17:00:56                      10
/home/airflow/.local/lib/python3.12/site-packages/airflow/example_dags/example_params_trigger_ui.py                                                         1           0  0.14s           2025-06-27T17:00:56                      10
/home/airflow/.local/lib/python3.12/site-packages/airflow/example_dags/example_branch_labels.py                                                             1           0  0.14s           2025-06-27T17:01:04                      12
/home/airflow/.local/lib/python3.12/site-packages/airflow/example_dags/example_xcom.py                                                                      1           0  0.14s           2025-06-27T17:00:59                      12
/home/airflow/.local/lib/python3.12/site-packages/airflow/example_dags/example_sla_dag.py                                                                   1           0  0.14s           2025-06-27T17:01:16                      16
/home/airflow/.local/lib/python3.12/site-packages/airflow/example_dags/example_external_task_marker_dag.py                                                  2           0  0.14s           2025-06-27T17:00:57                      13
/home/airflow/.local/lib/python3.12/site-packages/airflow/example_dags/tutorial_taskflow_api_virtualenv.py                                                  1           0  0.14s           2025-06-27T17:00:58                      10
/home/airflow/.local/lib/python3.12/site-packages/airflow/example_dags/example_latest_only_with_trigger.py                                                  1           0  0.14s           2025-06-27T17:01:04                      12
/home/airflow/.local/lib/python3.12/site-packages/airflow/example_dags/tutorial.py                                                                          1           0  0.14s           2025-06-27T17:01:00                      12
/home/airflow/.local/lib/python3.12/site-packages/airflow/example_dags/example_short_circuit_decorator.py                                                   1           0  0.14s           2025-06-27T17:01:04                      10
/home/airflow/.local/lib/python3.12/site-packages/airflow/example_dags/example_branch_operator_decorator.py                                                 1           0  0.14s           2025-06-27T17:00:59                      12
/home/airflow/.local/lib/python3.12/site-packages/airflow/example_dags/example_trigger_controller_dag.py                                                    1           0  0.14s           2025-06-27T17:00:58                      12
/home/airflow/.local/lib/python3.12/site-packages/airflow/example_dags/example_bash_decorator.py                                                            1           0  0.13s           2025-06-27T17:01:04                      10
/home/airflow/.local/lib/python3.12/site-packages/airflow/example_dags/example_setup_teardown_taskflow.py                                                   1           0  0.13s           2025-06-27T17:00:59                      10
/home/airflow/.local/lib/python3.12/site-packages/airflow/example_dags/example_python_operator.py                                                           1           0  0.13s           2025-06-27T17:01:00                      10
/home/airflow/.local/lib/python3.12/site-packages/airflow/example_dags/example_kubernetes_executor.py                                                       1           0  0.13s           2025-06-27T17:01:05                      10
/home/airflow/.local/lib/python3.12/site-packages/airflow/example_dags/example_task_group.py                                                                1           0  0.13s           2025-06-27T17:01:04                      10
/home/airflow/.local/lib/python3.12/site-packages/airflow/example_dags/tutorial_taskflow_api.py                                                             1           0  0.13s           2025-06-27T17:00:59                      10
/home/airflow/.local/lib/python3.12/site-packages/airflow/example_dags/example_setup_teardown.py                                                            1           0  0.13s           2025-06-27T17:01:04                      10
/home/airflow/.local/lib/python3.12/site-packages/airflow/example_dags/example_passing_params_via_test_command.py                    669  0.00s             1           0  0.12s           2025-06-27T17:00:56                      12
/home/airflow/.local/lib/python3.12/site-packages/airflow/example_dags/example_dynamic_task_mapping.py                                                      1           0  0.12s           2025-06-27T17:00:59                      10
/home/airflow/.local/lib/python3.12/site-packages/airflow/example_dags/tutorial_dag.py                                                                      1           0  0.11s           2025-06-27T17:01:05                      10
/opt/airflow/dags/new_dag.py                                                                                                         668  0.01s             1           0  0.11s           2025-06-27T17:00:56                      10
/home/airflow/.local/lib/python3.12/site-packages/airflow/example_dags/example_trigger_target_dag.py                                                        1           0  0.11s           2025-06-27T17:01:00                      10
/home/airflow/.local/lib/python3.12/site-packages/airflow/example_dags/plugins/event_listener.py                                                            0           0  0.07s           2025-06-27T17:01:05                       3
/home/airflow/.local/lib/python3.12/site-packages/airflow/example_dags/subdags/subdag.py                                                                    0           0  0.06s           2025-06-27T17:01:05                       3
/home/airflow/.local/lib/python3.12/site-packages/airflow/example_dags/plugins/listener_plugin.py                                                           0           0  0.06s           2025-06-27T17:01:05                       3
/home/airflow/.local/lib/python3.12/site-packages/airflow/example_dags/plugins/workday.py                                                                   0           0  0.06s           2025-06-27T17:01:05                       3
/home/airflow/.local/lib/python3.12/site-packages/airflow/example_dags/plugins/decreasing_priority_weight_strategy.py                                       0           0  0.05s           2025-06-27T17:01:05                       3
================================================================================
[2025-06-27T17:01:57.464+0000] {manager.py:997} INFO - 
================================================================================
DAG File Processing Stats

File Path                                                                                                                            PID  Runtime      # DAGs    # Errors  Last Runtime    Last Run               Last # of DB Queries
---------------------------------------------------------------------------------------------------------------------------------  -----  ---------  --------  ----------  --------------  -------------------  ----------------------
/home/airflow/.local/lib/python3.12/site-packages/airflow/example_dags/tutorial_taskflow_templates.py                                                       1           0  1.60s           2025-06-27T17:01:31                      12
/home/airflow/.local/lib/python3.12/site-packages/airflow/example_dags/tutorial_taskflow_api_virtualenv.py                                                  1           0  1.16s           2025-06-27T17:01:31                      10
/home/airflow/.local/lib/python3.12/site-packages/airflow/example_dags/tutorial_objectstorage.py                                                            1           0  0.74s           2025-06-27T17:01:30                      10
/home/airflow/.local/lib/python3.12/site-packages/airflow/example_dags/example_dataset_alias_with_no_taskflow.py                                            4           0  0.70s           2025-06-27T17:01:35                      27
/home/airflow/.local/lib/python3.12/site-packages/airflow/example_dags/example_dataset_alias.py                                                             4           0  0.68s           2025-06-27T17:01:35                      27
/home/airflow/.local/lib/python3.12/site-packages/airflow/example_dags/example_datasets.py                                                                 10           0  0.68s           2025-06-27T17:01:32                      49
/home/airflow/.local/lib/python3.12/site-packages/airflow/example_dags/example_outlet_event_extra.py                                                        3           0  0.62s           2025-06-27T17:01:36                      19
/home/airflow/.local/lib/python3.12/site-packages/airflow/example_dags/example_inlet_event_extra.py                                                         2           0  0.62s           2025-06-27T17:01:37                      15
/home/airflow/.local/lib/python3.12/site-packages/airflow/example_dags/example_display_name.py                                                              1           0  0.43s           2025-06-27T17:01:32                      10
/home/airflow/.local/lib/python3.12/site-packages/airflow/example_dags/example_task_group.py                                                                1           0  0.30s           2025-06-27T17:01:35                      10
/home/airflow/.local/lib/python3.12/site-packages/airflow/example_dags/example_dag_decorator.py                                                             1           0  0.27s           2025-06-27T17:01:33                      32
/home/airflow/.local/lib/python3.12/site-packages/airflow/example_dags/example_workday_timetable.py                                                         1           0  0.12s           2025-06-27T17:01:29                      12
/home/airflow/.local/lib/python3.12/site-packages/airflow/example_dags/example_params_ui_tutorial.py                                                        1           0  0.12s           2025-06-27T17:01:28                      10
/home/airflow/.local/lib/python3.12/site-packages/airflow/example_dags/example_nested_branch_dag.py                                                         1           0  0.12s           2025-06-27T17:01:26                      12
/home/airflow/.local/lib/python3.12/site-packages/airflow/example_dags/example_subdag_operator.py                                                           3           0  0.12s           2025-06-27T17:01:28                      20
/home/airflow/.local/lib/python3.12/site-packages/airflow/example_dags/example_branch_operator.py                                                           1           0  0.12s           2025-06-27T17:01:36                      12
/home/airflow/.local/lib/python3.12/site-packages/airflow/example_dags/example_branch_operator_decorator.py                                                 1           0  0.11s           2025-06-27T17:01:33                      12
/home/airflow/.local/lib/python3.12/site-packages/airflow/example_dags/example_params_trigger_ui.py                                                         1           0  0.11s           2025-06-27T17:01:26                      10
/home/airflow/.local/lib/python3.12/site-packages/airflow/example_dags/example_sensors.py                                                                   1           0  0.11s           2025-06-27T17:01:26                      10
/home/airflow/.local/lib/python3.12/site-packages/airflow/example_dags/example_passing_params_via_test_command.py                    733  0.00s             1           0  0.11s           2025-06-27T17:01:26                      12
/home/airflow/.local/lib/python3.12/site-packages/airflow/example_dags/example_complex.py                                                                   1           0  0.11s           2025-06-27T17:01:28                      10
/home/airflow/.local/lib/python3.12/site-packages/airflow/example_dags/example_branch_datetime_operator.py                                                  3           0  0.11s           2025-06-27T17:01:29                      18
/home/airflow/.local/lib/python3.12/site-packages/airflow/example_dags/example_branch_labels.py                                                             1           0  0.11s           2025-06-27T17:01:35                      12
/home/airflow/.local/lib/python3.12/site-packages/airflow/example_dags/example_bash_operator.py                                                             1           0  0.10s           2025-06-27T17:01:33                      12
/home/airflow/.local/lib/python3.12/site-packages/airflow/example_dags/example_local_kubernetes_executor.py                                                 1           0  0.10s           2025-06-27T17:01:35                      10
/home/airflow/.local/lib/python3.12/site-packages/airflow/example_dags/example_task_group_decorator.py                                                      1           0  0.10s           2025-06-27T17:01:28                      10
/opt/airflow/dags/new_dag.py                                                                                                         732  0.01s             1           0  0.10s           2025-06-27T17:01:26                      10
/home/airflow/.local/lib/python3.12/site-packages/airflow/example_dags/example_bash_decorator.py                                                            1           0  0.10s           2025-06-27T17:01:36                      10
/home/airflow/.local/lib/python3.12/site-packages/airflow/example_dags/example_sla_dag.py                                                                   1           0  0.10s           2025-06-27T17:01:47                      12
/home/airflow/.local/lib/python3.12/site-packages/airflow/example_dags/example_branch_python_dop_operator_3.py                                              1           0  0.10s           2025-06-27T17:01:33                      12
/home/airflow/.local/lib/python3.12/site-packages/airflow/example_dags/tutorial.py                                                                          1           0  0.10s           2025-06-27T17:01:33                      12
/home/airflow/.local/lib/python3.12/site-packages/airflow/example_dags/example_latest_only_with_trigger.py                                                  1           0  0.10s           2025-06-27T17:01:35                      12
/home/airflow/.local/lib/python3.12/site-packages/airflow/example_dags/example_trigger_target_dag.py                                                        1           0  0.10s           2025-06-27T17:01:33                      10
/home/airflow/.local/lib/python3.12/site-packages/airflow/example_dags/example_short_circuit_decorator.py                                                   1           0  0.10s           2025-06-27T17:01:35                      10
/home/airflow/.local/lib/python3.12/site-packages/airflow/example_dags/example_python_decorator.py                                                          1           0  0.10s           2025-06-27T17:01:26                      10
/home/airflow/.local/lib/python3.12/site-packages/airflow/example_dags/example_branch_day_of_week_operator.py                                               1           0  0.10s           2025-06-27T17:01:32                      12
/home/airflow/.local/lib/python3.12/site-packages/airflow/example_dags/example_kubernetes_executor.py                                                       1           0  0.10s           2025-06-27T17:01:36                      10
/home/airflow/.local/lib/python3.12/site-packages/airflow/example_dags/example_skip_dag.py                                                                  1           0  0.10s           2025-06-27T17:01:32                      12
/home/airflow/.local/lib/python3.12/site-packages/airflow/example_dags/example_xcomargs.py                                                                  2           0  0.09s           2025-06-27T17:01:29                      13
/home/airflow/.local/lib/python3.12/site-packages/airflow/example_dags/example_setup_teardown.py                                                            1           0  0.09s           2025-06-27T17:01:35                      10
/home/airflow/.local/lib/python3.12/site-packages/airflow/example_dags/example_python_operator.py                                                           1           0  0.09s           2025-06-27T17:01:33                      10
/home/airflow/.local/lib/python3.12/site-packages/airflow/example_dags/example_xcom.py                                                                      1           0  0.09s           2025-06-27T17:01:33                      12
/home/airflow/.local/lib/python3.12/site-packages/airflow/example_dags/example_latest_only.py                                                               1           0  0.09s           2025-06-27T17:01:27                      12
/home/airflow/.local/lib/python3.12/site-packages/airflow/example_dags/example_trigger_controller_dag.py                                                    1           0  0.09s           2025-06-27T17:01:29                      12
/home/airflow/.local/lib/python3.12/site-packages/airflow/example_dags/example_short_circuit_operator.py                                                    1           0  0.09s           2025-06-27T17:01:32                      10
/home/airflow/.local/lib/python3.12/site-packages/airflow/example_dags/example_external_task_marker_dag.py                                                  2           0  0.09s           2025-06-27T17:01:27                      13
/home/airflow/.local/lib/python3.12/site-packages/airflow/example_dags/example_dynamic_task_mapping_with_no_taskflow_operators.py                           1           0  0.09s           2025-06-27T17:01:35                      10
/home/airflow/.local/lib/python3.12/site-packages/airflow/example_dags/example_setup_teardown_taskflow.py                                                   1           0  0.09s           2025-06-27T17:01:33                      10
/home/airflow/.local/lib/python3.12/site-packages/airflow/example_dags/example_sensor_decorator.py                                                          1           0  0.09s           2025-06-27T17:01:32                      10
/home/airflow/.local/lib/python3.12/site-packages/airflow/example_dags/example_time_delta_sensor_async.py                                                   1           0  0.09s           2025-06-27T17:01:28                      10
/home/airflow/.local/lib/python3.12/site-packages/airflow/example_dags/tutorial_dag.py                                                                      1           0  0.08s           2025-06-27T17:01:36                      10
/home/airflow/.local/lib/python3.12/site-packages/airflow/example_dags/example_dynamic_task_mapping.py                                                      1           0  0.08s           2025-06-27T17:01:33                      10
/home/airflow/.local/lib/python3.12/site-packages/airflow/example_dags/tutorial_taskflow_api.py                                                             1           0  0.08s           2025-06-27T17:01:32                      10
/home/airflow/.local/lib/python3.12/site-packages/airflow/example_dags/plugins/decreasing_priority_weight_strategy.py                                       0           0  0.05s           2025-06-27T17:01:36                       3
/home/airflow/.local/lib/python3.12/site-packages/airflow/example_dags/subdags/subdag.py                                                                    0           0  0.05s           2025-06-27T17:01:36                       3
/home/airflow/.local/lib/python3.12/site-packages/airflow/example_dags/plugins/event_listener.py                                                            0           0  0.04s           2025-06-27T17:01:36                       3
/home/airflow/.local/lib/python3.12/site-packages/airflow/example_dags/plugins/workday.py                                                                   0           0  0.04s           2025-06-27T17:01:36                       3
/home/airflow/.local/lib/python3.12/site-packages/airflow/example_dags/plugins/listener_plugin.py                                                           0           0  0.04s           2025-06-27T17:01:36                       3
================================================================================
[2025-06-27T17:02:27.927+0000] {manager.py:997} INFO - 
================================================================================
DAG File Processing Stats

File Path                                                                                                                            PID  Runtime      # DAGs    # Errors  Last Runtime    Last Run               Last # of DB Queries
---------------------------------------------------------------------------------------------------------------------------------  -----  ---------  --------  ----------  --------------  -------------------  ----------------------
/home/airflow/.local/lib/python3.12/site-packages/airflow/example_dags/example_datasets.py                                                                 10           0  0.65s           2025-06-27T17:02:04                      49
/home/airflow/.local/lib/python3.12/site-packages/airflow/example_dags/example_dataset_alias_with_no_taskflow.py                                            4           0  0.62s           2025-06-27T17:02:05                      27
/home/airflow/.local/lib/python3.12/site-packages/airflow/example_dags/example_dataset_alias.py                                                             4           0  0.61s           2025-06-27T17:02:05                      27
/home/airflow/.local/lib/python3.12/site-packages/airflow/example_dags/example_outlet_event_extra.py                                                        3           0  0.58s           2025-06-27T17:02:07                      19
/home/airflow/.local/lib/python3.12/site-packages/airflow/example_dags/example_inlet_event_extra.py                                                         2           0  0.56s           2025-06-27T17:02:08                      15
/home/airflow/.local/lib/python3.12/site-packages/airflow/example_dags/example_dag_decorator.py                                                             1           0  0.23s           2025-06-27T17:02:04                      32
/home/airflow/.local/lib/python3.12/site-packages/airflow/example_dags/example_sla_dag.py                                                                   1           0  0.17s           2025-06-27T17:02:17                      19
/home/airflow/.local/lib/python3.12/site-packages/airflow/example_dags/example_workday_timetable.py                                                         1           0  0.16s           2025-06-27T17:02:00                      12
/home/airflow/.local/lib/python3.12/site-packages/airflow/example_dags/example_branch_datetime_operator.py                                                  3           0  0.12s           2025-06-27T17:02:00                      18
/home/airflow/.local/lib/python3.12/site-packages/airflow/example_dags/example_trigger_controller_dag.py                                                    1           0  0.12s           2025-06-27T17:02:00                      12
/home/airflow/.local/lib/python3.12/site-packages/airflow/example_dags/example_nested_branch_dag.py                                                         1           0  0.11s           2025-06-27T17:01:57                      12
/home/airflow/.local/lib/python3.12/site-packages/airflow/example_dags/example_passing_params_via_test_command.py                    803  0.00s             1           0  0.11s           2025-06-27T17:01:57                      12
/home/airflow/.local/lib/python3.12/site-packages/airflow/example_dags/tutorial_objectstorage.py                                                            1           0  0.11s           2025-06-27T17:02:00                      10
/home/airflow/.local/lib/python3.12/site-packages/airflow/example_dags/example_params_trigger_ui.py                                                         1           0  0.11s           2025-06-27T17:01:57                      10
/home/airflow/.local/lib/python3.12/site-packages/airflow/example_dags/example_branch_operator.py                                                           1           0  0.11s           2025-06-27T17:02:06                      12
/opt/airflow/dags/new_dag.py                                                                                                         802  0.01s             1           0  0.11s           2025-06-27T17:01:57                      10
/home/airflow/.local/lib/python3.12/site-packages/airflow/example_dags/example_branch_operator_decorator.py                                                 1           0  0.11s           2025-06-27T17:02:04                      12
/home/airflow/.local/lib/python3.12/site-packages/airflow/example_dags/example_xcomargs.py                                                                  2           0  0.11s           2025-06-27T17:02:00                      13
/home/airflow/.local/lib/python3.12/site-packages/airflow/example_dags/example_subdag_operator.py                                                           3           0  0.10s           2025-06-27T17:01:59                      20
/home/airflow/.local/lib/python3.12/site-packages/airflow/example_dags/example_branch_labels.py                                                             1           0  0.10s           2025-06-27T17:02:06                      12
/home/airflow/.local/lib/python3.12/site-packages/airflow/example_dags/example_params_ui_tutorial.py                                                        1           0  0.10s           2025-06-27T17:01:58                      10
/home/airflow/.local/lib/python3.12/site-packages/airflow/example_dags/example_xcom.py                                                                      1           0  0.10s           2025-06-27T17:02:04                      12
/home/airflow/.local/lib/python3.12/site-packages/airflow/example_dags/example_sensors.py                                                                   1           0  0.10s           2025-06-27T17:01:57                      10
/home/airflow/.local/lib/python3.12/site-packages/airflow/example_dags/example_bash_operator.py                                                             1           0  0.10s           2025-06-27T17:02:04                      12
/home/airflow/.local/lib/python3.12/site-packages/airflow/example_dags/tutorial_taskflow_templates.py                                                       1           0  0.10s           2025-06-27T17:02:02                      12
/home/airflow/.local/lib/python3.12/site-packages/airflow/example_dags/example_local_kubernetes_executor.py                                                 1           0  0.09s           2025-06-27T17:02:06                      10
/home/airflow/.local/lib/python3.12/site-packages/airflow/example_dags/example_latest_only_with_trigger.py                                                  1           0  0.09s           2025-06-27T17:02:06                      12
/home/airflow/.local/lib/python3.12/site-packages/airflow/example_dags/example_complex.py                                                                   1           0  0.09s           2025-06-27T17:01:59                      10
/home/airflow/.local/lib/python3.12/site-packages/airflow/example_dags/example_branch_python_dop_operator_3.py                                              1           0  0.09s           2025-06-27T17:02:04                      12
/home/airflow/.local/lib/python3.12/site-packages/airflow/example_dags/example_latest_only.py                                                               1           0  0.09s           2025-06-27T17:01:58                      12
/home/airflow/.local/lib/python3.12/site-packages/airflow/example_dags/example_bash_decorator.py                                                            1           0  0.09s           2025-06-27T17:02:06                      10
/home/airflow/.local/lib/python3.12/site-packages/airflow/example_dags/example_skip_dag.py                                                                  1           0  0.09s           2025-06-27T17:02:02                      12
/home/airflow/.local/lib/python3.12/site-packages/airflow/example_dags/example_python_decorator.py                                                          1           0  0.09s           2025-06-27T17:01:57                      10
/home/airflow/.local/lib/python3.12/site-packages/airflow/example_dags/example_branch_day_of_week_operator.py                                               1           0  0.09s           2025-06-27T17:02:03                      12
/home/airflow/.local/lib/python3.12/site-packages/airflow/example_dags/example_short_circuit_operator.py                                                    1           0  0.09s           2025-06-27T17:02:02                      10
/home/airflow/.local/lib/python3.12/site-packages/airflow/example_dags/example_display_name.py                                                              1           0  0.09s           2025-06-27T17:02:02                      10
/home/airflow/.local/lib/python3.12/site-packages/airflow/example_dags/example_short_circuit_decorator.py                                                   1           0  0.09s           2025-06-27T17:02:06                      10
/home/airflow/.local/lib/python3.12/site-packages/airflow/example_dags/example_external_task_marker_dag.py                                                  2           0  0.09s           2025-06-27T17:01:58                      13
/home/airflow/.local/lib/python3.12/site-packages/airflow/example_dags/example_task_group_decorator.py                                                      1           0  0.09s           2025-06-27T17:01:59                      10
/home/airflow/.local/lib/python3.12/site-packages/airflow/example_dags/tutorial.py                                                                          1           0  0.09s           2025-06-27T17:02:04                      12
/home/airflow/.local/lib/python3.12/site-packages/airflow/example_dags/example_python_operator.py                                                           1           0  0.09s           2025-06-27T17:02:04                      10
/home/airflow/.local/lib/python3.12/site-packages/airflow/example_dags/example_sensor_decorator.py                                                          1           0  0.09s           2025-06-27T17:02:02                      10
/home/airflow/.local/lib/python3.12/site-packages/airflow/example_dags/example_kubernetes_executor.py                                                       1           0  0.09s           2025-06-27T17:02:06                      10
/home/airflow/.local/lib/python3.12/site-packages/airflow/example_dags/example_setup_teardown.py                                                            1           0  0.09s           2025-06-27T17:02:06                      10
/home/airflow/.local/lib/python3.12/site-packages/airflow/example_dags/example_setup_teardown_taskflow.py                                                   1           0  0.09s           2025-06-27T17:02:04                      10
/home/airflow/.local/lib/python3.12/site-packages/airflow/example_dags/example_task_group.py                                                                1           0  0.09s           2025-06-27T17:02:06                      10
/home/airflow/.local/lib/python3.12/site-packages/airflow/example_dags/tutorial_taskflow_api_virtualenv.py                                                  1           0  0.08s           2025-06-27T17:02:02                      10
/home/airflow/.local/lib/python3.12/site-packages/airflow/example_dags/tutorial_dag.py                                                                      1           0  0.08s           2025-06-27T17:02:06                      10
/home/airflow/.local/lib/python3.12/site-packages/airflow/example_dags/example_dynamic_task_mapping.py                                                      1           0  0.08s           2025-06-27T17:02:04                      10
/home/airflow/.local/lib/python3.12/site-packages/airflow/example_dags/example_trigger_target_dag.py                                                        1           0  0.08s           2025-06-27T17:02:04                      10
/home/airflow/.local/lib/python3.12/site-packages/airflow/example_dags/tutorial_taskflow_api.py                                                             1           0  0.08s           2025-06-27T17:02:03                      10
/home/airflow/.local/lib/python3.12/site-packages/airflow/example_dags/example_dynamic_task_mapping_with_no_taskflow_operators.py                           1           0  0.08s           2025-06-27T17:02:06                      10
/home/airflow/.local/lib/python3.12/site-packages/airflow/example_dags/example_time_delta_sensor_async.py                                                   1           0  0.08s           2025-06-27T17:01:59                      10
/home/airflow/.local/lib/python3.12/site-packages/airflow/example_dags/plugins/workday.py                                                                   0           0  0.05s           2025-06-27T17:02:06                       3
/home/airflow/.local/lib/python3.12/site-packages/airflow/example_dags/plugins/decreasing_priority_weight_strategy.py                                       0           0  0.04s           2025-06-27T17:02:06                       3
/home/airflow/.local/lib/python3.12/site-packages/airflow/example_dags/subdags/subdag.py                                                                    0           0  0.04s           2025-06-27T17:02:06                       3
/home/airflow/.local/lib/python3.12/site-packages/airflow/example_dags/plugins/listener_plugin.py                                                           0           0  0.04s           2025-06-27T17:02:06                       3
/home/airflow/.local/lib/python3.12/site-packages/airflow/example_dags/plugins/event_listener.py                                                            0           0  0.04s           2025-06-27T17:02:06                       3
================================================================================
[2025-06-27T17:02:53.278+0000] {manager.py:821} INFO - Searching for files in /opt/airflow/dags
[2025-06-27T17:02:53.304+0000] {manager.py:824} INFO - There are 58 files in /opt/airflow/dags
[2025-06-27T17:02:58.697+0000] {manager.py:997} INFO - 
================================================================================
DAG File Processing Stats

File Path                                                                                                                            PID  Runtime      # DAGs    # Errors  Last Runtime    Last Run               Last # of DB Queries
---------------------------------------------------------------------------------------------------------------------------------  -----  ---------  --------  ----------  --------------  -------------------  ----------------------
/home/airflow/.local/lib/python3.12/site-packages/airflow/example_dags/example_dataset_alias_with_no_taskflow.py                                            4           0  0.65s           2025-06-27T17:02:36                      27
/home/airflow/.local/lib/python3.12/site-packages/airflow/example_dags/example_dataset_alias.py                                                             4           0  0.63s           2025-06-27T17:02:36                      27
/home/airflow/.local/lib/python3.12/site-packages/airflow/example_dags/example_datasets.py                                                                 10           0  0.63s           2025-06-27T17:02:35                      49
/home/airflow/.local/lib/python3.12/site-packages/airflow/example_dags/example_outlet_event_extra.py                                                        3           0  0.59s           2025-06-27T17:02:38                      19
/home/airflow/.local/lib/python3.12/site-packages/airflow/example_dags/example_inlet_event_extra.py                                                         2           0  0.57s           2025-06-27T17:02:38                      15
/home/airflow/.local/lib/python3.12/site-packages/airflow/example_dags/example_dag_decorator.py                                                             1           0  0.24s           2025-06-27T17:02:35                      32
/home/airflow/.local/lib/python3.12/site-packages/airflow/example_dags/example_sla_dag.py                                                                   1           0  0.13s           2025-06-27T17:02:48                      16
/home/airflow/.local/lib/python3.12/site-packages/airflow/example_dags/example_params_ui_tutorial.py                                                        1           0  0.12s           2025-06-27T17:02:29                      10
/home/airflow/.local/lib/python3.12/site-packages/airflow/example_dags/example_subdag_operator.py                                                           3           0  0.11s           2025-06-27T17:02:29                      20
/home/airflow/.local/lib/python3.12/site-packages/airflow/example_dags/example_branch_operator_decorator.py                                                 1           0  0.11s           2025-06-27T17:02:34                      12
/home/airflow/.local/lib/python3.12/site-packages/airflow/example_dags/example_branch_operator.py                                                           1           0  0.11s           2025-06-27T17:02:37                      12
/home/airflow/.local/lib/python3.12/site-packages/airflow/example_dags/example_workday_timetable.py                                                         1           0  0.10s           2025-06-27T17:02:30                      12
/home/airflow/.local/lib/python3.12/site-packages/airflow/example_dags/example_branch_labels.py                                                             1           0  0.10s           2025-06-27T17:02:37                      12
/home/airflow/.local/lib/python3.12/site-packages/airflow/example_dags/tutorial_taskflow_templates.py                                                       1           0  0.10s           2025-06-27T17:02:33                      12
/home/airflow/.local/lib/python3.12/site-packages/airflow/example_dags/example_latest_only.py                                                               1           0  0.10s           2025-06-27T17:02:29                      12
/home/airflow/.local/lib/python3.12/site-packages/airflow/example_dags/example_params_trigger_ui.py                                                         1           0  0.10s           2025-06-27T17:02:28                      10
/home/airflow/.local/lib/python3.12/site-packages/airflow/example_dags/example_external_task_marker_dag.py                                                  2           0  0.10s           2025-06-27T17:02:29                      13
/home/airflow/.local/lib/python3.12/site-packages/airflow/example_dags/example_branch_datetime_operator.py                                                  3           0  0.10s           2025-06-27T17:02:30                      18
/home/airflow/.local/lib/python3.12/site-packages/airflow/example_dags/example_complex.py                                                                   1           0  0.10s           2025-06-27T17:02:29                      10
/home/airflow/.local/lib/python3.12/site-packages/airflow/example_dags/example_latest_only_with_trigger.py                                                  1           0  0.10s           2025-06-27T17:02:37                      12
/home/airflow/.local/lib/python3.12/site-packages/airflow/example_dags/example_bash_operator.py                                                             1           0  0.10s           2025-06-27T17:02:35                      12
/home/airflow/.local/lib/python3.12/site-packages/airflow/example_dags/example_task_group.py                                                                1           0  0.10s           2025-06-27T17:02:36                      10
/home/airflow/.local/lib/python3.12/site-packages/airflow/example_dags/example_local_kubernetes_executor.py                                                 1           0  0.09s           2025-06-27T17:02:36                      10
/home/airflow/.local/lib/python3.12/site-packages/airflow/example_dags/example_setup_teardown.py                                                            1           0  0.09s           2025-06-27T17:02:36                      10
/home/airflow/.local/lib/python3.12/site-packages/airflow/example_dags/example_task_group_decorator.py                                                      1           0  0.09s           2025-06-27T17:02:29                      10
/home/airflow/.local/lib/python3.12/site-packages/airflow/example_dags/example_passing_params_via_test_command.py                    867  0.00s             1           0  0.09s           2025-06-27T17:02:28                      12
/home/airflow/.local/lib/python3.12/site-packages/airflow/example_dags/example_branch_day_of_week_operator.py                                               1           0  0.09s           2025-06-27T17:02:34                      12
/home/airflow/.local/lib/python3.12/site-packages/airflow/example_dags/example_branch_python_dop_operator_3.py                                              1           0  0.09s           2025-06-27T17:02:35                      12
/home/airflow/.local/lib/python3.12/site-packages/airflow/example_dags/example_setup_teardown_taskflow.py                                                   1           0  0.09s           2025-06-27T17:02:34                      10
/home/airflow/.local/lib/python3.12/site-packages/airflow/example_dags/example_kubernetes_executor.py                                                       1           0  0.09s           2025-06-27T17:02:37                      10
/home/airflow/.local/lib/python3.12/site-packages/airflow/example_dags/tutorial_taskflow_api_virtualenv.py                                                  1           0  0.09s           2025-06-27T17:02:33                      10
/home/airflow/.local/lib/python3.12/site-packages/airflow/example_dags/example_nested_branch_dag.py                                                         1           0  0.09s           2025-06-27T17:02:28                      12
/home/airflow/.local/lib/python3.12/site-packages/airflow/example_dags/example_xcomargs.py                                                                  2           0  0.09s           2025-06-27T17:02:30                      13
/home/airflow/.local/lib/python3.12/site-packages/airflow/example_dags/example_xcom.py                                                                      1           0  0.09s           2025-06-27T17:02:34                      12
/home/airflow/.local/lib/python3.12/site-packages/airflow/example_dags/example_short_circuit_decorator.py                                                   1           0  0.09s           2025-06-27T17:02:37                      10
/home/airflow/.local/lib/python3.12/site-packages/airflow/example_dags/example_bash_decorator.py                                                            1           0  0.09s           2025-06-27T17:02:37                      10
/home/airflow/.local/lib/python3.12/site-packages/airflow/example_dags/example_trigger_controller_dag.py                                                    1           0  0.09s           2025-06-27T17:02:30                      12
/home/airflow/.local/lib/python3.12/site-packages/airflow/example_dags/tutorial_objectstorage.py                                                            1           0  0.09s           2025-06-27T17:02:30                      10
/home/airflow/.local/lib/python3.12/site-packages/airflow/example_dags/example_python_decorator.py                                                          1           0  0.09s           2025-06-27T17:02:28                      10
/home/airflow/.local/lib/python3.12/site-packages/airflow/example_dags/example_skip_dag.py                                                                  1           0  0.09s           2025-06-27T17:02:33                      12
/home/airflow/.local/lib/python3.12/site-packages/airflow/example_dags/example_dynamic_task_mapping.py                                                      1           0  0.09s           2025-06-27T17:02:34                      10
/home/airflow/.local/lib/python3.12/site-packages/airflow/example_dags/tutorial.py                                                                          1           0  0.09s           2025-06-27T17:02:35                      12
/opt/airflow/dags/new_dag.py                                                                                                         866  0.01s             1           0  0.09s           2025-06-27T17:02:27                      10
/home/airflow/.local/lib/python3.12/site-packages/airflow/example_dags/example_python_operator.py                                                           1           0  0.08s           2025-06-27T17:02:35                      10
/home/airflow/.local/lib/python3.12/site-packages/airflow/example_dags/example_sensors.py                                                                   1           0  0.08s           2025-06-27T17:02:28                      10
/home/airflow/.local/lib/python3.12/site-packages/airflow/example_dags/tutorial_dag.py                                                                      1           0  0.08s           2025-06-27T17:02:37                      10
/home/airflow/.local/lib/python3.12/site-packages/airflow/example_dags/example_display_name.py                                                              1           0  0.08s           2025-06-27T17:02:33                      10
/home/airflow/.local/lib/python3.12/site-packages/airflow/example_dags/example_short_circuit_operator.py                                                    1           0  0.08s           2025-06-27T17:02:33                      10
/home/airflow/.local/lib/python3.12/site-packages/airflow/example_dags/example_dynamic_task_mapping_with_no_taskflow_operators.py                           1           0  0.08s           2025-06-27T17:02:36                      10
/home/airflow/.local/lib/python3.12/site-packages/airflow/example_dags/example_time_delta_sensor_async.py                                                   1           0  0.08s           2025-06-27T17:02:29                      10
/home/airflow/.local/lib/python3.12/site-packages/airflow/example_dags/example_sensor_decorator.py                                                          1           0  0.08s           2025-06-27T17:02:33                      10
/home/airflow/.local/lib/python3.12/site-packages/airflow/example_dags/example_trigger_target_dag.py                                                        1           0  0.08s           2025-06-27T17:02:35                      10
/home/airflow/.local/lib/python3.12/site-packages/airflow/example_dags/tutorial_taskflow_api.py                                                             1           0  0.08s           2025-06-27T17:02:34                      10
/home/airflow/.local/lib/python3.12/site-packages/airflow/example_dags/subdags/subdag.py                                                                    0           0  0.04s           2025-06-27T17:02:37                       3
/home/airflow/.local/lib/python3.12/site-packages/airflow/example_dags/plugins/event_listener.py                                                            0           0  0.04s           2025-06-27T17:02:37                       3
/home/airflow/.local/lib/python3.12/site-packages/airflow/example_dags/plugins/workday.py                                                                   0           0  0.04s           2025-06-27T17:02:37                       3
/home/airflow/.local/lib/python3.12/site-packages/airflow/example_dags/plugins/listener_plugin.py                                                           0           0  0.04s           2025-06-27T17:02:37                       3
/home/airflow/.local/lib/python3.12/site-packages/airflow/example_dags/plugins/decreasing_priority_weight_strategy.py                                       0           0  0.04s           2025-06-27T17:02:37                       3
================================================================================
[2025-06-27T17:03:29.202+0000] {manager.py:997} INFO - 
================================================================================
DAG File Processing Stats

File Path                                                                                                                            PID  Runtime      # DAGs    # Errors  Last Runtime    Last Run               Last # of DB Queries
---------------------------------------------------------------------------------------------------------------------------------  -----  ---------  --------  ----------  --------------  -------------------  ----------------------
/home/airflow/.local/lib/python3.12/site-packages/airflow/example_dags/example_datasets.py                                                                 10           0  0.67s           2025-06-27T17:03:05                      49
/home/airflow/.local/lib/python3.12/site-packages/airflow/example_dags/example_outlet_event_extra.py                                                        3           0  0.61s           2025-06-27T17:03:10                      19
/home/airflow/.local/lib/python3.12/site-packages/airflow/example_dags/example_dataset_alias_with_no_taskflow.py                                            4           0  0.60s           2025-06-27T17:03:07                      27
/home/airflow/.local/lib/python3.12/site-packages/airflow/example_dags/example_dataset_alias.py                                                             4           0  0.59s           2025-06-27T17:03:07                      27
/home/airflow/.local/lib/python3.12/site-packages/airflow/example_dags/example_inlet_event_extra.py                                                         2           0  0.58s           2025-06-27T17:03:10                      15
/home/airflow/.local/lib/python3.12/site-packages/airflow/example_dags/example_dag_decorator.py                                                             1           0  0.24s           2025-06-27T17:03:05                      32
/home/airflow/.local/lib/python3.12/site-packages/airflow/example_dags/example_workday_timetable.py                                                         1           0  0.14s           2025-06-27T17:03:01                      12
/home/airflow/.local/lib/python3.12/site-packages/airflow/example_dags/example_sla_dag.py                                                                   1           0  0.14s           2025-06-27T17:03:19                      16
/home/airflow/.local/lib/python3.12/site-packages/airflow/example_dags/example_branch_day_of_week_operator.py                                               1           0  0.12s           2025-06-27T17:03:05                      12
/home/airflow/.local/lib/python3.12/site-packages/airflow/example_dags/example_branch_operator_decorator.py                                                 1           0  0.11s           2025-06-27T17:03:05                      12
/home/airflow/.local/lib/python3.12/site-packages/airflow/example_dags/example_trigger_controller_dag.py                                                    1           0  0.11s           2025-06-27T17:03:01                      12
/home/airflow/.local/lib/python3.12/site-packages/airflow/example_dags/example_params_trigger_ui.py                                                         1           0  0.11s           2025-06-27T17:02:59                      10
/home/airflow/.local/lib/python3.12/site-packages/airflow/example_dags/tutorial.py                                                                          1           0  0.11s           2025-06-27T17:03:05                      12
/home/airflow/.local/lib/python3.12/site-packages/airflow/example_dags/example_branch_datetime_operator.py                                                  3           0  0.11s           2025-06-27T17:03:01                      18
/home/airflow/.local/lib/python3.12/site-packages/airflow/example_dags/tutorial_taskflow_templates.py                                                       1           0  0.11s           2025-06-27T17:03:03                      12
/home/airflow/.local/lib/python3.12/site-packages/airflow/example_dags/example_subdag_operator.py                                                           3           0  0.11s           2025-06-27T17:03:00                      20
/home/airflow/.local/lib/python3.12/site-packages/airflow/example_dags/example_params_ui_tutorial.py                                                        1           0  0.11s           2025-06-27T17:03:00                      10
/home/airflow/.local/lib/python3.12/site-packages/airflow/example_dags/example_bash_operator.py                                                             1           0  0.10s           2025-06-27T17:03:05                      12
/home/airflow/.local/lib/python3.12/site-packages/airflow/example_dags/example_passing_params_via_test_command.py                    936  0.00s             1           0  0.10s           2025-06-27T17:02:58                      12
/home/airflow/.local/lib/python3.12/site-packages/airflow/example_dags/tutorial_taskflow_api.py                                                             1           0  0.10s           2025-06-27T17:03:05                      10
/home/airflow/.local/lib/python3.12/site-packages/airflow/example_dags/example_task_group.py                                                                1           0  0.10s           2025-06-27T17:03:07                      10
/home/airflow/.local/lib/python3.12/site-packages/airflow/example_dags/example_branch_operator.py                                                           1           0  0.10s           2025-06-27T17:03:08                      12
/home/airflow/.local/lib/python3.12/site-packages/airflow/example_dags/example_branch_labels.py                                                             1           0  0.10s           2025-06-27T17:03:08                      12
/home/airflow/.local/lib/python3.12/site-packages/airflow/example_dags/example_nested_branch_dag.py                                                         1           0  0.10s           2025-06-27T17:02:58                      12
/opt/airflow/dags/new_dag.py                                                                                                         935  0.01s             1           0  0.10s           2025-06-27T17:02:58                      10
/home/airflow/.local/lib/python3.12/site-packages/airflow/example_dags/tutorial_objectstorage.py                                                            1           0  0.10s           2025-06-27T17:03:01                      10
/home/airflow/.local/lib/python3.12/site-packages/airflow/example_dags/example_sensor_decorator.py                                                          1           0  0.10s           2025-06-27T17:03:03                      10
/home/airflow/.local/lib/python3.12/site-packages/airflow/example_dags/example_xcomargs.py                                                                  2           0  0.10s           2025-06-27T17:03:01                      13
/home/airflow/.local/lib/python3.12/site-packages/airflow/example_dags/example_python_operator.py                                                           1           0  0.10s           2025-06-27T17:03:05                      10
/home/airflow/.local/lib/python3.12/site-packages/airflow/example_dags/example_branch_python_dop_operator_3.py                                              1           0  0.10s           2025-06-27T17:03:06                      12
/home/airflow/.local/lib/python3.12/site-packages/airflow/example_dags/example_complex.py                                                                   1           0  0.10s           2025-06-27T17:03:00                      10
/home/airflow/.local/lib/python3.12/site-packages/airflow/example_dags/example_display_name.py                                                              1           0  0.10s           2025-06-27T17:03:03                      10
/home/airflow/.local/lib/python3.12/site-packages/airflow/example_dags/example_latest_only_with_trigger.py                                                  1           0  0.10s           2025-06-27T17:03:07                      12
/home/airflow/.local/lib/python3.12/site-packages/airflow/example_dags/example_skip_dag.py                                                                  1           0  0.09s           2025-06-27T17:03:04                      12
/home/airflow/.local/lib/python3.12/site-packages/airflow/example_dags/example_xcom.py                                                                      1           0  0.09s           2025-06-27T17:03:05                      12
/home/airflow/.local/lib/python3.12/site-packages/airflow/example_dags/example_latest_only.py                                                               1           0  0.09s           2025-06-27T17:03:00                      12
/home/airflow/.local/lib/python3.12/site-packages/airflow/example_dags/example_dynamic_task_mapping.py                                                      1           0  0.09s           2025-06-27T17:03:05                      10
/home/airflow/.local/lib/python3.12/site-packages/airflow/example_dags/example_sensors.py                                                                   1           0  0.09s           2025-06-27T17:02:58                      10
/home/airflow/.local/lib/python3.12/site-packages/airflow/example_dags/example_bash_decorator.py                                                            1           0  0.09s           2025-06-27T17:03:08                      10
/home/airflow/.local/lib/python3.12/site-packages/airflow/example_dags/tutorial_taskflow_api_virtualenv.py                                                  1           0  0.09s           2025-06-27T17:03:03                      10
/home/airflow/.local/lib/python3.12/site-packages/airflow/example_dags/example_short_circuit_decorator.py                                                   1           0  0.09s           2025-06-27T17:03:07                      10
/home/airflow/.local/lib/python3.12/site-packages/airflow/example_dags/example_short_circuit_operator.py                                                    1           0  0.09s           2025-06-27T17:03:03                      10
/home/airflow/.local/lib/python3.12/site-packages/airflow/example_dags/example_task_group_decorator.py                                                      1           0  0.09s           2025-06-27T17:03:00                      10
/home/airflow/.local/lib/python3.12/site-packages/airflow/example_dags/example_external_task_marker_dag.py                                                  2           0  0.09s           2025-06-27T17:03:00                      13
/home/airflow/.local/lib/python3.12/site-packages/airflow/example_dags/example_dynamic_task_mapping_with_no_taskflow_operators.py                           1           0  0.09s           2025-06-27T17:03:07                      10
/home/airflow/.local/lib/python3.12/site-packages/airflow/example_dags/example_kubernetes_executor.py                                                       1           0  0.09s           2025-06-27T17:03:08                      10
/home/airflow/.local/lib/python3.12/site-packages/airflow/example_dags/example_local_kubernetes_executor.py                                                 1           0  0.09s           2025-06-27T17:03:07                      10
/home/airflow/.local/lib/python3.12/site-packages/airflow/example_dags/example_setup_teardown_taskflow.py                                                   1           0  0.09s           2025-06-27T17:03:05                      10
/home/airflow/.local/lib/python3.12/site-packages/airflow/example_dags/example_python_decorator.py                                                          1           0  0.09s           2025-06-27T17:02:58                      10
/home/airflow/.local/lib/python3.12/site-packages/airflow/example_dags/example_setup_teardown.py                                                            1           0  0.09s           2025-06-27T17:03:07                      10
/home/airflow/.local/lib/python3.12/site-packages/airflow/example_dags/example_trigger_target_dag.py                                                        1           0  0.08s           2025-06-27T17:03:05                      10
/home/airflow/.local/lib/python3.12/site-packages/airflow/example_dags/example_time_delta_sensor_async.py                                                   1           0  0.08s           2025-06-27T17:03:00                      10
/home/airflow/.local/lib/python3.12/site-packages/airflow/example_dags/tutorial_dag.py                                                                      1           0  0.08s           2025-06-27T17:03:08                      10
/home/airflow/.local/lib/python3.12/site-packages/airflow/example_dags/plugins/decreasing_priority_weight_strategy.py                                       0           0  0.05s           2025-06-27T17:03:08                       3
/home/airflow/.local/lib/python3.12/site-packages/airflow/example_dags/plugins/event_listener.py                                                            0           0  0.05s           2025-06-27T17:03:08                       3
/home/airflow/.local/lib/python3.12/site-packages/airflow/example_dags/plugins/listener_plugin.py                                                           0           0  0.04s           2025-06-27T17:03:08                       3
/home/airflow/.local/lib/python3.12/site-packages/airflow/example_dags/plugins/workday.py                                                                   0           0  0.04s           2025-06-27T17:03:08                       3
/home/airflow/.local/lib/python3.12/site-packages/airflow/example_dags/subdags/subdag.py                                                                    0           0  0.04s           2025-06-27T17:03:08                       3
================================================================================
[2025-06-27T17:03:59.983+0000] {manager.py:997} INFO - 
================================================================================
DAG File Processing Stats

File Path                                                                                                                            PID  Runtime      # DAGs    # Errors  Last Runtime    Last Run               Last # of DB Queries
---------------------------------------------------------------------------------------------------------------------------------  -----  ---------  --------  ----------  --------------  -------------------  ----------------------
/home/airflow/.local/lib/python3.12/site-packages/airflow/example_dags/example_datasets.py                                                                 10           0  0.62s           2025-06-27T17:03:36                      49
/home/airflow/.local/lib/python3.12/site-packages/airflow/example_dags/example_outlet_event_extra.py                                                        3           0  0.60s           2025-06-27T17:03:40                      19
/home/airflow/.local/lib/python3.12/site-packages/airflow/example_dags/example_dataset_alias.py                                                             4           0  0.59s           2025-06-27T17:03:38                      27
/home/airflow/.local/lib/python3.12/site-packages/airflow/example_dags/example_dataset_alias_with_no_taskflow.py                                            4           0  0.59s           2025-06-27T17:03:38                      27
/home/airflow/.local/lib/python3.12/site-packages/airflow/example_dags/example_inlet_event_extra.py                                                         2           0  0.55s           2025-06-27T17:03:40                      15
/home/airflow/.local/lib/python3.12/site-packages/airflow/example_dags/example_dag_decorator.py                                                             1           0  0.24s           2025-06-27T17:03:36                      32
/home/airflow/.local/lib/python3.12/site-packages/airflow/example_dags/example_subdag_operator.py                                                           3           0  0.13s           2025-06-27T17:03:30                      20
/home/airflow/.local/lib/python3.12/site-packages/airflow/example_dags/example_branch_operator_decorator.py                                                 1           0  0.12s           2025-06-27T17:03:35                      12
/home/airflow/.local/lib/python3.12/site-packages/airflow/example_dags/example_branch_operator.py                                                           1           0  0.12s           2025-06-27T17:03:39                      12
/home/airflow/.local/lib/python3.12/site-packages/airflow/example_dags/example_workday_timetable.py                                                         1           0  0.11s           2025-06-27T17:03:32                      12
/home/airflow/.local/lib/python3.12/site-packages/airflow/example_dags/example_complex.py                                                                   1           0  0.11s           2025-06-27T17:03:30                      10
/home/airflow/.local/lib/python3.12/site-packages/airflow/example_dags/example_params_ui_tutorial.py                                                        1           0  0.11s           2025-06-27T17:03:30                      10
/home/airflow/.local/lib/python3.12/site-packages/airflow/example_dags/example_branch_day_of_week_operator.py                                               1           0  0.11s           2025-06-27T17:03:35                      12
/home/airflow/.local/lib/python3.12/site-packages/airflow/example_dags/example_dynamic_task_mapping_with_no_taskflow_operators.py                           1           0  0.11s           2025-06-27T17:03:38                      10
/home/airflow/.local/lib/python3.12/site-packages/airflow/example_dags/example_branch_labels.py                                                             1           0  0.10s           2025-06-27T17:03:38                      12
/home/airflow/.local/lib/python3.12/site-packages/airflow/example_dags/example_branch_datetime_operator.py                                                  3           0  0.10s           2025-06-27T17:03:32                      18
/home/airflow/.local/lib/python3.12/site-packages/airflow/example_dags/example_latest_only_with_trigger.py                                                  1           0  0.10s           2025-06-27T17:03:38                      12
/home/airflow/.local/lib/python3.12/site-packages/airflow/example_dags/example_params_trigger_ui.py                                                         1           0  0.10s           2025-06-27T17:03:29                      10
/home/airflow/.local/lib/python3.12/site-packages/airflow/example_dags/example_bash_operator.py                                                             1           0  0.10s           2025-06-27T17:03:36                      12
/home/airflow/.local/lib/python3.12/site-packages/airflow/example_dags/tutorial_taskflow_templates.py                                                       1           0  0.10s           2025-06-27T17:03:34                      12
/home/airflow/.local/lib/python3.12/site-packages/airflow/example_dags/example_task_group_decorator.py                                                      1           0  0.10s           2025-06-27T17:03:30                      10
/home/airflow/.local/lib/python3.12/site-packages/airflow/example_dags/example_bash_decorator.py                                                            1           0  0.10s           2025-06-27T17:03:38                      10
/home/airflow/.local/lib/python3.12/site-packages/airflow/example_dags/example_skip_dag.py                                                                  1           0  0.10s           2025-06-27T17:03:34                      12
/home/airflow/.local/lib/python3.12/site-packages/airflow/example_dags/example_xcom.py                                                                      1           0  0.10s           2025-06-27T17:03:35                      12
/home/airflow/.local/lib/python3.12/site-packages/airflow/example_dags/example_passing_params_via_test_command.py                   1000  0.00s             1           0  0.10s           2025-06-27T17:03:29                      12
/home/airflow/.local/lib/python3.12/site-packages/airflow/example_dags/example_local_kubernetes_executor.py                                                 1           0  0.10s           2025-06-27T17:03:38                      10
/home/airflow/.local/lib/python3.12/site-packages/airflow/example_dags/example_branch_python_dop_operator_3.py                                              1           0  0.10s           2025-06-27T17:03:36                      12
/home/airflow/.local/lib/python3.12/site-packages/airflow/example_dags/example_kubernetes_executor.py                                                       1           0  0.09s           2025-06-27T17:03:39                      10
/home/airflow/.local/lib/python3.12/site-packages/airflow/example_dags/example_xcomargs.py                                                                  2           0  0.09s           2025-06-27T17:03:32                      13
/home/airflow/.local/lib/python3.12/site-packages/airflow/example_dags/example_latest_only.py                                                               1           0  0.09s           2025-06-27T17:03:30                      12
/home/airflow/.local/lib/python3.12/site-packages/airflow/example_dags/example_sla_dag.py                                                                   1           0  0.09s           2025-06-27T17:03:49                      12
/home/airflow/.local/lib/python3.12/site-packages/airflow/example_dags/example_short_circuit_decorator.py                                                   1           0  0.09s           2025-06-27T17:03:38                      10
/home/airflow/.local/lib/python3.12/site-packages/airflow/example_dags/tutorial.py                                                                          1           0  0.09s           2025-06-27T17:03:36                      12
/home/airflow/.local/lib/python3.12/site-packages/airflow/example_dags/example_python_operator.py                                                           1           0  0.09s           2025-06-27T17:03:36                      10
/home/airflow/.local/lib/python3.12/site-packages/airflow/example_dags/example_nested_branch_dag.py                                                         1           0  0.09s           2025-06-27T17:03:29                      12
/home/airflow/.local/lib/python3.12/site-packages/airflow/example_dags/example_external_task_marker_dag.py                                                  2           0  0.09s           2025-06-27T17:03:30                      13
/home/airflow/.local/lib/python3.12/site-packages/airflow/example_dags/example_setup_teardown.py                                                            1           0  0.09s           2025-06-27T17:03:38                      10
/home/airflow/.local/lib/python3.12/site-packages/airflow/example_dags/tutorial_taskflow_api.py                                                             1           0  0.09s           2025-06-27T17:03:35                      10
/home/airflow/.local/lib/python3.12/site-packages/airflow/example_dags/example_trigger_target_dag.py                                                        1           0  0.09s           2025-06-27T17:03:35                      10
/home/airflow/.local/lib/python3.12/site-packages/airflow/example_dags/example_task_group.py                                                                1           0  0.09s           2025-06-27T17:03:38                      10
/opt/airflow/dags/new_dag.py                                                                                                         999  0.01s             1           0  0.09s           2025-06-27T17:03:29                      10
/home/airflow/.local/lib/python3.12/site-packages/airflow/example_dags/example_short_circuit_operator.py                                                    1           0  0.09s           2025-06-27T17:03:34                      10
/home/airflow/.local/lib/python3.12/site-packages/airflow/example_dags/example_sensors.py                                                                   1           0  0.09s           2025-06-27T17:03:29                      10
/home/airflow/.local/lib/python3.12/site-packages/airflow/example_dags/tutorial_objectstorage.py                                                            1           0  0.09s           2025-06-27T17:03:32                      10
/home/airflow/.local/lib/python3.12/site-packages/airflow/example_dags/example_python_decorator.py                                                          1           0  0.09s           2025-06-27T17:03:29                      10
/home/airflow/.local/lib/python3.12/site-packages/airflow/example_dags/example_trigger_controller_dag.py                                                    1           0  0.09s           2025-06-27T17:03:32                      12
/home/airflow/.local/lib/python3.12/site-packages/airflow/example_dags/tutorial_taskflow_api_virtualenv.py                                                  1           0  0.08s           2025-06-27T17:03:34                      10
/home/airflow/.local/lib/python3.12/site-packages/airflow/example_dags/example_dynamic_task_mapping.py                                                      1           0  0.08s           2025-06-27T17:03:35                      10
/home/airflow/.local/lib/python3.12/site-packages/airflow/example_dags/tutorial_dag.py                                                                      1           0  0.08s           2025-06-27T17:03:39                      10
/home/airflow/.local/lib/python3.12/site-packages/airflow/example_dags/example_time_delta_sensor_async.py                                                   1           0  0.08s           2025-06-27T17:03:30                      10
/home/airflow/.local/lib/python3.12/site-packages/airflow/example_dags/example_display_name.py                                                              1           0  0.08s           2025-06-27T17:03:34                      10
/home/airflow/.local/lib/python3.12/site-packages/airflow/example_dags/example_setup_teardown_taskflow.py                                                   1           0  0.08s           2025-06-27T17:03:35                      10
/home/airflow/.local/lib/python3.12/site-packages/airflow/example_dags/example_sensor_decorator.py                                                          1           0  0.08s           2025-06-27T17:03:34                      10
/home/airflow/.local/lib/python3.12/site-packages/airflow/example_dags/plugins/workday.py                                                                   0           0  0.04s           2025-06-27T17:03:39                       3
/home/airflow/.local/lib/python3.12/site-packages/airflow/example_dags/plugins/event_listener.py                                                            0           0  0.04s           2025-06-27T17:03:39                       3
/home/airflow/.local/lib/python3.12/site-packages/airflow/example_dags/subdags/subdag.py                                                                    0           0  0.04s           2025-06-27T17:03:39                       3
/home/airflow/.local/lib/python3.12/site-packages/airflow/example_dags/plugins/listener_plugin.py                                                           0           0  0.04s           2025-06-27T17:03:39                       3
/home/airflow/.local/lib/python3.12/site-packages/airflow/example_dags/plugins/decreasing_priority_weight_strategy.py                                       0           0  0.04s           2025-06-27T17:03:39                       3
================================================================================
[2025-06-27T17:04:30.108+0000] {manager.py:997} INFO - 
================================================================================
DAG File Processing Stats

File Path                                                                                                                            PID  Runtime      # DAGs    # Errors  Last Runtime    Last Run               Last # of DB Queries
---------------------------------------------------------------------------------------------------------------------------------  -----  ---------  --------  ----------  --------------  -------------------  ----------------------
/home/airflow/.local/lib/python3.12/site-packages/airflow/example_dags/example_dataset_alias_with_no_taskflow.py                                            4           0  0.65s           2025-06-27T17:04:09                      27
/home/airflow/.local/lib/python3.12/site-packages/airflow/example_dags/example_dataset_alias.py                                                             4           0  0.63s           2025-06-27T17:04:09                      27
/home/airflow/.local/lib/python3.12/site-packages/airflow/example_dags/example_outlet_event_extra.py                                                        3           0  0.63s           2025-06-27T17:04:11                      19
/home/airflow/.local/lib/python3.12/site-packages/airflow/example_dags/example_inlet_event_extra.py                                                         2           0  0.62s           2025-06-27T17:04:11                      15
/home/airflow/.local/lib/python3.12/site-packages/airflow/example_dags/example_datasets.py                                                                 10           0  0.59s           2025-06-27T17:04:07                      49
/home/airflow/.local/lib/python3.12/site-packages/airflow/example_dags/example_dag_decorator.py                                                             1           0  0.24s           2025-06-27T17:04:06                      32
/home/airflow/.local/lib/python3.12/site-packages/airflow/example_dags/example_sla_dag.py                                                                   1           0  0.15s           2025-06-27T17:04:20                      19
/home/airflow/.local/lib/python3.12/site-packages/airflow/example_dags/example_branch_datetime_operator.py                                                  3           0  0.14s           2025-06-27T17:04:02                      18
/home/airflow/.local/lib/python3.12/site-packages/airflow/example_dags/example_params_ui_tutorial.py                                                        1           0  0.12s           2025-06-27T17:04:01                      10
/home/airflow/.local/lib/python3.12/site-packages/airflow/example_dags/example_workday_timetable.py                                                         1           0  0.12s           2025-06-27T17:04:02                      12
/home/airflow/.local/lib/python3.12/site-packages/airflow/example_dags/example_branch_operator_decorator.py                                                 1           0  0.12s           2025-06-27T17:04:06                      12
/home/airflow/.local/lib/python3.12/site-packages/airflow/example_dags/example_external_task_marker_dag.py                                                  2           0  0.12s           2025-06-27T17:04:01                      13
/home/airflow/.local/lib/python3.12/site-packages/airflow/example_dags/example_xcomargs.py                                                                  2           0  0.12s           2025-06-27T17:04:02                      13
/home/airflow/.local/lib/python3.12/site-packages/airflow/example_dags/example_subdag_operator.py                                                           3           0  0.11s           2025-06-27T17:04:01                      20
/home/airflow/.local/lib/python3.12/site-packages/airflow/example_dags/tutorial_objectstorage.py                                                            1           0  0.11s           2025-06-27T17:04:02                      10
/home/airflow/.local/lib/python3.12/site-packages/airflow/example_dags/example_bash_operator.py                                                             1           0  0.11s           2025-06-27T17:04:06                      12
/home/airflow/.local/lib/python3.12/site-packages/airflow/example_dags/example_branch_operator.py                                                           1           0  0.11s           2025-06-27T17:04:09                      12
/home/airflow/.local/lib/python3.12/site-packages/airflow/example_dags/tutorial_taskflow_templates.py                                                       1           0  0.11s           2025-06-27T17:04:04                      12
/home/airflow/.local/lib/python3.12/site-packages/airflow/example_dags/example_trigger_controller_dag.py                                                    1           0  0.11s           2025-06-27T17:04:02                      12
/home/airflow/.local/lib/python3.12/site-packages/airflow/example_dags/example_params_trigger_ui.py                                                         1           0  0.10s           2025-06-27T17:04:00                      10
/home/airflow/.local/lib/python3.12/site-packages/airflow/example_dags/example_complex.py                                                                   1           0  0.10s           2025-06-27T17:04:01                      10
/home/airflow/.local/lib/python3.12/site-packages/airflow/example_dags/example_latest_only.py                                                               1           0  0.10s           2025-06-27T17:04:01                      12
/home/airflow/.local/lib/python3.12/site-packages/airflow/example_dags/example_passing_params_via_test_command.py                   1070  0.00s             1           0  0.10s           2025-06-27T17:04:00                      12
/home/airflow/.local/lib/python3.12/site-packages/airflow/example_dags/example_branch_day_of_week_operator.py                                               1           0  0.10s           2025-06-27T17:04:05                      12
/home/airflow/.local/lib/python3.12/site-packages/airflow/example_dags/example_branch_labels.py                                                             1           0  0.10s           2025-06-27T17:04:09                      12
/home/airflow/.local/lib/python3.12/site-packages/airflow/example_dags/example_xcom.py                                                                      1           0  0.10s           2025-06-27T17:04:06                      12
/home/airflow/.local/lib/python3.12/site-packages/airflow/example_dags/example_branch_python_dop_operator_3.py                                              1           0  0.10s           2025-06-27T17:04:06                      12
/home/airflow/.local/lib/python3.12/site-packages/airflow/example_dags/example_task_group_decorator.py                                                      1           0  0.09s           2025-06-27T17:04:01                      10
/home/airflow/.local/lib/python3.12/site-packages/airflow/example_dags/example_skip_dag.py                                                                  1           0  0.09s           2025-06-27T17:04:04                      12
/home/airflow/.local/lib/python3.12/site-packages/airflow/example_dags/example_bash_decorator.py                                                            1           0  0.09s           2025-06-27T17:04:09                      10
/home/airflow/.local/lib/python3.12/site-packages/airflow/example_dags/example_latest_only_with_trigger.py                                                  1           0  0.09s           2025-06-27T17:04:09                      12
/home/airflow/.local/lib/python3.12/site-packages/airflow/example_dags/example_nested_branch_dag.py                                                         1           0  0.09s           2025-06-27T17:04:00                      12
/home/airflow/.local/lib/python3.12/site-packages/airflow/example_dags/tutorial_taskflow_api_virtualenv.py                                                  1           0  0.09s           2025-06-27T17:04:04                      10
/home/airflow/.local/lib/python3.12/site-packages/airflow/example_dags/example_short_circuit_operator.py                                                    1           0  0.09s           2025-06-27T17:04:04                      10
/opt/airflow/dags/new_dag.py                                                                                                        1069  0.01s             1           0  0.09s           2025-06-27T17:04:00                      10
/home/airflow/.local/lib/python3.12/site-packages/airflow/example_dags/example_trigger_target_dag.py                                                        1           0  0.09s           2025-06-27T17:04:06                      10
/home/airflow/.local/lib/python3.12/site-packages/airflow/example_dags/example_sensor_decorator.py                                                          1           0  0.09s           2025-06-27T17:04:04                      10
/home/airflow/.local/lib/python3.12/site-packages/airflow/example_dags/example_setup_teardown_taskflow.py                                                   1           0  0.09s           2025-06-27T17:04:06                      10
/home/airflow/.local/lib/python3.12/site-packages/airflow/example_dags/example_kubernetes_executor.py                                                       1           0  0.09s           2025-06-27T17:04:09                      10
/home/airflow/.local/lib/python3.12/site-packages/airflow/example_dags/example_display_name.py                                                              1           0  0.09s           2025-06-27T17:04:04                      10
/home/airflow/.local/lib/python3.12/site-packages/airflow/example_dags/example_local_kubernetes_executor.py                                                 1           0  0.09s           2025-06-27T17:04:09                      10
/home/airflow/.local/lib/python3.12/site-packages/airflow/example_dags/example_short_circuit_decorator.py                                                   1           0  0.09s           2025-06-27T17:04:09                      10
/home/airflow/.local/lib/python3.12/site-packages/airflow/example_dags/example_python_decorator.py                                                          1           0  0.09s           2025-06-27T17:04:00                      10
/home/airflow/.local/lib/python3.12/site-packages/airflow/example_dags/tutorial.py                                                                          1           0  0.09s           2025-06-27T17:04:06                      12
/home/airflow/.local/lib/python3.12/site-packages/airflow/example_dags/example_python_operator.py                                                           1           0  0.09s           2025-06-27T17:04:06                      10
/home/airflow/.local/lib/python3.12/site-packages/airflow/example_dags/example_task_group.py                                                                1           0  0.09s           2025-06-27T17:04:09                      10
/home/airflow/.local/lib/python3.12/site-packages/airflow/example_dags/example_setup_teardown.py                                                            1           0  0.09s           2025-06-27T17:04:09                      10
/home/airflow/.local/lib/python3.12/site-packages/airflow/example_dags/example_sensors.py                                                                   1           0  0.09s           2025-06-27T17:04:00                      10
/home/airflow/.local/lib/python3.12/site-packages/airflow/example_dags/example_dynamic_task_mapping.py                                                      1           0  0.08s           2025-06-27T17:04:06                      10
/home/airflow/.local/lib/python3.12/site-packages/airflow/example_dags/example_time_delta_sensor_async.py                                                   1           0  0.08s           2025-06-27T17:04:01                      10
/home/airflow/.local/lib/python3.12/site-packages/airflow/example_dags/example_dynamic_task_mapping_with_no_taskflow_operators.py                           1           0  0.08s           2025-06-27T17:04:09                      10
/home/airflow/.local/lib/python3.12/site-packages/airflow/example_dags/tutorial_dag.py                                                                      1           0  0.08s           2025-06-27T17:04:09                      10
/home/airflow/.local/lib/python3.12/site-packages/airflow/example_dags/tutorial_taskflow_api.py                                                             1           0  0.08s           2025-06-27T17:04:05                      10
/home/airflow/.local/lib/python3.12/site-packages/airflow/example_dags/plugins/workday.py                                                                   0           0  0.04s           2025-06-27T17:04:10                       3
/home/airflow/.local/lib/python3.12/site-packages/airflow/example_dags/subdags/subdag.py                                                                    0           0  0.04s           2025-06-27T17:04:09                       3
/home/airflow/.local/lib/python3.12/site-packages/airflow/example_dags/plugins/listener_plugin.py                                                           0           0  0.04s           2025-06-27T17:04:10                       3
/home/airflow/.local/lib/python3.12/site-packages/airflow/example_dags/plugins/event_listener.py                                                            0           0  0.04s           2025-06-27T17:04:10                       3
/home/airflow/.local/lib/python3.12/site-packages/airflow/example_dags/plugins/decreasing_priority_weight_strategy.py                                       0           0  0.04s           2025-06-27T17:04:10                       3
================================================================================
[2025-06-27T17:05:00.124+0000] {manager.py:997} INFO - 
================================================================================
DAG File Processing Stats

File Path                                                                                                                          PID    Runtime      # DAGs    # Errors  Last Runtime    Last Run               Last # of DB Queries
---------------------------------------------------------------------------------------------------------------------------------  -----  ---------  --------  ----------  --------------  -------------------  ----------------------
/home/airflow/.local/lib/python3.12/site-packages/airflow/example_dags/example_dataset_alias.py                                                             4           0  0.63s           2025-06-27T17:04:39                      27
/home/airflow/.local/lib/python3.12/site-packages/airflow/example_dags/example_dataset_alias_with_no_taskflow.py                                            4           0  0.62s           2025-06-27T17:04:39                      27
/home/airflow/.local/lib/python3.12/site-packages/airflow/example_dags/example_outlet_event_extra.py                                                        3           0  0.60s           2025-06-27T17:04:42                      19
/home/airflow/.local/lib/python3.12/site-packages/airflow/example_dags/example_datasets.py                                                                 10           0  0.60s           2025-06-27T17:04:38                      49
/home/airflow/.local/lib/python3.12/site-packages/airflow/example_dags/example_inlet_event_extra.py                                                         2           0  0.57s           2025-06-27T17:04:42                      15
/home/airflow/.local/lib/python3.12/site-packages/airflow/example_dags/example_dag_decorator.py                                                             1           0  0.25s           2025-06-27T17:04:37                      32
/home/airflow/.local/lib/python3.12/site-packages/airflow/example_dags/example_sla_dag.py                                                                   1           0  0.14s           2025-06-27T17:04:50                      16
/home/airflow/.local/lib/python3.12/site-packages/airflow/example_dags/example_workday_timetable.py                                                         1           0  0.12s           2025-06-27T17:04:32                      12
/home/airflow/.local/lib/python3.12/site-packages/airflow/example_dags/tutorial_taskflow_templates.py                                                       1           0  0.11s           2025-06-27T17:04:35                      12
/home/airflow/.local/lib/python3.12/site-packages/airflow/example_dags/example_branch_operator_decorator.py                                                 1           0  0.11s           2025-06-27T17:04:36                      12
/home/airflow/.local/lib/python3.12/site-packages/airflow/example_dags/example_branch_operator.py                                                           1           0  0.11s           2025-06-27T17:04:40                      12
/home/airflow/.local/lib/python3.12/site-packages/airflow/example_dags/example_subdag_operator.py                                                           3           0  0.11s           2025-06-27T17:04:31                      20
/home/airflow/.local/lib/python3.12/site-packages/airflow/example_dags/example_params_trigger_ui.py                                                         1           0  0.10s           2025-06-27T17:04:30                      10
/home/airflow/.local/lib/python3.12/site-packages/airflow/example_dags/example_branch_datetime_operator.py                                                  3           0  0.10s           2025-06-27T17:04:32                      18
/home/airflow/.local/lib/python3.12/site-packages/airflow/example_dags/example_params_ui_tutorial.py                                                        1           0  0.10s           2025-06-27T17:04:31                      10
/home/airflow/.local/lib/python3.12/site-packages/airflow/example_dags/tutorial_taskflow_api_virtualenv.py                                                  1           0  0.10s           2025-06-27T17:04:35                      10
/home/airflow/.local/lib/python3.12/site-packages/airflow/example_dags/example_passing_params_via_test_command.py                                           1           0  0.10s           2025-06-27T17:04:30                      12
/home/airflow/.local/lib/python3.12/site-packages/airflow/example_dags/example_xcom.py                                                                      1           0  0.10s           2025-06-27T17:04:36                      12
/home/airflow/.local/lib/python3.12/site-packages/airflow/example_dags/example_bash_operator.py                                                             1           0  0.10s           2025-06-27T17:04:36                      12
/home/airflow/.local/lib/python3.12/site-packages/airflow/example_dags/example_latest_only_with_trigger.py                                                  1           0  0.10s           2025-06-27T17:04:40                      12
/home/airflow/.local/lib/python3.12/site-packages/airflow/example_dags/example_branch_labels.py                                                             1           0  0.10s           2025-06-27T17:04:40                      12
/opt/airflow/dags/new_dag.py                                                                                                                                1           0  0.10s           2025-06-27T17:04:30                      10
/home/airflow/.local/lib/python3.12/site-packages/airflow/example_dags/example_sensors.py                                                                   1           0  0.10s           2025-06-27T17:04:30                      10
/home/airflow/.local/lib/python3.12/site-packages/airflow/example_dags/example_complex.py                                                                   1           0  0.09s           2025-06-27T17:04:31                      10
/home/airflow/.local/lib/python3.12/site-packages/airflow/example_dags/example_nested_branch_dag.py                                                         1           0  0.09s           2025-06-27T17:04:30                      12
/home/airflow/.local/lib/python3.12/site-packages/airflow/example_dags/example_kubernetes_executor.py                                                       1           0  0.09s           2025-06-27T17:04:40                      10
/home/airflow/.local/lib/python3.12/site-packages/airflow/example_dags/example_bash_decorator.py                                                            1           0  0.09s           2025-06-27T17:04:40                      10
/home/airflow/.local/lib/python3.12/site-packages/airflow/example_dags/example_branch_day_of_week_operator.py                                               1           0  0.09s           2025-06-27T17:04:36                      12
/home/airflow/.local/lib/python3.12/site-packages/airflow/example_dags/example_xcomargs.py                                                                  2           0  0.09s           2025-06-27T17:04:32                      13
/home/airflow/.local/lib/python3.12/site-packages/airflow/example_dags/example_branch_python_dop_operator_3.py                                              1           0  0.09s           2025-06-27T17:04:37                      12
/home/airflow/.local/lib/python3.12/site-packages/airflow/example_dags/example_latest_only.py                                                               1           0  0.09s           2025-06-27T17:04:31                      12
/home/airflow/.local/lib/python3.12/site-packages/airflow/example_dags/example_task_group_decorator.py                                                      1           0  0.09s           2025-06-27T17:04:31                      10
/home/airflow/.local/lib/python3.12/site-packages/airflow/example_dags/example_local_kubernetes_executor.py                                                 1           0  0.09s           2025-06-27T17:04:40                      10
/home/airflow/.local/lib/python3.12/site-packages/airflow/example_dags/example_short_circuit_decorator.py                                                   1           0  0.09s           2025-06-27T17:04:40                      10
/home/airflow/.local/lib/python3.12/site-packages/airflow/example_dags/example_task_group.py                                                                1           0  0.09s           2025-06-27T17:04:39                      10
/home/airflow/.local/lib/python3.12/site-packages/airflow/example_dags/example_external_task_marker_dag.py                                                  2           0  0.09s           2025-06-27T17:04:31                      13
/home/airflow/.local/lib/python3.12/site-packages/airflow/example_dags/tutorial_dag.py                                                                      1           0  0.09s           2025-06-27T17:04:40                      10
/home/airflow/.local/lib/python3.12/site-packages/airflow/example_dags/tutorial_objectstorage.py                                                            1           0  0.09s           2025-06-27T17:04:33                      10
/home/airflow/.local/lib/python3.12/site-packages/airflow/example_dags/example_trigger_controller_dag.py                                                    1           0  0.09s           2025-06-27T17:04:32                      12
/home/airflow/.local/lib/python3.12/site-packages/airflow/example_dags/example_setup_teardown.py                                                            1           0  0.09s           2025-06-27T17:04:40                      10
/home/airflow/.local/lib/python3.12/site-packages/airflow/example_dags/example_python_decorator.py                                                          1           0  0.09s           2025-06-27T17:04:30                      10
/home/airflow/.local/lib/python3.12/site-packages/airflow/example_dags/example_skip_dag.py                                                                  1           0  0.09s           2025-06-27T17:04:35                      12
/home/airflow/.local/lib/python3.12/site-packages/airflow/example_dags/example_dynamic_task_mapping.py                                                      1           0  0.09s           2025-06-27T17:04:36                      10
/home/airflow/.local/lib/python3.12/site-packages/airflow/example_dags/example_trigger_target_dag.py                                                        1           0  0.09s           2025-06-27T17:04:36                      10
/home/airflow/.local/lib/python3.12/site-packages/airflow/example_dags/example_python_operator.py                                                           1           0  0.09s           2025-06-27T17:04:36                      10
/home/airflow/.local/lib/python3.12/site-packages/airflow/example_dags/example_short_circuit_operator.py                                                    1           0  0.08s           2025-06-27T17:04:35                      10
/home/airflow/.local/lib/python3.12/site-packages/airflow/example_dags/tutorial.py                                                                          1           0  0.08s           2025-06-27T17:04:37                      12
/home/airflow/.local/lib/python3.12/site-packages/airflow/example_dags/example_dynamic_task_mapping_with_no_taskflow_operators.py                           1           0  0.08s           2025-06-27T17:04:40                      10
/home/airflow/.local/lib/python3.12/site-packages/airflow/example_dags/example_display_name.py                                                              1           0  0.08s           2025-06-27T17:04:35                      10
/home/airflow/.local/lib/python3.12/site-packages/airflow/example_dags/example_setup_teardown_taskflow.py                                                   1           0  0.08s           2025-06-27T17:04:36                      10
/home/airflow/.local/lib/python3.12/site-packages/airflow/example_dags/tutorial_taskflow_api.py                                                             1           0  0.08s           2025-06-27T17:04:36                      10
/home/airflow/.local/lib/python3.12/site-packages/airflow/example_dags/example_time_delta_sensor_async.py                                                   1           0  0.08s           2025-06-27T17:04:31                      10
/home/airflow/.local/lib/python3.12/site-packages/airflow/example_dags/example_sensor_decorator.py                                                          1           0  0.08s           2025-06-27T17:04:35                      10
/home/airflow/.local/lib/python3.12/site-packages/airflow/example_dags/plugins/workday.py                                                                   0           0  0.04s           2025-06-27T17:04:40                       3
/home/airflow/.local/lib/python3.12/site-packages/airflow/example_dags/subdags/subdag.py                                                                    0           0  0.04s           2025-06-27T17:04:40                       3
/home/airflow/.local/lib/python3.12/site-packages/airflow/example_dags/plugins/decreasing_priority_weight_strategy.py                                       0           0  0.04s           2025-06-27T17:04:40                       3
/home/airflow/.local/lib/python3.12/site-packages/airflow/example_dags/plugins/event_listener.py                                                            0           0  0.04s           2025-06-27T17:04:40                       3
/home/airflow/.local/lib/python3.12/site-packages/airflow/example_dags/plugins/listener_plugin.py                                                           0           0  0.04s           2025-06-27T17:04:40                       3
================================================================================
[2025-06-27T17:05:30.680+0000] {manager.py:997} INFO - 
================================================================================
DAG File Processing Stats

File Path                                                                                                                          PID    Runtime      # DAGs    # Errors  Last Runtime    Last Run               Last # of DB Queries
---------------------------------------------------------------------------------------------------------------------------------  -----  ---------  --------  ----------  --------------  -------------------  ----------------------
/home/airflow/.local/lib/python3.12/site-packages/airflow/example_dags/example_dataset_alias_with_no_taskflow.py                                            4           0  0.63s           2025-06-27T17:05:10                      27
/home/airflow/.local/lib/python3.12/site-packages/airflow/example_dags/example_dataset_alias.py                                                             4           0  0.61s           2025-06-27T17:05:10                      27
/home/airflow/.local/lib/python3.12/site-packages/airflow/example_dags/example_outlet_event_extra.py                                                        3           0  0.61s           2025-06-27T17:05:13                      19
/home/airflow/.local/lib/python3.12/site-packages/airflow/example_dags/example_datasets.py                                                                 10           0  0.60s           2025-06-27T17:05:09                      49
/home/airflow/.local/lib/python3.12/site-packages/airflow/example_dags/example_inlet_event_extra.py                                                         2           0  0.60s           2025-06-27T17:05:13                      15
/home/airflow/.local/lib/python3.12/site-packages/airflow/example_dags/example_dag_decorator.py                                                             1           0  0.17s           2025-06-27T17:05:07                      10
/home/airflow/.local/lib/python3.12/site-packages/airflow/example_dags/example_branch_operator.py                                                           1           0  0.13s           2025-06-27T17:05:11                      12
/home/airflow/.local/lib/python3.12/site-packages/airflow/example_dags/example_sla_dag.py                                                                   1           0  0.13s           2025-06-27T17:05:20                      16
/home/airflow/.local/lib/python3.12/site-packages/airflow/example_dags/example_workday_timetable.py                                                         1           0  0.13s           2025-06-27T17:05:03                      12
/home/airflow/.local/lib/python3.12/site-packages/airflow/example_dags/example_subdag_operator.py                                                           3           0  0.12s           2025-06-27T17:05:01                      20
/home/airflow/.local/lib/python3.12/site-packages/airflow/example_dags/example_params_trigger_ui.py                                                         1           0  0.12s           2025-06-27T17:05:01                      10
/home/airflow/.local/lib/python3.12/site-packages/airflow/example_dags/example_nested_branch_dag.py                                                         1           0  0.12s           2025-06-27T17:05:01                      12
/home/airflow/.local/lib/python3.12/site-packages/airflow/example_dags/example_params_ui_tutorial.py                                                        1           0  0.12s           2025-06-27T17:05:01                      10
/home/airflow/.local/lib/python3.12/site-packages/airflow/example_dags/example_bash_decorator.py                                                            1           0  0.12s           2025-06-27T17:05:11                      10
/home/airflow/.local/lib/python3.12/site-packages/airflow/example_dags/example_task_group_decorator.py                                                      1           0  0.11s           2025-06-27T17:05:01                      10
/home/airflow/.local/lib/python3.12/site-packages/airflow/example_dags/example_branch_operator_decorator.py                                                 1           0  0.11s           2025-06-27T17:05:06                      12
/home/airflow/.local/lib/python3.12/site-packages/airflow/example_dags/example_branch_labels.py                                                             1           0  0.11s           2025-06-27T17:05:11                      12
/home/airflow/.local/lib/python3.12/site-packages/airflow/example_dags/example_branch_datetime_operator.py                                                  3           0  0.11s           2025-06-27T17:05:03                      18
/home/airflow/.local/lib/python3.12/site-packages/airflow/example_dags/example_task_group.py                                                                1           0  0.11s           2025-06-27T17:05:11                      10
/home/airflow/.local/lib/python3.12/site-packages/airflow/example_dags/example_passing_params_via_test_command.py                                           1           0  0.11s           2025-06-27T17:05:01                      12
/home/airflow/.local/lib/python3.12/site-packages/airflow/example_dags/example_local_kubernetes_executor.py                                                 1           0  0.11s           2025-06-27T17:05:11                      10
/home/airflow/.local/lib/python3.12/site-packages/airflow/example_dags/example_short_circuit_decorator.py                                                   1           0  0.11s           2025-06-27T17:05:11                      10
/home/airflow/.local/lib/python3.12/site-packages/airflow/example_dags/example_complex.py                                                                   1           0  0.11s           2025-06-27T17:05:01                      10
/home/airflow/.local/lib/python3.12/site-packages/airflow/example_dags/example_kubernetes_executor.py                                                       1           0  0.11s           2025-06-27T17:05:11                      10
/home/airflow/.local/lib/python3.12/site-packages/airflow/example_dags/example_xcom.py                                                                      1           0  0.11s           2025-06-27T17:05:06                      12
/home/airflow/.local/lib/python3.12/site-packages/airflow/example_dags/example_latest_only.py                                                               1           0  0.10s           2025-06-27T17:05:01                      12
/home/airflow/.local/lib/python3.12/site-packages/airflow/example_dags/example_bash_operator.py                                                             1           0  0.10s           2025-06-27T17:05:07                      12
/home/airflow/.local/lib/python3.12/site-packages/airflow/example_dags/tutorial_taskflow_templates.py                                                       1           0  0.10s           2025-06-27T17:05:05                      12
/home/airflow/.local/lib/python3.12/site-packages/airflow/example_dags/example_branch_python_dop_operator_3.py                                              1           0  0.10s           2025-06-27T17:05:07                      12
/home/airflow/.local/lib/python3.12/site-packages/airflow/example_dags/example_branch_day_of_week_operator.py                                               1           0  0.10s           2025-06-27T17:05:06                      12
/opt/airflow/dags/new_dag.py                                                                                                                                1           0  0.10s           2025-06-27T17:05:01                      10
/home/airflow/.local/lib/python3.12/site-packages/airflow/example_dags/example_xcomargs.py                                                                  2           0  0.10s           2025-06-27T17:05:03                      13
/home/airflow/.local/lib/python3.12/site-packages/airflow/example_dags/example_sensors.py                                                                   1           0  0.10s           2025-06-27T17:05:01                      10
/home/airflow/.local/lib/python3.12/site-packages/airflow/example_dags/example_skip_dag.py                                                                  1           0  0.10s           2025-06-27T17:05:05                      12
/home/airflow/.local/lib/python3.12/site-packages/airflow/example_dags/example_time_delta_sensor_async.py                                                   1           0  0.10s           2025-06-27T17:05:01                      10
/home/airflow/.local/lib/python3.12/site-packages/airflow/example_dags/example_python_decorator.py                                                          1           0  0.10s           2025-06-27T17:05:01                      10
/home/airflow/.local/lib/python3.12/site-packages/airflow/example_dags/example_external_task_marker_dag.py                                                  2           0  0.10s           2025-06-27T17:05:01                      13
/home/airflow/.local/lib/python3.12/site-packages/airflow/example_dags/example_short_circuit_operator.py                                                    1           0  0.10s           2025-06-27T17:05:05                      10
/home/airflow/.local/lib/python3.12/site-packages/airflow/example_dags/tutorial.py                                                                          1           0  0.09s           2025-06-27T17:05:07                      12
/home/airflow/.local/lib/python3.12/site-packages/airflow/example_dags/example_setup_teardown.py                                                            1           0  0.09s           2025-06-27T17:05:11                      10
/home/airflow/.local/lib/python3.12/site-packages/airflow/example_dags/example_trigger_controller_dag.py                                                    1           0  0.09s           2025-06-27T17:05:03                      12
/home/airflow/.local/lib/python3.12/site-packages/airflow/example_dags/example_dynamic_task_mapping_with_no_taskflow_operators.py                           1           0  0.09s           2025-06-27T17:05:11                      10
/home/airflow/.local/lib/python3.12/site-packages/airflow/example_dags/example_latest_only_with_trigger.py                                                  1           0  0.09s           2025-06-27T17:05:11                      12
/home/airflow/.local/lib/python3.12/site-packages/airflow/example_dags/tutorial_objectstorage.py                                                            1           0  0.09s           2025-06-27T17:05:03                      10
/home/airflow/.local/lib/python3.12/site-packages/airflow/example_dags/example_python_operator.py                                                           1           0  0.09s           2025-06-27T17:05:07                      10
/home/airflow/.local/lib/python3.12/site-packages/airflow/example_dags/example_dynamic_task_mapping.py                                                      1           0  0.09s           2025-06-27T17:05:06                      10
/home/airflow/.local/lib/python3.12/site-packages/airflow/example_dags/example_setup_teardown_taskflow.py                                                   1           0  0.09s           2025-06-27T17:05:06                      10
/home/airflow/.local/lib/python3.12/site-packages/airflow/example_dags/tutorial_taskflow_api_virtualenv.py                                                  1           0  0.09s           2025-06-27T17:05:05                      10
/home/airflow/.local/lib/python3.12/site-packages/airflow/example_dags/tutorial_taskflow_api.py                                                             1           0  0.09s           2025-06-27T17:05:06                      10
/home/airflow/.local/lib/python3.12/site-packages/airflow/example_dags/example_trigger_target_dag.py                                                        1           0  0.09s           2025-06-27T17:05:07                      10
/home/airflow/.local/lib/python3.12/site-packages/airflow/example_dags/tutorial_dag.py                                                                      1           0  0.08s           2025-06-27T17:05:11                      10
/home/airflow/.local/lib/python3.12/site-packages/airflow/example_dags/example_display_name.py                                                              1           0  0.08s           2025-06-27T17:05:05                      10
/home/airflow/.local/lib/python3.12/site-packages/airflow/example_dags/example_sensor_decorator.py                                                          1           0  0.08s           2025-06-27T17:05:05                      10
/home/airflow/.local/lib/python3.12/site-packages/airflow/example_dags/plugins/decreasing_priority_weight_strategy.py                                       0           0  0.05s           2025-06-27T17:05:11                       3
/home/airflow/.local/lib/python3.12/site-packages/airflow/example_dags/plugins/listener_plugin.py                                                           0           0  0.05s           2025-06-27T17:05:11                       3
/home/airflow/.local/lib/python3.12/site-packages/airflow/example_dags/plugins/workday.py                                                                   0           0  0.04s           2025-06-27T17:05:11                       3
/home/airflow/.local/lib/python3.12/site-packages/airflow/example_dags/plugins/event_listener.py                                                            0           0  0.04s           2025-06-27T17:05:11                       3
/home/airflow/.local/lib/python3.12/site-packages/airflow/example_dags/subdags/subdag.py                                                                    0           0  0.04s           2025-06-27T17:05:11                       3
================================================================================
[2025-06-27T17:06:00.704+0000] {manager.py:997} INFO - 
================================================================================
DAG File Processing Stats

File Path                                                                                                                          PID    Runtime      # DAGs    # Errors  Last Runtime    Last Run               Last # of DB Queries
---------------------------------------------------------------------------------------------------------------------------------  -----  ---------  --------  ----------  --------------  -------------------  ----------------------
/home/airflow/.local/lib/python3.12/site-packages/airflow/example_dags/example_dataset_alias.py                                                             4           0  0.64s           2025-06-27T17:05:41                      27
/home/airflow/.local/lib/python3.12/site-packages/airflow/example_dags/example_dataset_alias_with_no_taskflow.py                                            4           0  0.64s           2025-06-27T17:05:41                      27
/home/airflow/.local/lib/python3.12/site-packages/airflow/example_dags/example_datasets.py                                                                 10           0  0.61s           2025-06-27T17:05:41                      49
/home/airflow/.local/lib/python3.12/site-packages/airflow/example_dags/example_outlet_event_extra.py                                                        3           0  0.60s           2025-06-27T17:05:44                      19
/home/airflow/.local/lib/python3.12/site-packages/airflow/example_dags/example_inlet_event_extra.py                                                         2           0  0.57s           2025-06-27T17:05:44                      15
/home/airflow/.local/lib/python3.12/site-packages/airflow/example_dags/example_dag_decorator.py                                                             1           0  0.16s           2025-06-27T17:05:37                      10
/home/airflow/.local/lib/python3.12/site-packages/airflow/example_dags/example_setup_teardown.py                                                            1           0  0.14s           2025-06-27T17:05:42                      10
/home/airflow/.local/lib/python3.12/site-packages/airflow/example_dags/example_workday_timetable.py                                                         1           0  0.12s           2025-06-27T17:05:33                      12
/home/airflow/.local/lib/python3.12/site-packages/airflow/example_dags/example_local_kubernetes_executor.py                                                 1           0  0.12s           2025-06-27T17:05:41                      10
/home/airflow/.local/lib/python3.12/site-packages/airflow/example_dags/example_branch_operator.py                                                           1           0  0.11s           2025-06-27T17:05:42                      12
/home/airflow/.local/lib/python3.12/site-packages/airflow/example_dags/example_latest_only_with_trigger.py                                                  1           0  0.11s           2025-06-27T17:05:42                      12
/home/airflow/.local/lib/python3.12/site-packages/airflow/example_dags/example_short_circuit_decorator.py                                                   1           0  0.11s           2025-06-27T17:05:42                      10
/home/airflow/.local/lib/python3.12/site-packages/airflow/example_dags/example_branch_labels.py                                                             1           0  0.11s           2025-06-27T17:05:42                      12
/home/airflow/.local/lib/python3.12/site-packages/airflow/example_dags/tutorial_taskflow_templates.py                                                       1           0  0.11s           2025-06-27T17:05:35                      12
/home/airflow/.local/lib/python3.12/site-packages/airflow/example_dags/example_branch_operator_decorator.py                                                 1           0  0.11s           2025-06-27T17:05:37                      12
/home/airflow/.local/lib/python3.12/site-packages/airflow/example_dags/example_kubernetes_executor.py                                                       1           0  0.11s           2025-06-27T17:05:42                      10
/home/airflow/.local/lib/python3.12/site-packages/airflow/example_dags/example_trigger_controller_dag.py                                                    1           0  0.11s           2025-06-27T17:05:33                      12
/home/airflow/.local/lib/python3.12/site-packages/airflow/example_dags/example_subdag_operator.py                                                           3           0  0.11s           2025-06-27T17:05:32                      20
/home/airflow/.local/lib/python3.12/site-packages/airflow/example_dags/example_branch_datetime_operator.py                                                  3           0  0.10s           2025-06-27T17:05:33                      18
/home/airflow/.local/lib/python3.12/site-packages/airflow/example_dags/example_bash_decorator.py                                                            1           0  0.10s           2025-06-27T17:05:42                      10
/home/airflow/.local/lib/python3.12/site-packages/airflow/example_dags/tutorial_dag.py                                                                      1           0  0.10s           2025-06-27T17:05:42                      10
/home/airflow/.local/lib/python3.12/site-packages/airflow/example_dags/example_bash_operator.py                                                             1           0  0.10s           2025-06-27T17:05:37                      12
/home/airflow/.local/lib/python3.12/site-packages/airflow/example_dags/example_params_trigger_ui.py                                                         1           0  0.10s           2025-06-27T17:05:32                      10
/home/airflow/.local/lib/python3.12/site-packages/airflow/example_dags/example_passing_params_via_test_command.py                                           1           0  0.10s           2025-06-27T17:05:31                      12
/home/airflow/.local/lib/python3.12/site-packages/airflow/example_dags/example_params_ui_tutorial.py                                                        1           0  0.10s           2025-06-27T17:05:32                      10
/home/airflow/.local/lib/python3.12/site-packages/airflow/example_dags/example_dynamic_task_mapping_with_no_taskflow_operators.py                           1           0  0.10s           2025-06-27T17:05:41                      10
/home/airflow/.local/lib/python3.12/site-packages/airflow/example_dags/tutorial_taskflow_api_virtualenv.py                                                  1           0  0.10s           2025-06-27T17:05:35                      10
/home/airflow/.local/lib/python3.12/site-packages/airflow/example_dags/example_python_operator.py                                                           1           0  0.09s           2025-06-27T17:05:37                      10
/home/airflow/.local/lib/python3.12/site-packages/airflow/example_dags/tutorial_objectstorage.py                                                            1           0  0.09s           2025-06-27T17:05:33                      10
/home/airflow/.local/lib/python3.12/site-packages/airflow/example_dags/example_nested_branch_dag.py                                                         1           0  0.09s           2025-06-27T17:05:31                      12
/home/airflow/.local/lib/python3.12/site-packages/airflow/example_dags/example_skip_dag.py                                                                  1           0  0.09s           2025-06-27T17:05:35                      12
/home/airflow/.local/lib/python3.12/site-packages/airflow/example_dags/example_task_group_decorator.py                                                      1           0  0.09s           2025-06-27T17:05:32                      10
/home/airflow/.local/lib/python3.12/site-packages/airflow/example_dags/example_task_group.py                                                                1           0  0.09s           2025-06-27T17:05:41                      10
/home/airflow/.local/lib/python3.12/site-packages/airflow/example_dags/example_branch_day_of_week_operator.py                                               1           0  0.09s           2025-06-27T17:05:36                      12
/home/airflow/.local/lib/python3.12/site-packages/airflow/example_dags/example_branch_python_dop_operator_3.py                                              1           0  0.09s           2025-06-27T17:05:37                      12
/home/airflow/.local/lib/python3.12/site-packages/airflow/example_dags/example_sla_dag.py                                                                   1           0  0.09s           2025-06-27T17:05:51                      12
/home/airflow/.local/lib/python3.12/site-packages/airflow/example_dags/example_complex.py                                                                   1           0  0.09s           2025-06-27T17:05:32                      10
/home/airflow/.local/lib/python3.12/site-packages/airflow/example_dags/example_xcomargs.py                                                                  2           0  0.09s           2025-06-27T17:05:33                      13
/home/airflow/.local/lib/python3.12/site-packages/airflow/example_dags/example_short_circuit_operator.py                                                    1           0  0.09s           2025-06-27T17:05:35                      10
/opt/airflow/dags/new_dag.py                                                                                                                                1           0  0.09s           2025-06-27T17:05:31                      10
/home/airflow/.local/lib/python3.12/site-packages/airflow/example_dags/tutorial.py                                                                          1           0  0.09s           2025-06-27T17:05:37                      12
/home/airflow/.local/lib/python3.12/site-packages/airflow/example_dags/example_display_name.py                                                              1           0  0.09s           2025-06-27T17:05:35                      10
/home/airflow/.local/lib/python3.12/site-packages/airflow/example_dags/example_xcom.py                                                                      1           0  0.09s           2025-06-27T17:05:37                      12
/home/airflow/.local/lib/python3.12/site-packages/airflow/example_dags/example_sensor_decorator.py                                                          1           0  0.09s           2025-06-27T17:05:35                      10
/home/airflow/.local/lib/python3.12/site-packages/airflow/example_dags/example_sensors.py                                                                   1           0  0.09s           2025-06-27T17:05:31                      10
/home/airflow/.local/lib/python3.12/site-packages/airflow/example_dags/example_latest_only.py                                                               1           0  0.09s           2025-06-27T17:05:32                      12
/home/airflow/.local/lib/python3.12/site-packages/airflow/example_dags/example_python_decorator.py                                                          1           0  0.09s           2025-06-27T17:05:31                      10
/home/airflow/.local/lib/python3.12/site-packages/airflow/example_dags/example_trigger_target_dag.py                                                        1           0  0.09s           2025-06-27T17:05:37                      10
/home/airflow/.local/lib/python3.12/site-packages/airflow/example_dags/example_external_task_marker_dag.py                                                  2           0  0.09s           2025-06-27T17:05:32                      13
/home/airflow/.local/lib/python3.12/site-packages/airflow/example_dags/example_time_delta_sensor_async.py                                                   1           0  0.08s           2025-06-27T17:05:32                      10
/home/airflow/.local/lib/python3.12/site-packages/airflow/example_dags/example_setup_teardown_taskflow.py                                                   1           0  0.08s           2025-06-27T17:05:37                      10
/home/airflow/.local/lib/python3.12/site-packages/airflow/example_dags/example_dynamic_task_mapping.py                                                      1           0  0.08s           2025-06-27T17:05:37                      10
/home/airflow/.local/lib/python3.12/site-packages/airflow/example_dags/tutorial_taskflow_api.py                                                             1           0  0.08s           2025-06-27T17:05:36                      10
/home/airflow/.local/lib/python3.12/site-packages/airflow/example_dags/subdags/subdag.py                                                                    0           0  0.05s           2025-06-27T17:05:42                       3
/home/airflow/.local/lib/python3.12/site-packages/airflow/example_dags/plugins/decreasing_priority_weight_strategy.py                                       0           0  0.05s           2025-06-27T17:05:42                       3
/home/airflow/.local/lib/python3.12/site-packages/airflow/example_dags/plugins/event_listener.py                                                            0           0  0.04s           2025-06-27T17:05:42                       3
/home/airflow/.local/lib/python3.12/site-packages/airflow/example_dags/plugins/listener_plugin.py                                                           0           0  0.04s           2025-06-27T17:05:42                       3
/home/airflow/.local/lib/python3.12/site-packages/airflow/example_dags/plugins/workday.py                                                                   0           0  0.04s           2025-06-27T17:05:42                       3
================================================================================
[2025-06-27T17:06:31.154+0000] {manager.py:997} INFO - 
================================================================================
DAG File Processing Stats

File Path                                                                                                                          PID    Runtime      # DAGs    # Errors  Last Runtime    Last Run               Last # of DB Queries
---------------------------------------------------------------------------------------------------------------------------------  -----  ---------  --------  ----------  --------------  -------------------  ----------------------
/home/airflow/.local/lib/python3.12/site-packages/airflow/example_dags/example_outlet_event_extra.py                                                        3           0  0.61s           2025-06-27T17:06:15                      19
/home/airflow/.local/lib/python3.12/site-packages/airflow/example_dags/example_inlet_event_extra.py                                                         2           0  0.61s           2025-06-27T17:06:15                      15
/home/airflow/.local/lib/python3.12/site-packages/airflow/example_dags/example_datasets.py                                                                 10           0  0.60s           2025-06-27T17:06:12                      49
/home/airflow/.local/lib/python3.12/site-packages/airflow/example_dags/example_dataset_alias.py                                                             4           0  0.60s           2025-06-27T17:06:13                      27
/home/airflow/.local/lib/python3.12/site-packages/airflow/example_dags/example_dataset_alias_with_no_taskflow.py                                            4           0  0.58s           2025-06-27T17:06:12                      27
/home/airflow/.local/lib/python3.12/site-packages/airflow/example_dags/example_dag_decorator.py                                                             1           0  0.25s           2025-06-27T17:06:07                      32
/home/airflow/.local/lib/python3.12/site-packages/airflow/example_dags/example_sla_dag.py                                                                   1           0  0.16s           2025-06-27T17:06:22                      19
/home/airflow/.local/lib/python3.12/site-packages/airflow/example_dags/example_passing_params_via_test_command.py                                           1           0  0.15s           2025-06-27T17:06:02                      12
/home/airflow/.local/lib/python3.12/site-packages/airflow/example_dags/example_params_trigger_ui.py                                                         1           0  0.14s           2025-06-27T17:06:02                      10
/home/airflow/.local/lib/python3.12/site-packages/airflow/example_dags/example_params_ui_tutorial.py                                                        1           0  0.14s           2025-06-27T17:06:02                      10
/opt/airflow/dags/new_dag.py                                                                                                                                1           0  0.13s           2025-06-27T17:06:02                      10
/home/airflow/.local/lib/python3.12/site-packages/airflow/example_dags/example_external_task_marker_dag.py                                                  2           0  0.13s           2025-06-27T17:06:02                      13
/home/airflow/.local/lib/python3.12/site-packages/airflow/example_dags/example_subdag_operator.py                                                           3           0  0.13s           2025-06-27T17:06:02                      20
/home/airflow/.local/lib/python3.12/site-packages/airflow/example_dags/example_nested_branch_dag.py                                                         1           0  0.13s           2025-06-27T17:06:02                      12
/home/airflow/.local/lib/python3.12/site-packages/airflow/example_dags/example_complex.py                                                                   1           0  0.12s           2025-06-27T17:06:02                      10
/home/airflow/.local/lib/python3.12/site-packages/airflow/example_dags/example_workday_timetable.py                                                         1           0  0.11s           2025-06-27T17:06:04                      12
/home/airflow/.local/lib/python3.12/site-packages/airflow/example_dags/example_latest_only.py                                                               1           0  0.11s           2025-06-27T17:06:02                      12
/home/airflow/.local/lib/python3.12/site-packages/airflow/example_dags/example_branch_datetime_operator.py                                                  3           0  0.11s           2025-06-27T17:06:04                      18
/home/airflow/.local/lib/python3.12/site-packages/airflow/example_dags/example_branch_operator_decorator.py                                                 1           0  0.11s           2025-06-27T17:06:07                      12
/home/airflow/.local/lib/python3.12/site-packages/airflow/example_dags/example_python_decorator.py                                                          1           0  0.11s           2025-06-27T17:06:02                      10
/home/airflow/.local/lib/python3.12/site-packages/airflow/example_dags/tutorial_taskflow_templates.py                                                       1           0  0.11s           2025-06-27T17:06:05                      12
/home/airflow/.local/lib/python3.12/site-packages/airflow/example_dags/example_task_group_decorator.py                                                      1           0  0.11s           2025-06-27T17:06:02                      10
/home/airflow/.local/lib/python3.12/site-packages/airflow/example_dags/example_branch_operator.py                                                           1           0  0.10s           2025-06-27T17:06:13                      12
/home/airflow/.local/lib/python3.12/site-packages/airflow/example_dags/example_xcomargs.py                                                                  2           0  0.10s           2025-06-27T17:06:04                      13
/home/airflow/.local/lib/python3.12/site-packages/airflow/example_dags/example_branch_python_dop_operator_3.py                                              1           0  0.10s           2025-06-27T17:06:07                      12
/home/airflow/.local/lib/python3.12/site-packages/airflow/example_dags/example_bash_operator.py                                                             1           0  0.10s           2025-06-27T17:06:07                      12
/home/airflow/.local/lib/python3.12/site-packages/airflow/example_dags/example_skip_dag.py                                                                  1           0  0.10s           2025-06-27T17:06:06                      12
/home/airflow/.local/lib/python3.12/site-packages/airflow/example_dags/example_sensors.py                                                                   1           0  0.10s           2025-06-27T17:06:02                      10
/home/airflow/.local/lib/python3.12/site-packages/airflow/example_dags/example_short_circuit_operator.py                                                    1           0  0.10s           2025-06-27T17:06:05                      10
/home/airflow/.local/lib/python3.12/site-packages/airflow/example_dags/example_branch_day_of_week_operator.py                                               1           0  0.09s           2025-06-27T17:06:07                      12
/home/airflow/.local/lib/python3.12/site-packages/airflow/example_dags/example_xcom.py                                                                      1           0  0.09s           2025-06-27T17:06:07                      12
/home/airflow/.local/lib/python3.12/site-packages/airflow/example_dags/example_kubernetes_executor.py                                                       1           0  0.09s           2025-06-27T17:06:13                      10
/home/airflow/.local/lib/python3.12/site-packages/airflow/example_dags/example_sensor_decorator.py                                                          1           0  0.09s           2025-06-27T17:06:05                      10
/home/airflow/.local/lib/python3.12/site-packages/airflow/example_dags/example_branch_labels.py                                                             1           0  0.09s           2025-06-27T17:06:13                      12
/home/airflow/.local/lib/python3.12/site-packages/airflow/example_dags/example_setup_teardown_taskflow.py                                                   1           0  0.09s           2025-06-27T17:06:07                      10
/home/airflow/.local/lib/python3.12/site-packages/airflow/example_dags/example_time_delta_sensor_async.py                                                   1           0  0.09s           2025-06-27T17:06:02                      10
/home/airflow/.local/lib/python3.12/site-packages/airflow/example_dags/tutorial.py                                                                          1           0  0.09s           2025-06-27T17:06:07                      12
/home/airflow/.local/lib/python3.12/site-packages/airflow/example_dags/example_trigger_controller_dag.py                                                    1           0  0.09s           2025-06-27T17:06:04                      12
/home/airflow/.local/lib/python3.12/site-packages/airflow/example_dags/tutorial_taskflow_api_virtualenv.py                                                  1           0  0.09s           2025-06-27T17:06:05                      10
/home/airflow/.local/lib/python3.12/site-packages/airflow/example_dags/example_short_circuit_decorator.py                                                   1           0  0.09s           2025-06-27T17:06:12                      10
/home/airflow/.local/lib/python3.12/site-packages/airflow/example_dags/example_dynamic_task_mapping.py                                                      1           0  0.09s           2025-06-27T17:06:07                      10
/home/airflow/.local/lib/python3.12/site-packages/airflow/example_dags/example_display_name.py                                                              1           0  0.09s           2025-06-27T17:06:05                      10
/home/airflow/.local/lib/python3.12/site-packages/airflow/example_dags/example_latest_only_with_trigger.py                                                  1           0  0.09s           2025-06-27T17:06:12                      12
/home/airflow/.local/lib/python3.12/site-packages/airflow/example_dags/example_python_operator.py                                                           1           0  0.09s           2025-06-27T17:06:07                      10
/home/airflow/.local/lib/python3.12/site-packages/airflow/example_dags/example_bash_decorator.py                                                            1           0  0.09s           2025-06-27T17:06:13                      10
/home/airflow/.local/lib/python3.12/site-packages/airflow/example_dags/example_local_kubernetes_executor.py                                                 1           0  0.09s           2025-06-27T17:06:12                      10
/home/airflow/.local/lib/python3.12/site-packages/airflow/example_dags/tutorial_objectstorage.py                                                            1           0  0.09s           2025-06-27T17:06:04                      10
/home/airflow/.local/lib/python3.12/site-packages/airflow/example_dags/tutorial_dag.py                                                                      1           0  0.08s           2025-06-27T17:06:13                      10
/home/airflow/.local/lib/python3.12/site-packages/airflow/example_dags/example_setup_teardown.py                                                            1           0  0.08s           2025-06-27T17:06:12                      10
/home/airflow/.local/lib/python3.12/site-packages/airflow/example_dags/example_task_group.py                                                                1           0  0.08s           2025-06-27T17:06:12                      10
/home/airflow/.local/lib/python3.12/site-packages/airflow/example_dags/tutorial_taskflow_api.py                                                             1           0  0.08s           2025-06-27T17:06:07                      10
/home/airflow/.local/lib/python3.12/site-packages/airflow/example_dags/example_dynamic_task_mapping_with_no_taskflow_operators.py                           1           0  0.08s           2025-06-27T17:06:12                      10
/home/airflow/.local/lib/python3.12/site-packages/airflow/example_dags/example_trigger_target_dag.py                                                        1           0  0.08s           2025-06-27T17:06:07                      10
/home/airflow/.local/lib/python3.12/site-packages/airflow/example_dags/plugins/decreasing_priority_weight_strategy.py                                       0           0  0.05s           2025-06-27T17:06:13                       3
/home/airflow/.local/lib/python3.12/site-packages/airflow/example_dags/plugins/workday.py                                                                   0           0  0.05s           2025-06-27T17:06:13                       3
/home/airflow/.local/lib/python3.12/site-packages/airflow/example_dags/plugins/event_listener.py                                                            0           0  0.04s           2025-06-27T17:06:13                       3
/home/airflow/.local/lib/python3.12/site-packages/airflow/example_dags/subdags/subdag.py                                                                    0           0  0.04s           2025-06-27T17:06:13                       3
/home/airflow/.local/lib/python3.12/site-packages/airflow/example_dags/plugins/listener_plugin.py                                                           0           0  0.04s           2025-06-27T17:06:13                       3
================================================================================
[2025-06-27T17:07:01.206+0000] {manager.py:997} INFO - 
================================================================================
DAG File Processing Stats

File Path                                                                                                                          PID    Runtime      # DAGs    # Errors  Last Runtime    Last Run               Last # of DB Queries
---------------------------------------------------------------------------------------------------------------------------------  -----  ---------  --------  ----------  --------------  -------------------  ----------------------
/home/airflow/.local/lib/python3.12/site-packages/airflow/example_dags/example_datasets.py                                                                 10           0  0.68s           2025-06-27T17:06:43                      49
/home/airflow/.local/lib/python3.12/site-packages/airflow/example_dags/example_dataset_alias.py                                                             4           0  0.65s           2025-06-27T17:06:43                      27
/home/airflow/.local/lib/python3.12/site-packages/airflow/example_dags/example_dataset_alias_with_no_taskflow.py                                            4           0  0.61s           2025-06-27T17:06:43                      27
/home/airflow/.local/lib/python3.12/site-packages/airflow/example_dags/example_inlet_event_extra.py                                                         2           0  0.59s           2025-06-27T17:06:45                      15
/home/airflow/.local/lib/python3.12/site-packages/airflow/example_dags/example_outlet_event_extra.py                                                        3           0  0.58s           2025-06-27T17:06:45                      19
/home/airflow/.local/lib/python3.12/site-packages/airflow/example_dags/example_dag_decorator.py                                                             1           0  0.24s           2025-06-27T17:06:38                      32
/home/airflow/.local/lib/python3.12/site-packages/airflow/example_dags/example_branch_operator.py                                                           1           0  0.17s           2025-06-27T17:06:44                      12
/home/airflow/.local/lib/python3.12/site-packages/airflow/example_dags/example_bash_decorator.py                                                            1           0  0.15s           2025-06-27T17:06:43                      10
/home/airflow/.local/lib/python3.12/site-packages/airflow/example_dags/example_sla_dag.py                                                                   1           0  0.13s           2025-06-27T17:06:52                      16
/home/airflow/.local/lib/python3.12/site-packages/airflow/example_dags/example_workday_timetable.py                                                         1           0  0.11s           2025-06-27T17:06:34                      12
/home/airflow/.local/lib/python3.12/site-packages/airflow/example_dags/example_subdag_operator.py                                                           3           0  0.11s           2025-06-27T17:06:33                      20
/home/airflow/.local/lib/python3.12/site-packages/airflow/example_dags/example_kubernetes_executor.py                                                       1           0  0.11s           2025-06-27T17:06:44                      10
/home/airflow/.local/lib/python3.12/site-packages/airflow/example_dags/example_branch_operator_decorator.py                                                 1           0  0.11s           2025-06-27T17:06:37                      12
/home/airflow/.local/lib/python3.12/site-packages/airflow/example_dags/example_xcom.py                                                                      1           0  0.11s           2025-06-27T17:06:37                      12
/home/airflow/.local/lib/python3.12/site-packages/airflow/example_dags/example_params_ui_tutorial.py                                                        1           0  0.11s           2025-06-27T17:06:33                      10
/home/airflow/.local/lib/python3.12/site-packages/airflow/example_dags/example_branch_day_of_week_operator.py                                               1           0  0.10s           2025-06-27T17:06:37                      12
/home/airflow/.local/lib/python3.12/site-packages/airflow/example_dags/example_branch_labels.py                                                             1           0  0.10s           2025-06-27T17:06:43                      12
/home/airflow/.local/lib/python3.12/site-packages/airflow/example_dags/tutorial_taskflow_templates.py                                                       1           0  0.10s           2025-06-27T17:06:35                      12
/home/airflow/.local/lib/python3.12/site-packages/airflow/example_dags/example_latest_only_with_trigger.py                                                  1           0  0.10s           2025-06-27T17:06:43                      12
/home/airflow/.local/lib/python3.12/site-packages/airflow/example_dags/example_branch_datetime_operator.py                                                  3           0  0.10s           2025-06-27T17:06:34                      18
/home/airflow/.local/lib/python3.12/site-packages/airflow/example_dags/example_params_trigger_ui.py                                                         1           0  0.10s           2025-06-27T17:06:32                      10
/home/airflow/.local/lib/python3.12/site-packages/airflow/example_dags/example_branch_python_dop_operator_3.py                                              1           0  0.10s           2025-06-27T17:06:37                      12
/home/airflow/.local/lib/python3.12/site-packages/airflow/example_dags/example_short_circuit_operator.py                                                    1           0  0.10s           2025-06-27T17:06:36                      10
/home/airflow/.local/lib/python3.12/site-packages/airflow/example_dags/example_bash_operator.py                                                             1           0  0.10s           2025-06-27T17:06:37                      12
/home/airflow/.local/lib/python3.12/site-packages/airflow/example_dags/example_dynamic_task_mapping.py                                                      1           0  0.10s           2025-06-27T17:06:37                      10
/home/airflow/.local/lib/python3.12/site-packages/airflow/example_dags/example_task_group_decorator.py                                                      1           0  0.10s           2025-06-27T17:06:33                      10
/home/airflow/.local/lib/python3.12/site-packages/airflow/example_dags/example_task_group.py                                                                1           0  0.09s           2025-06-27T17:06:43                      10
/home/airflow/.local/lib/python3.12/site-packages/airflow/example_dags/tutorial_dag.py                                                                      1           0  0.09s           2025-06-27T17:06:44                      10
/home/airflow/.local/lib/python3.12/site-packages/airflow/example_dags/example_display_name.py                                                              1           0  0.09s           2025-06-27T17:06:36                      10
/home/airflow/.local/lib/python3.12/site-packages/airflow/example_dags/example_nested_branch_dag.py                                                         1           0  0.09s           2025-06-27T17:06:32                      12
/home/airflow/.local/lib/python3.12/site-packages/airflow/example_dags/example_skip_dag.py                                                                  1           0  0.09s           2025-06-27T17:06:36                      12
/home/airflow/.local/lib/python3.12/site-packages/airflow/example_dags/example_passing_params_via_test_command.py                                           1           0  0.09s           2025-06-27T17:06:32                      12
/home/airflow/.local/lib/python3.12/site-packages/airflow/example_dags/example_complex.py                                                                   1           0  0.09s           2025-06-27T17:06:33                      10
/home/airflow/.local/lib/python3.12/site-packages/airflow/example_dags/example_sensor_decorator.py                                                          1           0  0.09s           2025-06-27T17:06:36                      10
/home/airflow/.local/lib/python3.12/site-packages/airflow/example_dags/example_short_circuit_decorator.py                                                   1           0  0.09s           2025-06-27T17:06:43                      10
/home/airflow/.local/lib/python3.12/site-packages/airflow/example_dags/example_setup_teardown.py                                                            1           0  0.09s           2025-06-27T17:06:43                      10
/home/airflow/.local/lib/python3.12/site-packages/airflow/example_dags/example_xcomargs.py                                                                  2           0  0.09s           2025-06-27T17:06:34                      13
/home/airflow/.local/lib/python3.12/site-packages/airflow/example_dags/tutorial.py                                                                          1           0  0.09s           2025-06-27T17:06:37                      12
/home/airflow/.local/lib/python3.12/site-packages/airflow/example_dags/example_python_operator.py                                                           1           0  0.09s           2025-06-27T17:06:37                      10
/home/airflow/.local/lib/python3.12/site-packages/airflow/example_dags/example_dynamic_task_mapping_with_no_taskflow_operators.py                           1           0  0.09s           2025-06-27T17:06:43                      10
/home/airflow/.local/lib/python3.12/site-packages/airflow/example_dags/example_local_kubernetes_executor.py                                                 1           0  0.09s           2025-06-27T17:06:43                      10
/home/airflow/.local/lib/python3.12/site-packages/airflow/example_dags/example_sensors.py                                                                   1           0  0.09s           2025-06-27T17:06:32                      10
/home/airflow/.local/lib/python3.12/site-packages/airflow/example_dags/example_setup_teardown_taskflow.py                                                   1           0  0.09s           2025-06-27T17:06:37                      10
/home/airflow/.local/lib/python3.12/site-packages/airflow/example_dags/tutorial_taskflow_api.py                                                             1           0  0.09s           2025-06-27T17:06:37                      10
/home/airflow/.local/lib/python3.12/site-packages/airflow/example_dags/example_python_decorator.py                                                          1           0  0.09s           2025-06-27T17:06:32                      10
/opt/airflow/dags/new_dag.py                                                                                                                                1           0  0.09s           2025-06-27T17:06:32                      10
/home/airflow/.local/lib/python3.12/site-packages/airflow/example_dags/tutorial_taskflow_api_virtualenv.py                                                  1           0  0.09s           2025-06-27T17:06:35                      10
/home/airflow/.local/lib/python3.12/site-packages/airflow/example_dags/example_trigger_controller_dag.py                                                    1           0  0.09s           2025-06-27T17:06:34                      12
/home/airflow/.local/lib/python3.12/site-packages/airflow/example_dags/tutorial_objectstorage.py                                                            1           0  0.08s           2025-06-27T17:06:34                      10
/home/airflow/.local/lib/python3.12/site-packages/airflow/example_dags/example_latest_only.py                                                               1           0  0.08s           2025-06-27T17:06:32                      12
/home/airflow/.local/lib/python3.12/site-packages/airflow/example_dags/example_external_task_marker_dag.py                                                  2           0  0.08s           2025-06-27T17:06:32                      13
/home/airflow/.local/lib/python3.12/site-packages/airflow/example_dags/example_trigger_target_dag.py                                                        1           0  0.08s           2025-06-27T17:06:37                      10
/home/airflow/.local/lib/python3.12/site-packages/airflow/example_dags/plugins/workday.py                                                                   0           0  0.08s           2025-06-27T17:06:44                       3
/home/airflow/.local/lib/python3.12/site-packages/airflow/example_dags/example_time_delta_sensor_async.py                                                   1           0  0.08s           2025-06-27T17:06:33                      10
/home/airflow/.local/lib/python3.12/site-packages/airflow/example_dags/plugins/listener_plugin.py                                                           0           0  0.06s           2025-06-27T17:06:44                       3
/home/airflow/.local/lib/python3.12/site-packages/airflow/example_dags/plugins/event_listener.py                                                            0           0  0.05s           2025-06-27T17:06:44                       3
/home/airflow/.local/lib/python3.12/site-packages/airflow/example_dags/plugins/decreasing_priority_weight_strategy.py                                       0           0  0.05s           2025-06-27T17:06:44                       3
/home/airflow/.local/lib/python3.12/site-packages/airflow/example_dags/subdags/subdag.py                                                                    0           0  0.05s           2025-06-27T17:06:44                       3
================================================================================
[2025-06-27T17:07:31.979+0000] {manager.py:997} INFO - 
================================================================================
DAG File Processing Stats

File Path                                                                                                                          PID    Runtime      # DAGs    # Errors  Last Runtime    Last Run               Last # of DB Queries
---------------------------------------------------------------------------------------------------------------------------------  -----  ---------  --------  ----------  --------------  -------------------  ----------------------
/home/airflow/.local/lib/python3.12/site-packages/airflow/example_dags/example_datasets.py                                                                 10           0  0.67s           2025-06-27T17:07:13                      49
/home/airflow/.local/lib/python3.12/site-packages/airflow/example_dags/example_dataset_alias.py                                                             4           0  0.63s           2025-06-27T17:07:14                      27
/home/airflow/.local/lib/python3.12/site-packages/airflow/example_dags/example_dataset_alias_with_no_taskflow.py                                            4           0  0.63s           2025-06-27T17:07:13                      27
/home/airflow/.local/lib/python3.12/site-packages/airflow/example_dags/example_outlet_event_extra.py                                                        3           0  0.59s           2025-06-27T17:07:17                      19
/home/airflow/.local/lib/python3.12/site-packages/airflow/example_dags/example_inlet_event_extra.py                                                         2           0  0.58s           2025-06-27T17:07:17                      15
/home/airflow/.local/lib/python3.12/site-packages/airflow/example_dags/example_dag_decorator.py                                                             1           0  0.27s           2025-06-27T17:07:08                      32
/home/airflow/.local/lib/python3.12/site-packages/airflow/example_dags/example_sla_dag.py                                                                   1           0  0.13s           2025-06-27T17:07:23                      16
/home/airflow/.local/lib/python3.12/site-packages/airflow/example_dags/example_branch_operator_decorator.py                                                 1           0  0.13s           2025-06-27T17:07:07                      12
/home/airflow/.local/lib/python3.12/site-packages/airflow/example_dags/example_branch_datetime_operator.py                                                  3           0  0.13s           2025-06-27T17:07:05                      18
/home/airflow/.local/lib/python3.12/site-packages/airflow/example_dags/tutorial_objectstorage.py                                                            1           0  0.13s           2025-06-27T17:07:05                      10
/home/airflow/.local/lib/python3.12/site-packages/airflow/example_dags/example_subdag_operator.py                                                           3           0  0.12s           2025-06-27T17:07:04                      20
/home/airflow/.local/lib/python3.12/site-packages/airflow/example_dags/example_branch_day_of_week_operator.py                                               1           0  0.12s           2025-06-27T17:07:07                      12
/home/airflow/.local/lib/python3.12/site-packages/airflow/example_dags/example_bash_operator.py                                                             1           0  0.11s           2025-06-27T17:07:07                      12
/home/airflow/.local/lib/python3.12/site-packages/airflow/example_dags/tutorial_taskflow_templates.py                                                       1           0  0.11s           2025-06-27T17:07:06                      12
/home/airflow/.local/lib/python3.12/site-packages/airflow/example_dags/example_params_ui_tutorial.py                                                        1           0  0.11s           2025-06-27T17:07:04                      10
/home/airflow/.local/lib/python3.12/site-packages/airflow/example_dags/example_branch_python_dop_operator_3.py                                              1           0  0.11s           2025-06-27T17:07:08                      12
/home/airflow/.local/lib/python3.12/site-packages/airflow/example_dags/example_workday_timetable.py                                                         1           0  0.11s           2025-06-27T17:07:05                      12
/home/airflow/.local/lib/python3.12/site-packages/airflow/example_dags/example_branch_operator.py                                                           1           0  0.11s           2025-06-27T17:07:14                      12
/home/airflow/.local/lib/python3.12/site-packages/airflow/example_dags/example_params_trigger_ui.py                                                         1           0  0.10s           2025-06-27T17:07:03                      10
/home/airflow/.local/lib/python3.12/site-packages/airflow/example_dags/example_trigger_controller_dag.py                                                    1           0  0.10s           2025-06-27T17:07:05                      12
/home/airflow/.local/lib/python3.12/site-packages/airflow/example_dags/example_xcom.py                                                                      1           0  0.10s           2025-06-27T17:07:07                      12
/home/airflow/.local/lib/python3.12/site-packages/airflow/example_dags/example_setup_teardown_taskflow.py                                                   1           0  0.10s           2025-06-27T17:07:07                      10
/home/airflow/.local/lib/python3.12/site-packages/airflow/example_dags/example_nested_branch_dag.py                                                         1           0  0.10s           2025-06-27T17:07:03                      12
/home/airflow/.local/lib/python3.12/site-packages/airflow/example_dags/example_task_group_decorator.py                                                      1           0  0.10s           2025-06-27T17:07:04                      10
/home/airflow/.local/lib/python3.12/site-packages/airflow/example_dags/example_latest_only_with_trigger.py                                                  1           0  0.10s           2025-06-27T17:07:14                      12
/home/airflow/.local/lib/python3.12/site-packages/airflow/example_dags/example_trigger_target_dag.py                                                        1           0  0.10s           2025-06-27T17:07:07                      10
/home/airflow/.local/lib/python3.12/site-packages/airflow/example_dags/tutorial.py                                                                          1           0  0.10s           2025-06-27T17:07:08                      12
/home/airflow/.local/lib/python3.12/site-packages/airflow/example_dags/example_branch_labels.py                                                             1           0  0.10s           2025-06-27T17:07:14                      12
/home/airflow/.local/lib/python3.12/site-packages/airflow/example_dags/example_skip_dag.py                                                                  1           0  0.10s           2025-06-27T17:07:06                      12
/home/airflow/.local/lib/python3.12/site-packages/airflow/example_dags/example_passing_params_via_test_command.py                                           1           0  0.09s           2025-06-27T17:07:03                      12
/home/airflow/.local/lib/python3.12/site-packages/airflow/example_dags/tutorial_taskflow_api_virtualenv.py                                                  1           0  0.09s           2025-06-27T17:07:06                      10
/home/airflow/.local/lib/python3.12/site-packages/airflow/example_dags/example_bash_decorator.py                                                            1           0  0.09s           2025-06-27T17:07:14                      10
/home/airflow/.local/lib/python3.12/site-packages/airflow/example_dags/example_complex.py                                                                   1           0  0.09s           2025-06-27T17:07:04                      10
/home/airflow/.local/lib/python3.12/site-packages/airflow/example_dags/example_kubernetes_executor.py                                                       1           0  0.09s           2025-06-27T17:07:14                      10
/home/airflow/.local/lib/python3.12/site-packages/airflow/example_dags/example_short_circuit_decorator.py                                                   1           0  0.09s           2025-06-27T17:07:14                      10
/home/airflow/.local/lib/python3.12/site-packages/airflow/example_dags/example_latest_only.py                                                               1           0  0.09s           2025-06-27T17:07:03                      12
/home/airflow/.local/lib/python3.12/site-packages/airflow/example_dags/example_python_operator.py                                                           1           0  0.09s           2025-06-27T17:07:08                      10
/home/airflow/.local/lib/python3.12/site-packages/airflow/example_dags/tutorial_taskflow_api.py                                                             1           0  0.09s           2025-06-27T17:07:07                      10
/home/airflow/.local/lib/python3.12/site-packages/airflow/example_dags/example_sensors.py                                                                   1           0  0.09s           2025-06-27T17:07:03                      10
/home/airflow/.local/lib/python3.12/site-packages/airflow/example_dags/example_sensor_decorator.py                                                          1           0  0.09s           2025-06-27T17:07:06                      10
/home/airflow/.local/lib/python3.12/site-packages/airflow/example_dags/example_external_task_marker_dag.py                                                  2           0  0.09s           2025-06-27T17:07:03                      13
/home/airflow/.local/lib/python3.12/site-packages/airflow/example_dags/example_dynamic_task_mapping.py                                                      1           0  0.09s           2025-06-27T17:07:07                      10
/home/airflow/.local/lib/python3.12/site-packages/airflow/example_dags/example_xcomargs.py                                                                  2           0  0.09s           2025-06-27T17:07:04                      13
/opt/airflow/dags/new_dag.py                                                                                                                                1           0  0.09s           2025-06-27T17:07:03                      10
/home/airflow/.local/lib/python3.12/site-packages/airflow/example_dags/example_python_decorator.py                                                          1           0  0.09s           2025-06-27T17:07:03                      10
/home/airflow/.local/lib/python3.12/site-packages/airflow/example_dags/example_short_circuit_operator.py                                                    1           0  0.09s           2025-06-27T17:07:06                      10
/home/airflow/.local/lib/python3.12/site-packages/airflow/example_dags/example_display_name.py                                                              1           0  0.09s           2025-06-27T17:07:06                      10
/home/airflow/.local/lib/python3.12/site-packages/airflow/example_dags/tutorial_dag.py                                                                      1           0  0.09s           2025-06-27T17:07:14                      10
/home/airflow/.local/lib/python3.12/site-packages/airflow/example_dags/example_local_kubernetes_executor.py                                                 1           0  0.09s           2025-06-27T17:07:13                      10
/home/airflow/.local/lib/python3.12/site-packages/airflow/example_dags/example_task_group.py                                                                1           0  0.08s           2025-06-27T17:07:13                      10
/home/airflow/.local/lib/python3.12/site-packages/airflow/example_dags/example_setup_teardown.py                                                            1           0  0.08s           2025-06-27T17:07:14                      10
/home/airflow/.local/lib/python3.12/site-packages/airflow/example_dags/example_dynamic_task_mapping_with_no_taskflow_operators.py                           1           0  0.08s           2025-06-27T17:07:14                      10
/home/airflow/.local/lib/python3.12/site-packages/airflow/example_dags/example_time_delta_sensor_async.py                                                   1           0  0.08s           2025-06-27T17:07:04                      10
/home/airflow/.local/lib/python3.12/site-packages/airflow/example_dags/plugins/workday.py                                                                   0           0  0.05s           2025-06-27T17:07:14                       3
/home/airflow/.local/lib/python3.12/site-packages/airflow/example_dags/plugins/event_listener.py                                                            0           0  0.04s           2025-06-27T17:07:14                       3
/home/airflow/.local/lib/python3.12/site-packages/airflow/example_dags/plugins/listener_plugin.py                                                           0           0  0.04s           2025-06-27T17:07:14                       3
/home/airflow/.local/lib/python3.12/site-packages/airflow/example_dags/subdags/subdag.py                                                                    0           0  0.04s           2025-06-27T17:07:14                       3
/home/airflow/.local/lib/python3.12/site-packages/airflow/example_dags/plugins/decreasing_priority_weight_strategy.py                                       0           0  0.04s           2025-06-27T17:07:14                       3
================================================================================
[2025-06-27T17:07:54.144+0000] {manager.py:821} INFO - Searching for files in /opt/airflow/dags
[2025-06-27T17:07:54.170+0000] {manager.py:824} INFO - There are 58 files in /opt/airflow/dags
[2025-06-27T17:08:02.241+0000] {manager.py:997} INFO - 
================================================================================
DAG File Processing Stats

File Path                                                                                                                          PID    Runtime      # DAGs    # Errors  Last Runtime    Last Run               Last # of DB Queries
---------------------------------------------------------------------------------------------------------------------------------  -----  ---------  --------  ----------  --------------  -------------------  ----------------------
/home/airflow/.local/lib/python3.12/site-packages/airflow/example_dags/example_dataset_alias.py                                                             4           0  0.62s           2025-06-27T17:07:45                      27
/home/airflow/.local/lib/python3.12/site-packages/airflow/example_dags/example_datasets.py                                                                 10           0  0.61s           2025-06-27T17:07:44                      49
/home/airflow/.local/lib/python3.12/site-packages/airflow/example_dags/example_dataset_alias_with_no_taskflow.py                                            4           0  0.59s           2025-06-27T17:07:44                      27
/home/airflow/.local/lib/python3.12/site-packages/airflow/example_dags/example_outlet_event_extra.py                                                        3           0  0.58s           2025-06-27T17:07:48                      19
/home/airflow/.local/lib/python3.12/site-packages/airflow/example_dags/example_inlet_event_extra.py                                                         2           0  0.56s           2025-06-27T17:07:48                      15
/home/airflow/.local/lib/python3.12/site-packages/airflow/example_dags/example_dag_decorator.py                                                             1           0  0.23s           2025-06-27T17:07:39                      32
/home/airflow/.local/lib/python3.12/site-packages/airflow/example_dags/example_kubernetes_executor.py                                                       1           0  0.13s           2025-06-27T17:07:45                      10
/home/airflow/.local/lib/python3.12/site-packages/airflow/example_dags/example_branch_operator.py                                                           1           0  0.12s           2025-06-27T17:07:45                      12
/home/airflow/.local/lib/python3.12/site-packages/airflow/example_dags/example_params_ui_tutorial.py                                                        1           0  0.12s           2025-06-27T17:07:35                      10
/home/airflow/.local/lib/python3.12/site-packages/airflow/example_dags/example_subdag_operator.py                                                           3           0  0.11s           2025-06-27T17:07:35                      20
/home/airflow/.local/lib/python3.12/site-packages/airflow/example_dags/tutorial_taskflow_templates.py                                                       1           0  0.11s           2025-06-27T17:07:37                      12
/home/airflow/.local/lib/python3.12/site-packages/airflow/example_dags/tutorial_dag.py                                                                      1           0  0.11s           2025-06-27T17:07:45                      10
/home/airflow/.local/lib/python3.12/site-packages/airflow/example_dags/example_branch_operator_decorator.py                                                 1           0  0.11s           2025-06-27T17:07:38                      12
/home/airflow/.local/lib/python3.12/site-packages/airflow/example_dags/example_workday_timetable.py                                                         1           0  0.10s           2025-06-27T17:07:35                      12
/home/airflow/.local/lib/python3.12/site-packages/airflow/example_dags/example_sla_dag.py                                                                   1           0  0.10s           2025-06-27T17:07:53                      12
/home/airflow/.local/lib/python3.12/site-packages/airflow/example_dags/example_bash_operator.py                                                             1           0  0.10s           2025-06-27T17:07:38                      12
/home/airflow/.local/lib/python3.12/site-packages/airflow/example_dags/example_params_trigger_ui.py                                                         1           0  0.10s           2025-06-27T17:07:34                      10
/home/airflow/.local/lib/python3.12/site-packages/airflow/example_dags/example_branch_datetime_operator.py                                                  3           0  0.10s           2025-06-27T17:07:35                      18
/home/airflow/.local/lib/python3.12/site-packages/airflow/example_dags/example_complex.py                                                                   1           0  0.10s           2025-06-27T17:07:35                      10
/home/airflow/.local/lib/python3.12/site-packages/airflow/example_dags/example_short_circuit_operator.py                                                    1           0  0.10s           2025-06-27T17:07:37                      10
/home/airflow/.local/lib/python3.12/site-packages/airflow/example_dags/example_skip_dag.py                                                                  1           0  0.10s           2025-06-27T17:07:37                      12
/home/airflow/.local/lib/python3.12/site-packages/airflow/example_dags/example_latest_only_with_trigger.py                                                  1           0  0.10s           2025-06-27T17:07:44                      12
/home/airflow/.local/lib/python3.12/site-packages/airflow/example_dags/example_passing_params_via_test_command.py                                           1           0  0.10s           2025-06-27T17:07:34                      12
/home/airflow/.local/lib/python3.12/site-packages/airflow/example_dags/example_branch_labels.py                                                             1           0  0.10s           2025-06-27T17:07:45                      12
/home/airflow/.local/lib/python3.12/site-packages/airflow/example_dags/example_branch_python_dop_operator_3.py                                              1           0  0.10s           2025-06-27T17:07:38                      12
/home/airflow/.local/lib/python3.12/site-packages/airflow/example_dags/tutorial_taskflow_api_virtualenv.py                                                  1           0  0.09s           2025-06-27T17:07:37                      10
/home/airflow/.local/lib/python3.12/site-packages/airflow/example_dags/example_task_group_decorator.py                                                      1           0  0.09s           2025-06-27T17:07:35                      10
/home/airflow/.local/lib/python3.12/site-packages/airflow/example_dags/example_branch_day_of_week_operator.py                                               1           0  0.09s           2025-06-27T17:07:38                      12
/home/airflow/.local/lib/python3.12/site-packages/airflow/example_dags/example_nested_branch_dag.py                                                         1           0  0.09s           2025-06-27T17:07:34                      12
/home/airflow/.local/lib/python3.12/site-packages/airflow/example_dags/example_bash_decorator.py                                                            1           0  0.09s           2025-06-27T17:07:45                      10
/home/airflow/.local/lib/python3.12/site-packages/airflow/example_dags/example_sensor_decorator.py                                                          1           0  0.09s           2025-06-27T17:07:37                      10
/home/airflow/.local/lib/python3.12/site-packages/airflow/example_dags/example_short_circuit_decorator.py                                                   1           0  0.09s           2025-06-27T17:07:44                      10
/home/airflow/.local/lib/python3.12/site-packages/airflow/example_dags/tutorial.py                                                                          1           0  0.09s           2025-06-27T17:07:38                      12
/home/airflow/.local/lib/python3.12/site-packages/airflow/example_dags/example_xcom.py                                                                      1           0  0.09s           2025-06-27T17:07:38                      12
/home/airflow/.local/lib/python3.12/site-packages/airflow/example_dags/example_trigger_controller_dag.py                                                    1           0  0.09s           2025-06-27T17:07:35                      12
/opt/airflow/dags/new_dag.py                                                                                                                                1           0  0.09s           2025-06-27T17:07:34                      10
/home/airflow/.local/lib/python3.12/site-packages/airflow/example_dags/example_xcomargs.py                                                                  2           0  0.09s           2025-06-27T17:07:35                      13
/home/airflow/.local/lib/python3.12/site-packages/airflow/example_dags/example_sensors.py                                                                   1           0  0.09s           2025-06-27T17:07:34                      10
/home/airflow/.local/lib/python3.12/site-packages/airflow/example_dags/example_python_operator.py                                                           1           0  0.09s           2025-06-27T17:07:38                      10
/home/airflow/.local/lib/python3.12/site-packages/airflow/example_dags/tutorial_objectstorage.py                                                            1           0  0.09s           2025-06-27T17:07:36                      10
/home/airflow/.local/lib/python3.12/site-packages/airflow/example_dags/example_python_decorator.py                                                          1           0  0.09s           2025-06-27T17:07:34                      10
/home/airflow/.local/lib/python3.12/site-packages/airflow/example_dags/example_display_name.py                                                              1           0  0.09s           2025-06-27T17:07:37                      10
/home/airflow/.local/lib/python3.12/site-packages/airflow/example_dags/example_latest_only.py                                                               1           0  0.09s           2025-06-27T17:07:34                      12
/home/airflow/.local/lib/python3.12/site-packages/airflow/example_dags/example_external_task_marker_dag.py                                                  2           0  0.09s           2025-06-27T17:07:34                      13
/home/airflow/.local/lib/python3.12/site-packages/airflow/example_dags/example_setup_teardown_taskflow.py                                                   1           0  0.08s           2025-06-27T17:07:38                      10
/home/airflow/.local/lib/python3.12/site-packages/airflow/example_dags/example_task_group.py                                                                1           0  0.08s           2025-06-27T17:07:44                      10
/home/airflow/.local/lib/python3.12/site-packages/airflow/example_dags/example_local_kubernetes_executor.py                                                 1           0  0.08s           2025-06-27T17:07:44                      10
/home/airflow/.local/lib/python3.12/site-packages/airflow/example_dags/example_dynamic_task_mapping_with_no_taskflow_operators.py                           1           0  0.08s           2025-06-27T17:07:44                      10
/home/airflow/.local/lib/python3.12/site-packages/airflow/example_dags/example_setup_teardown.py                                                            1           0  0.08s           2025-06-27T17:07:44                      10
/home/airflow/.local/lib/python3.12/site-packages/airflow/example_dags/example_trigger_target_dag.py                                                        1           0  0.08s           2025-06-27T17:07:38                      10
/home/airflow/.local/lib/python3.12/site-packages/airflow/example_dags/example_dynamic_task_mapping.py                                                      1           0  0.08s           2025-06-27T17:07:38                      10
/home/airflow/.local/lib/python3.12/site-packages/airflow/example_dags/example_time_delta_sensor_async.py                                                   1           0  0.08s           2025-06-27T17:07:35                      10
/home/airflow/.local/lib/python3.12/site-packages/airflow/example_dags/tutorial_taskflow_api.py                                                             1           0  0.08s           2025-06-27T17:07:38                      10
/home/airflow/.local/lib/python3.12/site-packages/airflow/example_dags/plugins/workday.py                                                                   0           0  0.05s           2025-06-27T17:07:45                       3
/home/airflow/.local/lib/python3.12/site-packages/airflow/example_dags/plugins/listener_plugin.py                                                           0           0  0.05s           2025-06-27T17:07:45                       3
/home/airflow/.local/lib/python3.12/site-packages/airflow/example_dags/subdags/subdag.py                                                                    0           0  0.04s           2025-06-27T17:07:45                       3
/home/airflow/.local/lib/python3.12/site-packages/airflow/example_dags/plugins/decreasing_priority_weight_strategy.py                                       0           0  0.04s           2025-06-27T17:07:45                       3
/home/airflow/.local/lib/python3.12/site-packages/airflow/example_dags/plugins/event_listener.py                                                            0           0  0.04s           2025-06-27T17:07:45                       3
================================================================================
[2025-06-27T17:08:32.304+0000] {manager.py:997} INFO - 
================================================================================
DAG File Processing Stats

File Path                                                                                                                          PID    Runtime      # DAGs    # Errors  Last Runtime    Last Run               Last # of DB Queries
---------------------------------------------------------------------------------------------------------------------------------  -----  ---------  --------  ----------  --------------  -------------------  ----------------------
/home/airflow/.local/lib/python3.12/site-packages/airflow/example_dags/example_datasets.py                                                                 10           0  0.66s           2025-06-27T17:08:15                      49
/home/airflow/.local/lib/python3.12/site-packages/airflow/example_dags/example_outlet_event_extra.py                                                        3           0  0.60s           2025-06-27T17:08:18                      19
/home/airflow/.local/lib/python3.12/site-packages/airflow/example_dags/example_dataset_alias_with_no_taskflow.py                                            4           0  0.60s           2025-06-27T17:08:15                      27
/home/airflow/.local/lib/python3.12/site-packages/airflow/example_dags/example_inlet_event_extra.py                                                         2           0  0.59s           2025-06-27T17:08:18                      15
/home/airflow/.local/lib/python3.12/site-packages/airflow/example_dags/example_dataset_alias.py                                                             4           0  0.58s           2025-06-27T17:08:15                      27
/home/airflow/.local/lib/python3.12/site-packages/airflow/example_dags/example_dag_decorator.py                                                             1           0  0.23s           2025-06-27T17:08:09                      32
/home/airflow/.local/lib/python3.12/site-packages/airflow/example_dags/tutorial_objectstorage.py                                                            1           0  0.15s           2025-06-27T17:08:06                      10
/home/airflow/.local/lib/python3.12/site-packages/airflow/example_dags/example_sla_dag.py                                                                   1           0  0.13s           2025-06-27T17:08:23                      16
/home/airflow/.local/lib/python3.12/site-packages/airflow/example_dags/example_workday_timetable.py                                                         1           0  0.13s           2025-06-27T17:08:06                      12
/home/airflow/.local/lib/python3.12/site-packages/airflow/example_dags/example_params_ui_tutorial.py                                                        1           0  0.12s           2025-06-27T17:08:05                      10
/home/airflow/.local/lib/python3.12/site-packages/airflow/example_dags/tutorial_taskflow_templates.py                                                       1           0  0.11s           2025-06-27T17:08:07                      12
/home/airflow/.local/lib/python3.12/site-packages/airflow/example_dags/example_subdag_operator.py                                                           3           0  0.11s           2025-06-27T17:08:05                      20
/home/airflow/.local/lib/python3.12/site-packages/airflow/example_dags/example_branch_operator_decorator.py                                                 1           0  0.11s           2025-06-27T17:08:09                      12
/home/airflow/.local/lib/python3.12/site-packages/airflow/example_dags/example_trigger_controller_dag.py                                                    1           0  0.11s           2025-06-27T17:08:06                      12
/home/airflow/.local/lib/python3.12/site-packages/airflow/example_dags/example_params_trigger_ui.py                                                         1           0  0.11s           2025-06-27T17:08:04                      10
/home/airflow/.local/lib/python3.12/site-packages/airflow/example_dags/example_branch_datetime_operator.py                                                  3           0  0.11s           2025-06-27T17:08:06                      18
/home/airflow/.local/lib/python3.12/site-packages/airflow/example_dags/example_task_group_decorator.py                                                      1           0  0.11s           2025-06-27T17:08:05                      10
/home/airflow/.local/lib/python3.12/site-packages/airflow/example_dags/example_branch_operator.py                                                           1           0  0.11s           2025-06-27T17:08:16                      12
/home/airflow/.local/lib/python3.12/site-packages/airflow/example_dags/example_skip_dag.py                                                                  1           0  0.11s           2025-06-27T17:08:07                      12
/home/airflow/.local/lib/python3.12/site-packages/airflow/example_dags/example_complex.py                                                                   1           0  0.10s           2025-06-27T17:08:05                      10
/home/airflow/.local/lib/python3.12/site-packages/airflow/example_dags/example_bash_operator.py                                                             1           0  0.10s           2025-06-27T17:08:09                      12
/home/airflow/.local/lib/python3.12/site-packages/airflow/example_dags/example_passing_params_via_test_command.py                                           1           0  0.10s           2025-06-27T17:08:04                      12
/home/airflow/.local/lib/python3.12/site-packages/airflow/example_dags/example_short_circuit_operator.py                                                    1           0  0.10s           2025-06-27T17:08:07                      10
/home/airflow/.local/lib/python3.12/site-packages/airflow/example_dags/example_xcom.py                                                                      1           0  0.10s           2025-06-27T17:08:09                      12
/home/airflow/.local/lib/python3.12/site-packages/airflow/example_dags/example_task_group.py                                                                1           0  0.10s           2025-06-27T17:08:15                      10
/home/airflow/.local/lib/python3.12/site-packages/airflow/example_dags/example_kubernetes_executor.py                                                       1           0  0.10s           2025-06-27T17:08:16                      10
/home/airflow/.local/lib/python3.12/site-packages/airflow/example_dags/example_nested_branch_dag.py                                                         1           0  0.10s           2025-06-27T17:08:04                      12
/home/airflow/.local/lib/python3.12/site-packages/airflow/example_dags/example_python_decorator.py                                                          1           0  0.10s           2025-06-27T17:08:04                      10
/home/airflow/.local/lib/python3.12/site-packages/airflow/example_dags/tutorial_taskflow_api_virtualenv.py                                                  1           0  0.10s           2025-06-27T17:08:07                      10
/home/airflow/.local/lib/python3.12/site-packages/airflow/example_dags/example_branch_day_of_week_operator.py                                               1           0  0.10s           2025-06-27T17:08:09                      12
/home/airflow/.local/lib/python3.12/site-packages/airflow/example_dags/example_sensor_decorator.py                                                          1           0  0.10s           2025-06-27T17:08:07                      10
/home/airflow/.local/lib/python3.12/site-packages/airflow/example_dags/example_branch_python_dop_operator_3.py                                              1           0  0.10s           2025-06-27T17:08:09                      12
/opt/airflow/dags/new_dag.py                                                                                                                                1           0  0.09s           2025-06-27T17:08:04                      10
/home/airflow/.local/lib/python3.12/site-packages/airflow/example_dags/example_bash_decorator.py                                                            1           0  0.09s           2025-06-27T17:08:15                      10
/home/airflow/.local/lib/python3.12/site-packages/airflow/example_dags/example_branch_labels.py                                                             1           0  0.09s           2025-06-27T17:08:15                      12
/home/airflow/.local/lib/python3.12/site-packages/airflow/example_dags/example_latest_only.py                                                               1           0  0.09s           2025-06-27T17:08:04                      12
/home/airflow/.local/lib/python3.12/site-packages/airflow/example_dags/example_latest_only_with_trigger.py                                                  1           0  0.09s           2025-06-27T17:08:15                      12
/home/airflow/.local/lib/python3.12/site-packages/airflow/example_dags/example_xcomargs.py                                                                  2           0  0.09s           2025-06-27T17:08:06                      13
/home/airflow/.local/lib/python3.12/site-packages/airflow/example_dags/example_sensors.py                                                                   1           0  0.09s           2025-06-27T17:08:04                      10
/home/airflow/.local/lib/python3.12/site-packages/airflow/example_dags/example_display_name.py                                                              1           0  0.09s           2025-06-27T17:08:07                      10
/home/airflow/.local/lib/python3.12/site-packages/airflow/example_dags/example_setup_teardown_taskflow.py                                                   1           0  0.09s           2025-06-27T17:08:09                      10
/home/airflow/.local/lib/python3.12/site-packages/airflow/example_dags/example_external_task_marker_dag.py                                                  2           0  0.09s           2025-06-27T17:08:04                      13
/home/airflow/.local/lib/python3.12/site-packages/airflow/example_dags/tutorial.py                                                                          1           0  0.09s           2025-06-27T17:08:09                      12
/home/airflow/.local/lib/python3.12/site-packages/airflow/example_dags/example_short_circuit_decorator.py                                                   1           0  0.09s           2025-06-27T17:08:15                      10
/home/airflow/.local/lib/python3.12/site-packages/airflow/example_dags/tutorial_dag.py                                                                      1           0  0.09s           2025-06-27T17:08:16                      10
/home/airflow/.local/lib/python3.12/site-packages/airflow/example_dags/example_time_delta_sensor_async.py                                                   1           0  0.09s           2025-06-27T17:08:05                      10
/home/airflow/.local/lib/python3.12/site-packages/airflow/example_dags/example_python_operator.py                                                           1           0  0.09s           2025-06-27T17:08:09                      10
/home/airflow/.local/lib/python3.12/site-packages/airflow/example_dags/example_dynamic_task_mapping.py                                                      1           0  0.09s           2025-06-27T17:08:09                      10
/home/airflow/.local/lib/python3.12/site-packages/airflow/example_dags/example_trigger_target_dag.py                                                        1           0  0.09s           2025-06-27T17:08:09                      10
/home/airflow/.local/lib/python3.12/site-packages/airflow/example_dags/example_local_kubernetes_executor.py                                                 1           0  0.08s           2025-06-27T17:08:15                      10
/home/airflow/.local/lib/python3.12/site-packages/airflow/example_dags/example_dynamic_task_mapping_with_no_taskflow_operators.py                           1           0  0.08s           2025-06-27T17:08:15                      10
/home/airflow/.local/lib/python3.12/site-packages/airflow/example_dags/example_setup_teardown.py                                                            1           0  0.08s           2025-06-27T17:08:15                      10
/home/airflow/.local/lib/python3.12/site-packages/airflow/example_dags/tutorial_taskflow_api.py                                                             1           0  0.08s           2025-06-27T17:08:09                      10
/home/airflow/.local/lib/python3.12/site-packages/airflow/example_dags/plugins/workday.py                                                                   0           0  0.05s           2025-06-27T17:08:16                       3
/home/airflow/.local/lib/python3.12/site-packages/airflow/example_dags/subdags/subdag.py                                                                    0           0  0.05s           2025-06-27T17:08:16                       3
/home/airflow/.local/lib/python3.12/site-packages/airflow/example_dags/plugins/event_listener.py                                                            0           0  0.05s           2025-06-27T17:08:16                       3
/home/airflow/.local/lib/python3.12/site-packages/airflow/example_dags/plugins/listener_plugin.py                                                           0           0  0.05s           2025-06-27T17:08:16                       3
/home/airflow/.local/lib/python3.12/site-packages/airflow/example_dags/plugins/decreasing_priority_weight_strategy.py                                       0           0  0.04s           2025-06-27T17:08:16                       3
================================================================================
[2025-06-27T17:09:03.252+0000] {manager.py:997} INFO - 
================================================================================
DAG File Processing Stats

File Path                                                                                                                          PID    Runtime      # DAGs    # Errors  Last Runtime    Last Run               Last # of DB Queries
---------------------------------------------------------------------------------------------------------------------------------  -----  ---------  --------  ----------  --------------  -------------------  ----------------------
/home/airflow/.local/lib/python3.12/site-packages/airflow/example_dags/example_datasets.py                                                                 10           0  0.67s           2025-06-27T17:08:46                      49
/home/airflow/.local/lib/python3.12/site-packages/airflow/example_dags/example_dataset_alias_with_no_taskflow.py                                            4           0  0.62s           2025-06-27T17:08:46                      27
/home/airflow/.local/lib/python3.12/site-packages/airflow/example_dags/example_dataset_alias.py                                                             4           0  0.60s           2025-06-27T17:08:47                      27
/home/airflow/.local/lib/python3.12/site-packages/airflow/example_dags/example_outlet_event_extra.py                                                        3           0  0.59s           2025-06-27T17:08:49                      19
/home/airflow/.local/lib/python3.12/site-packages/airflow/example_dags/example_inlet_event_extra.py                                                         2           0  0.58s           2025-06-27T17:08:49                      15
/home/airflow/.local/lib/python3.12/site-packages/airflow/example_dags/example_dag_decorator.py                                                             1           0  0.23s           2025-06-27T17:08:39                      32
/home/airflow/.local/lib/python3.12/site-packages/airflow/example_dags/example_sla_dag.py                                                                   1           0  0.14s           2025-06-27T17:08:54                      16
/home/airflow/.local/lib/python3.12/site-packages/airflow/example_dags/example_subdag_operator.py                                                           3           0  0.11s           2025-06-27T17:08:36                      20
/home/airflow/.local/lib/python3.12/site-packages/airflow/example_dags/example_branch_operator.py                                                           1           0  0.11s           2025-06-27T17:08:47                      12
/home/airflow/.local/lib/python3.12/site-packages/airflow/example_dags/tutorial_taskflow_templates.py                                                       1           0  0.11s           2025-06-27T17:08:37                      12
/home/airflow/.local/lib/python3.12/site-packages/airflow/example_dags/example_params_ui_tutorial.py                                                        1           0  0.11s           2025-06-27T17:08:35                      10
/home/airflow/.local/lib/python3.12/site-packages/airflow/example_dags/example_branch_datetime_operator.py                                                  3           0  0.11s           2025-06-27T17:08:36                      18
/home/airflow/.local/lib/python3.12/site-packages/airflow/example_dags/example_workday_timetable.py                                                         1           0  0.10s           2025-06-27T17:08:36                      12
/home/airflow/.local/lib/python3.12/site-packages/airflow/example_dags/example_branch_operator_decorator.py                                                 1           0  0.10s           2025-06-27T17:08:39                      12
/home/airflow/.local/lib/python3.12/site-packages/airflow/example_dags/example_short_circuit_operator.py                                                    1           0  0.10s           2025-06-27T17:08:38                      10
/home/airflow/.local/lib/python3.12/site-packages/airflow/example_dags/example_params_trigger_ui.py                                                         1           0  0.10s           2025-06-27T17:08:34                      10
/home/airflow/.local/lib/python3.12/site-packages/airflow/example_dags/example_nested_branch_dag.py                                                         1           0  0.10s           2025-06-27T17:08:34                      12
/home/airflow/.local/lib/python3.12/site-packages/airflow/example_dags/example_skip_dag.py                                                                  1           0  0.10s           2025-06-27T17:08:38                      12
/home/airflow/.local/lib/python3.12/site-packages/airflow/example_dags/example_sensor_decorator.py                                                          1           0  0.10s           2025-06-27T17:08:38                      10
/home/airflow/.local/lib/python3.12/site-packages/airflow/example_dags/example_bash_operator.py                                                             1           0  0.10s           2025-06-27T17:08:39                      12
/home/airflow/.local/lib/python3.12/site-packages/airflow/example_dags/example_passing_params_via_test_command.py                                           1           0  0.10s           2025-06-27T17:08:34                      12
/home/airflow/.local/lib/python3.12/site-packages/airflow/example_dags/example_branch_day_of_week_operator.py                                               1           0  0.10s           2025-06-27T17:08:39                      12
/home/airflow/.local/lib/python3.12/site-packages/airflow/example_dags/example_xcom.py                                                                      1           0  0.09s           2025-06-27T17:08:39                      12
/home/airflow/.local/lib/python3.12/site-packages/airflow/example_dags/example_branch_python_dop_operator_3.py                                              1           0  0.09s           2025-06-27T17:08:39                      12
/home/airflow/.local/lib/python3.12/site-packages/airflow/example_dags/example_kubernetes_executor.py                                                       1           0  0.09s           2025-06-27T17:08:47                      10
/home/airflow/.local/lib/python3.12/site-packages/airflow/example_dags/example_display_name.py                                                              1           0  0.09s           2025-06-27T17:08:37                      10
/home/airflow/.local/lib/python3.12/site-packages/airflow/example_dags/example_branch_labels.py                                                             1           0  0.09s           2025-06-27T17:08:47                      12
/home/airflow/.local/lib/python3.12/site-packages/airflow/example_dags/example_task_group_decorator.py                                                      1           0  0.09s           2025-06-27T17:08:36                      10
/home/airflow/.local/lib/python3.12/site-packages/airflow/example_dags/example_xcomargs.py                                                                  2           0  0.09s           2025-06-27T17:08:36                      13
/home/airflow/.local/lib/python3.12/site-packages/airflow/example_dags/example_bash_decorator.py                                                            1           0  0.09s           2025-06-27T17:08:47                      10
/home/airflow/.local/lib/python3.12/site-packages/airflow/example_dags/example_python_decorator.py                                                          1           0  0.09s           2025-06-27T17:08:34                      10
/home/airflow/.local/lib/python3.12/site-packages/airflow/example_dags/example_sensors.py                                                                   1           0  0.09s           2025-06-27T17:08:34                      10
/home/airflow/.local/lib/python3.12/site-packages/airflow/example_dags/example_complex.py                                                                   1           0  0.09s           2025-06-27T17:08:35                      10
/home/airflow/.local/lib/python3.12/site-packages/airflow/example_dags/tutorial_taskflow_api_virtualenv.py                                                  1           0  0.09s           2025-06-27T17:08:37                      10
/home/airflow/.local/lib/python3.12/site-packages/airflow/example_dags/example_trigger_controller_dag.py                                                    1           0  0.09s           2025-06-27T17:08:36                      12
/home/airflow/.local/lib/python3.12/site-packages/airflow/example_dags/example_latest_only_with_trigger.py                                                  1           0  0.09s           2025-06-27T17:08:47                      12
/home/airflow/.local/lib/python3.12/site-packages/airflow/example_dags/example_local_kubernetes_executor.py                                                 1           0  0.09s           2025-06-27T17:08:46                      10
/opt/airflow/dags/new_dag.py                                                                                                                                1           0  0.09s           2025-06-27T17:08:34                      10
/home/airflow/.local/lib/python3.12/site-packages/airflow/example_dags/example_setup_teardown_taskflow.py                                                   1           0  0.09s           2025-06-27T17:08:39                      10
/home/airflow/.local/lib/python3.12/site-packages/airflow/example_dags/tutorial_objectstorage.py                                                            1           0  0.09s           2025-06-27T17:08:36                      10
/home/airflow/.local/lib/python3.12/site-packages/airflow/example_dags/example_setup_teardown.py                                                            1           0  0.09s           2025-06-27T17:08:47                      10
/home/airflow/.local/lib/python3.12/site-packages/airflow/example_dags/example_python_operator.py                                                           1           0  0.09s           2025-06-27T17:08:39                      10
/home/airflow/.local/lib/python3.12/site-packages/airflow/example_dags/example_dynamic_task_mapping.py                                                      1           0  0.09s           2025-06-27T17:08:39                      10
/home/airflow/.local/lib/python3.12/site-packages/airflow/example_dags/tutorial.py                                                                          1           0  0.09s           2025-06-27T17:08:39                      12
/home/airflow/.local/lib/python3.12/site-packages/airflow/example_dags/tutorial_dag.py                                                                      1           0  0.09s           2025-06-27T17:08:47                      10
/home/airflow/.local/lib/python3.12/site-packages/airflow/example_dags/example_short_circuit_decorator.py                                                   1           0  0.08s           2025-06-27T17:08:47                      10
/home/airflow/.local/lib/python3.12/site-packages/airflow/example_dags/example_task_group.py                                                                1           0  0.08s           2025-06-27T17:08:46                      10
/home/airflow/.local/lib/python3.12/site-packages/airflow/example_dags/example_dynamic_task_mapping_with_no_taskflow_operators.py                           1           0  0.08s           2025-06-27T17:08:46                      10
/home/airflow/.local/lib/python3.12/site-packages/airflow/example_dags/example_external_task_marker_dag.py                                                  2           0  0.08s           2025-06-27T17:08:34                      13
/home/airflow/.local/lib/python3.12/site-packages/airflow/example_dags/example_latest_only.py                                                               1           0  0.08s           2025-06-27T17:08:35                      12
/home/airflow/.local/lib/python3.12/site-packages/airflow/example_dags/example_trigger_target_dag.py                                                        1           0  0.08s           2025-06-27T17:08:39                      10
/home/airflow/.local/lib/python3.12/site-packages/airflow/example_dags/tutorial_taskflow_api.py                                                             1           0  0.08s           2025-06-27T17:08:39                      10
/home/airflow/.local/lib/python3.12/site-packages/airflow/example_dags/example_time_delta_sensor_async.py                                                   1           0  0.08s           2025-06-27T17:08:36                      10
/home/airflow/.local/lib/python3.12/site-packages/airflow/example_dags/plugins/workday.py                                                                   0           0  0.05s           2025-06-27T17:08:47                       3
/home/airflow/.local/lib/python3.12/site-packages/airflow/example_dags/plugins/event_listener.py                                                            0           0  0.04s           2025-06-27T17:08:47                       3
/home/airflow/.local/lib/python3.12/site-packages/airflow/example_dags/subdags/subdag.py                                                                    0           0  0.04s           2025-06-27T17:08:47                       3
/home/airflow/.local/lib/python3.12/site-packages/airflow/example_dags/plugins/listener_plugin.py                                                           0           0  0.04s           2025-06-27T17:08:47                       3
/home/airflow/.local/lib/python3.12/site-packages/airflow/example_dags/plugins/decreasing_priority_weight_strategy.py                                       0           0  0.04s           2025-06-27T17:08:47                       3
================================================================================
[2025-06-27T17:09:33.723+0000] {manager.py:997} INFO - 
================================================================================
DAG File Processing Stats

File Path                                                                                                                          PID    Runtime      # DAGs    # Errors  Last Runtime    Last Run               Last # of DB Queries
---------------------------------------------------------------------------------------------------------------------------------  -----  ---------  --------  ----------  --------------  -------------------  ----------------------
/home/airflow/.local/lib/python3.12/site-packages/airflow/example_dags/example_datasets.py                                                                 10           0  0.64s           2025-06-27T17:09:18                      49
/home/airflow/.local/lib/python3.12/site-packages/airflow/example_dags/example_dataset_alias.py                                                             4           0  0.62s           2025-06-27T17:09:18                      27
/home/airflow/.local/lib/python3.12/site-packages/airflow/example_dags/example_dataset_alias_with_no_taskflow.py                                            4           0  0.59s           2025-06-27T17:09:18                      27
/home/airflow/.local/lib/python3.12/site-packages/airflow/example_dags/example_outlet_event_extra.py                                                        3           0  0.57s           2025-06-27T17:09:20                      19
/home/airflow/.local/lib/python3.12/site-packages/airflow/example_dags/example_inlet_event_extra.py                                                         2           0  0.56s           2025-06-27T17:09:20                      15
/home/airflow/.local/lib/python3.12/site-packages/airflow/example_dags/example_dag_decorator.py                                                             1           0  0.24s           2025-06-27T17:09:10                      32
/home/airflow/.local/lib/python3.12/site-packages/airflow/example_dags/example_passing_params_via_test_command.py                                           1           0  0.23s           2025-06-27T17:09:05                      12
/home/airflow/.local/lib/python3.12/site-packages/airflow/example_dags/example_sla_dag.py                                                                   1           0  0.13s           2025-06-27T17:09:24                      16
/opt/airflow/dags/new_dag.py                                                                                                                                1           0  0.13s           2025-06-27T17:09:05                      10
/home/airflow/.local/lib/python3.12/site-packages/airflow/example_dags/example_branch_operator_decorator.py                                                 1           0  0.12s           2025-06-27T17:09:10                      12
/home/airflow/.local/lib/python3.12/site-packages/airflow/example_dags/example_subdag_operator.py                                                           3           0  0.11s           2025-06-27T17:09:07                      20
/home/airflow/.local/lib/python3.12/site-packages/airflow/example_dags/example_workday_timetable.py                                                         1           0  0.11s           2025-06-27T17:09:07                      12
/home/airflow/.local/lib/python3.12/site-packages/airflow/example_dags/example_branch_operator.py                                                           1           0  0.11s           2025-06-27T17:09:18                      12
/home/airflow/.local/lib/python3.12/site-packages/airflow/example_dags/example_branch_datetime_operator.py                                                  3           0  0.11s           2025-06-27T17:09:07                      18
/home/airflow/.local/lib/python3.12/site-packages/airflow/example_dags/example_params_ui_tutorial.py                                                        1           0  0.11s           2025-06-27T17:09:06                      10
/home/airflow/.local/lib/python3.12/site-packages/airflow/example_dags/tutorial_taskflow_templates.py                                                       1           0  0.11s           2025-06-27T17:09:08                      12
/home/airflow/.local/lib/python3.12/site-packages/airflow/example_dags/example_nested_branch_dag.py                                                         1           0  0.11s           2025-06-27T17:09:05                      12
/home/airflow/.local/lib/python3.12/site-packages/airflow/example_dags/example_branch_python_dop_operator_3.py                                              1           0  0.10s           2025-06-27T17:09:10                      12
/home/airflow/.local/lib/python3.12/site-packages/airflow/example_dags/example_branch_day_of_week_operator.py                                               1           0  0.10s           2025-06-27T17:09:09                      12
/home/airflow/.local/lib/python3.12/site-packages/airflow/example_dags/example_bash_operator.py                                                             1           0  0.10s           2025-06-27T17:09:10                      12
/home/airflow/.local/lib/python3.12/site-packages/airflow/example_dags/example_params_trigger_ui.py                                                         1           0  0.10s           2025-06-27T17:09:05                      10
/home/airflow/.local/lib/python3.12/site-packages/airflow/example_dags/example_trigger_controller_dag.py                                                    1           0  0.10s           2025-06-27T17:09:07                      12
/home/airflow/.local/lib/python3.12/site-packages/airflow/example_dags/example_sensors.py                                                                   1           0  0.10s           2025-06-27T17:09:05                      10
/home/airflow/.local/lib/python3.12/site-packages/airflow/example_dags/example_xcom.py                                                                      1           0  0.10s           2025-06-27T17:09:09                      12
/home/airflow/.local/lib/python3.12/site-packages/airflow/example_dags/example_task_group_decorator.py                                                      1           0  0.10s           2025-06-27T17:09:07                      10
/home/airflow/.local/lib/python3.12/site-packages/airflow/example_dags/example_branch_labels.py                                                             1           0  0.09s           2025-06-27T17:09:18                      12
/home/airflow/.local/lib/python3.12/site-packages/airflow/example_dags/example_xcomargs.py                                                                  2           0  0.09s           2025-06-27T17:09:07                      13
/home/airflow/.local/lib/python3.12/site-packages/airflow/example_dags/example_python_decorator.py                                                          1           0  0.09s           2025-06-27T17:09:05                      10
/home/airflow/.local/lib/python3.12/site-packages/airflow/example_dags/example_bash_decorator.py                                                            1           0  0.09s           2025-06-27T17:09:18                      10
/home/airflow/.local/lib/python3.12/site-packages/airflow/example_dags/example_latest_only.py                                                               1           0  0.09s           2025-06-27T17:09:05                      12
/home/airflow/.local/lib/python3.12/site-packages/airflow/example_dags/example_kubernetes_executor.py                                                       1           0  0.09s           2025-06-27T17:09:18                      10
/home/airflow/.local/lib/python3.12/site-packages/airflow/example_dags/tutorial.py                                                                          1           0  0.09s           2025-06-27T17:09:10                      12
/home/airflow/.local/lib/python3.12/site-packages/airflow/example_dags/example_complex.py                                                                   1           0  0.09s           2025-06-27T17:09:06                      10
/home/airflow/.local/lib/python3.12/site-packages/airflow/example_dags/example_skip_dag.py                                                                  1           0  0.09s           2025-06-27T17:09:08                      12
/home/airflow/.local/lib/python3.12/site-packages/airflow/example_dags/example_trigger_target_dag.py                                                        1           0  0.09s           2025-06-27T17:09:10                      10
/home/airflow/.local/lib/python3.12/site-packages/airflow/example_dags/tutorial_taskflow_api.py                                                             1           0  0.09s           2025-06-27T17:09:09                      10
/home/airflow/.local/lib/python3.12/site-packages/airflow/example_dags/example_python_operator.py                                                           1           0  0.09s           2025-06-27T17:09:10                      10
/home/airflow/.local/lib/python3.12/site-packages/airflow/example_dags/example_task_group.py                                                                1           0  0.09s           2025-06-27T17:09:18                      10
/home/airflow/.local/lib/python3.12/site-packages/airflow/example_dags/tutorial_taskflow_api_virtualenv.py                                                  1           0  0.09s           2025-06-27T17:09:08                      10
/home/airflow/.local/lib/python3.12/site-packages/airflow/example_dags/tutorial_objectstorage.py                                                            1           0  0.09s           2025-06-27T17:09:07                      10
/home/airflow/.local/lib/python3.12/site-packages/airflow/example_dags/example_short_circuit_decorator.py                                                   1           0  0.09s           2025-06-27T17:09:18                      10
/home/airflow/.local/lib/python3.12/site-packages/airflow/example_dags/example_latest_only_with_trigger.py                                                  1           0  0.09s           2025-06-27T17:09:18                      12
/home/airflow/.local/lib/python3.12/site-packages/airflow/example_dags/example_dynamic_task_mapping.py                                                      1           0  0.09s           2025-06-27T17:09:09                      10
/home/airflow/.local/lib/python3.12/site-packages/airflow/example_dags/example_display_name.py                                                              1           0  0.09s           2025-06-27T17:09:08                      10
/home/airflow/.local/lib/python3.12/site-packages/airflow/example_dags/tutorial_dag.py                                                                      1           0  0.09s           2025-06-27T17:09:18                      10
/home/airflow/.local/lib/python3.12/site-packages/airflow/example_dags/example_setup_teardown.py                                                            1           0  0.09s           2025-06-27T17:09:18                      10
/home/airflow/.local/lib/python3.12/site-packages/airflow/example_dags/example_external_task_marker_dag.py                                                  2           0  0.09s           2025-06-27T17:09:05                      13
/home/airflow/.local/lib/python3.12/site-packages/airflow/example_dags/example_local_kubernetes_executor.py                                                 1           0  0.08s           2025-06-27T17:09:18                      10
/home/airflow/.local/lib/python3.12/site-packages/airflow/example_dags/example_dynamic_task_mapping_with_no_taskflow_operators.py                           1           0  0.08s           2025-06-27T17:09:18                      10
/home/airflow/.local/lib/python3.12/site-packages/airflow/example_dags/example_short_circuit_operator.py                                                    1           0  0.08s           2025-06-27T17:09:08                      10
/home/airflow/.local/lib/python3.12/site-packages/airflow/example_dags/example_time_delta_sensor_async.py                                                   1           0  0.08s           2025-06-27T17:09:07                      10
/home/airflow/.local/lib/python3.12/site-packages/airflow/example_dags/example_setup_teardown_taskflow.py                                                   1           0  0.08s           2025-06-27T17:09:09                      10
/home/airflow/.local/lib/python3.12/site-packages/airflow/example_dags/example_sensor_decorator.py                                                          1           0  0.08s           2025-06-27T17:09:08                      10
/home/airflow/.local/lib/python3.12/site-packages/airflow/example_dags/plugins/workday.py                                                                   0           0  0.04s           2025-06-27T17:09:18                       3
/home/airflow/.local/lib/python3.12/site-packages/airflow/example_dags/subdags/subdag.py                                                                    0           0  0.04s           2025-06-27T17:09:18                       3
/home/airflow/.local/lib/python3.12/site-packages/airflow/example_dags/plugins/listener_plugin.py                                                           0           0  0.04s           2025-06-27T17:09:19                       3
/home/airflow/.local/lib/python3.12/site-packages/airflow/example_dags/plugins/event_listener.py                                                            0           0  0.04s           2025-06-27T17:09:18                       3
/home/airflow/.local/lib/python3.12/site-packages/airflow/example_dags/plugins/decreasing_priority_weight_strategy.py                                       0           0  0.04s           2025-06-27T17:09:19                       3
================================================================================
[2025-06-27T17:10:04.190+0000] {manager.py:997} INFO - 
================================================================================
DAG File Processing Stats

File Path                                                                                                                          PID    Runtime      # DAGs    # Errors  Last Runtime    Last Run               Last # of DB Queries
---------------------------------------------------------------------------------------------------------------------------------  -----  ---------  --------  ----------  --------------  -------------------  ----------------------
/home/airflow/.local/lib/python3.12/site-packages/airflow/example_dags/example_datasets.py                                                                 10           0  0.63s           2025-06-27T17:09:49                      49
/home/airflow/.local/lib/python3.12/site-packages/airflow/example_dags/example_outlet_event_extra.py                                                        3           0  0.62s           2025-06-27T17:09:51                      19
/home/airflow/.local/lib/python3.12/site-packages/airflow/example_dags/example_dataset_alias_with_no_taskflow.py                                            4           0  0.60s           2025-06-27T17:09:49                      27
/home/airflow/.local/lib/python3.12/site-packages/airflow/example_dags/example_inlet_event_extra.py                                                         2           0  0.60s           2025-06-27T17:09:51                      15
/home/airflow/.local/lib/python3.12/site-packages/airflow/example_dags/example_dataset_alias.py                                                             4           0  0.60s           2025-06-27T17:09:49                      27
/home/airflow/.local/lib/python3.12/site-packages/airflow/example_dags/example_dag_decorator.py                                                             1           0  0.24s           2025-06-27T17:09:40                      32
/home/airflow/.local/lib/python3.12/site-packages/airflow/example_dags/example_branch_operator_decorator.py                                                 1           0  0.12s           2025-06-27T17:09:40                      12
/home/airflow/.local/lib/python3.12/site-packages/airflow/example_dags/example_subdag_operator.py                                                           3           0  0.12s           2025-06-27T17:09:37                      20
/home/airflow/.local/lib/python3.12/site-packages/airflow/example_dags/example_branch_operator.py                                                           1           0  0.11s           2025-06-27T17:09:50                      12
/home/airflow/.local/lib/python3.12/site-packages/airflow/example_dags/example_branch_datetime_operator.py                                                  3           0  0.11s           2025-06-27T17:09:37                      18
/home/airflow/.local/lib/python3.12/site-packages/airflow/example_dags/example_complex.py                                                                   1           0  0.11s           2025-06-27T17:09:37                      10
/home/airflow/.local/lib/python3.12/site-packages/airflow/example_dags/example_params_ui_tutorial.py                                                        1           0  0.11s           2025-06-27T17:09:37                      10
/home/airflow/.local/lib/python3.12/site-packages/airflow/example_dags/example_sla_dag.py                                                                   1           0  0.11s           2025-06-27T17:09:55                      12
/home/airflow/.local/lib/python3.12/site-packages/airflow/example_dags/example_workday_timetable.py                                                         1           0  0.10s           2025-06-27T17:09:37                      12
/home/airflow/.local/lib/python3.12/site-packages/airflow/example_dags/example_bash_operator.py                                                             1           0  0.10s           2025-06-27T17:09:40                      12
/home/airflow/.local/lib/python3.12/site-packages/airflow/example_dags/example_params_trigger_ui.py                                                         1           0  0.10s           2025-06-27T17:09:36                      10
/home/airflow/.local/lib/python3.12/site-packages/airflow/example_dags/tutorial_taskflow_templates.py                                                       1           0  0.10s           2025-06-27T17:09:38                      12
/home/airflow/.local/lib/python3.12/site-packages/airflow/example_dags/example_kubernetes_executor.py                                                       1           0  0.10s           2025-06-27T17:09:50                      10
/home/airflow/.local/lib/python3.12/site-packages/airflow/example_dags/example_task_group_decorator.py                                                      1           0  0.10s           2025-06-27T17:09:37                      10
/home/airflow/.local/lib/python3.12/site-packages/airflow/example_dags/example_passing_params_via_test_command.py                                           1           0  0.10s           2025-06-27T17:09:35                      12
/home/airflow/.local/lib/python3.12/site-packages/airflow/example_dags/example_branch_day_of_week_operator.py                                               1           0  0.10s           2025-06-27T17:09:40                      12
/home/airflow/.local/lib/python3.12/site-packages/airflow/example_dags/example_nested_branch_dag.py                                                         1           0  0.09s           2025-06-27T17:09:35                      12
/home/airflow/.local/lib/python3.12/site-packages/airflow/example_dags/example_branch_python_dop_operator_3.py                                              1           0  0.09s           2025-06-27T17:09:40                      12
/home/airflow/.local/lib/python3.12/site-packages/airflow/example_dags/example_branch_labels.py                                                             1           0  0.09s           2025-06-27T17:09:50                      12
/home/airflow/.local/lib/python3.12/site-packages/airflow/example_dags/example_skip_dag.py                                                                  1           0  0.09s           2025-06-27T17:09:39                      12
/opt/airflow/dags/new_dag.py                                                                                                                                1           0  0.09s           2025-06-27T17:09:35                      10
/home/airflow/.local/lib/python3.12/site-packages/airflow/example_dags/example_bash_decorator.py                                                            1           0  0.09s           2025-06-27T17:09:50                      10
/home/airflow/.local/lib/python3.12/site-packages/airflow/example_dags/example_latest_only_with_trigger.py                                                  1           0  0.09s           2025-06-27T17:09:49                      12
/home/airflow/.local/lib/python3.12/site-packages/airflow/example_dags/example_setup_teardown.py                                                            1           0  0.09s           2025-06-27T17:09:49                      10
/home/airflow/.local/lib/python3.12/site-packages/airflow/example_dags/example_trigger_target_dag.py                                                        1           0  0.09s           2025-06-27T17:09:40                      10
/home/airflow/.local/lib/python3.12/site-packages/airflow/example_dags/example_setup_teardown_taskflow.py                                                   1           0  0.09s           2025-06-27T17:09:40                      10
/home/airflow/.local/lib/python3.12/site-packages/airflow/example_dags/example_python_operator.py                                                           1           0  0.09s           2025-06-27T17:09:40                      10
/home/airflow/.local/lib/python3.12/site-packages/airflow/example_dags/example_display_name.py                                                              1           0  0.09s           2025-06-27T17:09:38                      10
/home/airflow/.local/lib/python3.12/site-packages/airflow/example_dags/example_latest_only.py                                                               1           0  0.09s           2025-06-27T17:09:36                      12
/home/airflow/.local/lib/python3.12/site-packages/airflow/example_dags/example_short_circuit_decorator.py                                                   1           0  0.09s           2025-06-27T17:09:49                      10
/home/airflow/.local/lib/python3.12/site-packages/airflow/example_dags/example_sensors.py                                                                   1           0  0.09s           2025-06-27T17:09:35                      10
/home/airflow/.local/lib/python3.12/site-packages/airflow/example_dags/example_short_circuit_operator.py                                                    1           0  0.09s           2025-06-27T17:09:38                      10
/home/airflow/.local/lib/python3.12/site-packages/airflow/example_dags/example_xcom.py                                                                      1           0  0.09s           2025-06-27T17:09:40                      12
/home/airflow/.local/lib/python3.12/site-packages/airflow/example_dags/example_python_decorator.py                                                          1           0  0.09s           2025-06-27T17:09:36                      10
/home/airflow/.local/lib/python3.12/site-packages/airflow/example_dags/example_trigger_controller_dag.py                                                    1           0  0.09s           2025-06-27T17:09:37                      12
/home/airflow/.local/lib/python3.12/site-packages/airflow/example_dags/tutorial.py                                                                          1           0  0.09s           2025-06-27T17:09:40                      12
/home/airflow/.local/lib/python3.12/site-packages/airflow/example_dags/example_external_task_marker_dag.py                                                  2           0  0.09s           2025-06-27T17:09:36                      13
/home/airflow/.local/lib/python3.12/site-packages/airflow/example_dags/tutorial_taskflow_api_virtualenv.py                                                  1           0  0.09s           2025-06-27T17:09:38                      10
/home/airflow/.local/lib/python3.12/site-packages/airflow/example_dags/example_task_group.py                                                                1           0  0.09s           2025-06-27T17:09:49                      10
/home/airflow/.local/lib/python3.12/site-packages/airflow/example_dags/example_dynamic_task_mapping.py                                                      1           0  0.09s           2025-06-27T17:09:40                      10
/home/airflow/.local/lib/python3.12/site-packages/airflow/example_dags/example_sensor_decorator.py                                                          1           0  0.09s           2025-06-27T17:09:38                      10
/home/airflow/.local/lib/python3.12/site-packages/airflow/example_dags/example_xcomargs.py                                                                  2           0  0.08s           2025-06-27T17:09:37                      13
/home/airflow/.local/lib/python3.12/site-packages/airflow/example_dags/tutorial_taskflow_api.py                                                             1           0  0.08s           2025-06-27T17:09:40                      10
/home/airflow/.local/lib/python3.12/site-packages/airflow/example_dags/example_local_kubernetes_executor.py                                                 1           0  0.08s           2025-06-27T17:09:49                      10
/home/airflow/.local/lib/python3.12/site-packages/airflow/example_dags/example_dynamic_task_mapping_with_no_taskflow_operators.py                           1           0  0.08s           2025-06-27T17:09:49                      10
/home/airflow/.local/lib/python3.12/site-packages/airflow/example_dags/tutorial_dag.py                                                                      1           0  0.08s           2025-06-27T17:09:50                      10
/home/airflow/.local/lib/python3.12/site-packages/airflow/example_dags/tutorial_objectstorage.py                                                            1           0  0.08s           2025-06-27T17:09:37                      10
/home/airflow/.local/lib/python3.12/site-packages/airflow/example_dags/example_time_delta_sensor_async.py                                                   1           0  0.08s           2025-06-27T17:09:37                      10
/home/airflow/.local/lib/python3.12/site-packages/airflow/example_dags/plugins/workday.py                                                                   0           0  0.04s           2025-06-27T17:09:50                       3
/home/airflow/.local/lib/python3.12/site-packages/airflow/example_dags/plugins/listener_plugin.py                                                           0           0  0.04s           2025-06-27T17:09:50                       3
/home/airflow/.local/lib/python3.12/site-packages/airflow/example_dags/plugins/event_listener.py                                                            0           0  0.04s           2025-06-27T17:09:50                       3
/home/airflow/.local/lib/python3.12/site-packages/airflow/example_dags/plugins/decreasing_priority_weight_strategy.py                                       0           0  0.04s           2025-06-27T17:09:50                       3
/home/airflow/.local/lib/python3.12/site-packages/airflow/example_dags/subdags/subdag.py                                                                    0           0  0.04s           2025-06-27T17:09:50                       3
================================================================================
[2025-06-27T17:10:34.430+0000] {manager.py:997} INFO - 
================================================================================
DAG File Processing Stats

File Path                                                                                                                          PID    Runtime      # DAGs    # Errors  Last Runtime    Last Run               Last # of DB Queries
---------------------------------------------------------------------------------------------------------------------------------  -----  ---------  --------  ----------  --------------  -------------------  ----------------------
/home/airflow/.local/lib/python3.12/site-packages/airflow/example_dags/example_outlet_event_extra.py                                                        3           0  0.62s           2025-06-27T17:10:22                      19
/home/airflow/.local/lib/python3.12/site-packages/airflow/example_dags/example_dataset_alias.py                                                             4           0  0.61s           2025-06-27T17:10:20                      27
/home/airflow/.local/lib/python3.12/site-packages/airflow/example_dags/example_datasets.py                                                                 10           0  0.61s           2025-06-27T17:10:20                      49
/home/airflow/.local/lib/python3.12/site-packages/airflow/example_dags/example_inlet_event_extra.py                                                         2           0  0.60s           2025-06-27T17:10:22                      15
/home/airflow/.local/lib/python3.12/site-packages/airflow/example_dags/example_dataset_alias_with_no_taskflow.py                                            4           0  0.57s           2025-06-27T17:10:20                      27
/home/airflow/.local/lib/python3.12/site-packages/airflow/example_dags/example_dag_decorator.py                                                             1           0  0.26s           2025-06-27T17:10:11                      32
/home/airflow/.local/lib/python3.12/site-packages/airflow/example_dags/example_sla_dag.py                                                                   1           0  0.14s           2025-06-27T17:10:25                      16
/home/airflow/.local/lib/python3.12/site-packages/airflow/example_dags/example_workday_timetable.py                                                         1           0  0.11s           2025-06-27T17:10:08                      12
/home/airflow/.local/lib/python3.12/site-packages/airflow/example_dags/example_branch_datetime_operator.py                                                  3           0  0.11s           2025-06-27T17:10:08                      18
/home/airflow/.local/lib/python3.12/site-packages/airflow/example_dags/example_branch_operator_decorator.py                                                 1           0  0.11s           2025-06-27T17:10:10                      12
/home/airflow/.local/lib/python3.12/site-packages/airflow/example_dags/example_subdag_operator.py                                                           3           0  0.11s           2025-06-27T17:10:07                      20
/home/airflow/.local/lib/python3.12/site-packages/airflow/example_dags/example_branch_operator.py                                                           1           0  0.11s           2025-06-27T17:10:20                      12
/home/airflow/.local/lib/python3.12/site-packages/airflow/example_dags/example_params_ui_tutorial.py                                                        1           0  0.11s           2025-06-27T17:10:07                      10
/home/airflow/.local/lib/python3.12/site-packages/airflow/example_dags/example_bash_operator.py                                                             1           0  0.10s           2025-06-27T17:10:11                      12
/home/airflow/.local/lib/python3.12/site-packages/airflow/example_dags/example_branch_day_of_week_operator.py                                               1           0  0.10s           2025-06-27T17:10:10                      12
/home/airflow/.local/lib/python3.12/site-packages/airflow/example_dags/example_passing_params_via_test_command.py                                           1           0  0.10s           2025-06-27T17:10:06                      12
/home/airflow/.local/lib/python3.12/site-packages/airflow/example_dags/example_task_group_decorator.py                                                      1           0  0.10s           2025-06-27T17:10:07                      10
/home/airflow/.local/lib/python3.12/site-packages/airflow/example_dags/example_kubernetes_executor.py                                                       1           0  0.10s           2025-06-27T17:10:21                      10
/home/airflow/.local/lib/python3.12/site-packages/airflow/example_dags/tutorial_taskflow_templates.py                                                       1           0  0.10s           2025-06-27T17:10:09                      12
/home/airflow/.local/lib/python3.12/site-packages/airflow/example_dags/example_params_trigger_ui.py                                                         1           0  0.10s           2025-06-27T17:10:06                      10
/home/airflow/.local/lib/python3.12/site-packages/airflow/example_dags/example_xcom.py                                                                      1           0  0.10s           2025-06-27T17:10:10                      12
/home/airflow/.local/lib/python3.12/site-packages/airflow/example_dags/example_nested_branch_dag.py                                                         1           0  0.10s           2025-06-27T17:10:06                      12
/home/airflow/.local/lib/python3.12/site-packages/airflow/example_dags/tutorial.py                                                                          1           0  0.10s           2025-06-27T17:10:11                      12
/home/airflow/.local/lib/python3.12/site-packages/airflow/example_dags/example_skip_dag.py                                                                  1           0  0.09s           2025-06-27T17:10:09                      12
/home/airflow/.local/lib/python3.12/site-packages/airflow/example_dags/example_setup_teardown.py                                                            1           0  0.09s           2025-06-27T17:10:20                      10
/opt/airflow/dags/new_dag.py                                                                                                                                1           0  0.09s           2025-06-27T17:10:06                      10
/home/airflow/.local/lib/python3.12/site-packages/airflow/example_dags/example_branch_labels.py                                                             1           0  0.09s           2025-06-27T17:10:20                      12
/home/airflow/.local/lib/python3.12/site-packages/airflow/example_dags/example_local_kubernetes_executor.py                                                 1           0  0.09s           2025-06-27T17:10:20                      10
/home/airflow/.local/lib/python3.12/site-packages/airflow/example_dags/example_sensors.py                                                                   1           0  0.09s           2025-06-27T17:10:06                      10
/home/airflow/.local/lib/python3.12/site-packages/airflow/example_dags/example_branch_python_dop_operator_3.py                                              1           0  0.09s           2025-06-27T17:10:11                      12
/home/airflow/.local/lib/python3.12/site-packages/airflow/example_dags/example_latest_only_with_trigger.py                                                  1           0  0.09s           2025-06-27T17:10:20                      12
/home/airflow/.local/lib/python3.12/site-packages/airflow/example_dags/example_bash_decorator.py                                                            1           0  0.09s           2025-06-27T17:10:20                      10
/home/airflow/.local/lib/python3.12/site-packages/airflow/example_dags/example_complex.py                                                                   1           0  0.09s           2025-06-27T17:10:07                      10
/home/airflow/.local/lib/python3.12/site-packages/airflow/example_dags/example_trigger_controller_dag.py                                                    1           0  0.09s           2025-06-27T17:10:08                      12
/home/airflow/.local/lib/python3.12/site-packages/airflow/example_dags/example_task_group.py                                                                1           0  0.09s           2025-06-27T17:10:20                      10
/home/airflow/.local/lib/python3.12/site-packages/airflow/example_dags/example_python_operator.py                                                           1           0  0.09s           2025-06-27T17:10:11                      10
/home/airflow/.local/lib/python3.12/site-packages/airflow/example_dags/example_xcomargs.py                                                                  2           0  0.09s           2025-06-27T17:10:08                      13
/home/airflow/.local/lib/python3.12/site-packages/airflow/example_dags/example_short_circuit_operator.py                                                    1           0  0.09s           2025-06-27T17:10:09                      10
/home/airflow/.local/lib/python3.12/site-packages/airflow/example_dags/example_python_decorator.py                                                          1           0  0.09s           2025-06-27T17:10:06                      10
/home/airflow/.local/lib/python3.12/site-packages/airflow/example_dags/example_short_circuit_decorator.py                                                   1           0  0.09s           2025-06-27T17:10:20                      10
/home/airflow/.local/lib/python3.12/site-packages/airflow/example_dags/example_display_name.py                                                              1           0  0.09s           2025-06-27T17:10:09                      10
/home/airflow/.local/lib/python3.12/site-packages/airflow/example_dags/example_trigger_target_dag.py                                                        1           0  0.09s           2025-06-27T17:10:10                      10
/home/airflow/.local/lib/python3.12/site-packages/airflow/example_dags/tutorial_taskflow_api.py                                                             1           0  0.08s           2025-06-27T17:10:10                      10
/home/airflow/.local/lib/python3.12/site-packages/airflow/example_dags/example_latest_only.py                                                               1           0  0.08s           2025-06-27T17:10:06                      12
/home/airflow/.local/lib/python3.12/site-packages/airflow/example_dags/tutorial_taskflow_api_virtualenv.py                                                  1           0  0.08s           2025-06-27T17:10:09                      10
/home/airflow/.local/lib/python3.12/site-packages/airflow/example_dags/example_dynamic_task_mapping.py                                                      1           0  0.08s           2025-06-27T17:10:10                      10
/home/airflow/.local/lib/python3.12/site-packages/airflow/example_dags/example_dynamic_task_mapping_with_no_taskflow_operators.py                           1           0  0.08s           2025-06-27T17:10:20                      10
/home/airflow/.local/lib/python3.12/site-packages/airflow/example_dags/example_setup_teardown_taskflow.py                                                   1           0  0.08s           2025-06-27T17:10:10                      10
/home/airflow/.local/lib/python3.12/site-packages/airflow/example_dags/example_external_task_marker_dag.py                                                  2           0  0.08s           2025-06-27T17:10:06                      13
/home/airflow/.local/lib/python3.12/site-packages/airflow/example_dags/example_time_delta_sensor_async.py                                                   1           0  0.08s           2025-06-27T17:10:07                      10
/home/airflow/.local/lib/python3.12/site-packages/airflow/example_dags/example_sensor_decorator.py                                                          1           0  0.08s           2025-06-27T17:10:09                      10
/home/airflow/.local/lib/python3.12/site-packages/airflow/example_dags/tutorial_objectstorage.py                                                            1           0  0.08s           2025-06-27T17:10:08                      10
/home/airflow/.local/lib/python3.12/site-packages/airflow/example_dags/tutorial_dag.py                                                                      1           0  0.08s           2025-06-27T17:10:21                      10
/home/airflow/.local/lib/python3.12/site-packages/airflow/example_dags/plugins/decreasing_priority_weight_strategy.py                                       0           0  0.05s           2025-06-27T17:10:21                       3
/home/airflow/.local/lib/python3.12/site-packages/airflow/example_dags/plugins/event_listener.py                                                            0           0  0.04s           2025-06-27T17:10:21                       3
/home/airflow/.local/lib/python3.12/site-packages/airflow/example_dags/subdags/subdag.py                                                                    0           0  0.04s           2025-06-27T17:10:21                       3
/home/airflow/.local/lib/python3.12/site-packages/airflow/example_dags/plugins/workday.py                                                                   0           0  0.04s           2025-06-27T17:10:21                       3
/home/airflow/.local/lib/python3.12/site-packages/airflow/example_dags/plugins/listener_plugin.py                                                           0           0  0.04s           2025-06-27T17:10:21                       3
================================================================================
[2025-06-27T17:11:04.896+0000] {manager.py:997} INFO - 
================================================================================
DAG File Processing Stats

File Path                                                                                                                          PID    Runtime      # DAGs    # Errors  Last Runtime    Last Run               Last # of DB Queries
---------------------------------------------------------------------------------------------------------------------------------  -----  ---------  --------  ----------  --------------  -------------------  ----------------------
/home/airflow/.local/lib/python3.12/site-packages/airflow/example_dags/example_datasets.py                                                                 10           0  0.62s           2025-06-27T17:10:51                      49
/home/airflow/.local/lib/python3.12/site-packages/airflow/example_dags/example_dataset_alias.py                                                             4           0  0.58s           2025-06-27T17:10:51                      27
/home/airflow/.local/lib/python3.12/site-packages/airflow/example_dags/example_dataset_alias_with_no_taskflow.py                                            4           0  0.57s           2025-06-27T17:10:51                      27
/home/airflow/.local/lib/python3.12/site-packages/airflow/example_dags/example_outlet_event_extra.py                                                        3           0  0.56s           2025-06-27T17:10:53                      19
/home/airflow/.local/lib/python3.12/site-packages/airflow/example_dags/example_inlet_event_extra.py                                                         2           0  0.54s           2025-06-27T17:10:53                      15
/home/airflow/.local/lib/python3.12/site-packages/airflow/example_dags/example_dag_decorator.py                                                             1           0  0.23s           2025-06-27T17:10:41                      32
/home/airflow/.local/lib/python3.12/site-packages/airflow/example_dags/example_sla_dag.py                                                                   1           0  0.14s           2025-06-27T17:10:55                      16
/home/airflow/.local/lib/python3.12/site-packages/airflow/example_dags/example_subdag_operator.py                                                           3           0  0.12s           2025-06-27T17:10:38                      20
/home/airflow/.local/lib/python3.12/site-packages/airflow/example_dags/example_params_ui_tutorial.py                                                        1           0  0.12s           2025-06-27T17:10:38                      10
/home/airflow/.local/lib/python3.12/site-packages/airflow/example_dags/example_branch_datetime_operator.py                                                  3           0  0.11s           2025-06-27T17:10:38                      18
/home/airflow/.local/lib/python3.12/site-packages/airflow/example_dags/example_branch_operator_decorator.py                                                 1           0  0.11s           2025-06-27T17:10:41                      12
/home/airflow/.local/lib/python3.12/site-packages/airflow/example_dags/example_workday_timetable.py                                                         1           0  0.11s           2025-06-27T17:10:38                      12
/home/airflow/.local/lib/python3.12/site-packages/airflow/example_dags/example_branch_operator.py                                                           1           0  0.11s           2025-06-27T17:10:51                      12
/home/airflow/.local/lib/python3.12/site-packages/airflow/example_dags/tutorial_taskflow_templates.py                                                       1           0  0.11s           2025-06-27T17:10:39                      12
/home/airflow/.local/lib/python3.12/site-packages/airflow/example_dags/example_xcomargs.py                                                                  2           0  0.10s           2025-06-27T17:10:38                      13
/home/airflow/.local/lib/python3.12/site-packages/airflow/example_dags/example_passing_params_via_test_command.py                                           1           0  0.10s           2025-06-27T17:10:36                      12
/home/airflow/.local/lib/python3.12/site-packages/airflow/example_dags/example_branch_labels.py                                                             1           0  0.10s           2025-06-27T17:10:51                      12
/home/airflow/.local/lib/python3.12/site-packages/airflow/example_dags/example_params_trigger_ui.py                                                         1           0  0.10s           2025-06-27T17:10:37                      10
/home/airflow/.local/lib/python3.12/site-packages/airflow/example_dags/example_task_group_decorator.py                                                      1           0  0.10s           2025-06-27T17:10:38                      10
/home/airflow/.local/lib/python3.12/site-packages/airflow/example_dags/example_bash_operator.py                                                             1           0  0.10s           2025-06-27T17:10:41                      12
/home/airflow/.local/lib/python3.12/site-packages/airflow/example_dags/example_complex.py                                                                   1           0  0.10s           2025-06-27T17:10:38                      10
/home/airflow/.local/lib/python3.12/site-packages/airflow/example_dags/example_branch_python_dop_operator_3.py                                              1           0  0.10s           2025-06-27T17:10:41                      12
/home/airflow/.local/lib/python3.12/site-packages/airflow/example_dags/example_kubernetes_executor.py                                                       1           0  0.10s           2025-06-27T17:10:52                      10
/home/airflow/.local/lib/python3.12/site-packages/airflow/example_dags/tutorial.py                                                                          1           0  0.10s           2025-06-27T17:10:41                      12
/home/airflow/.local/lib/python3.12/site-packages/airflow/example_dags/example_branch_day_of_week_operator.py                                               1           0  0.10s           2025-06-27T17:10:41                      12
/home/airflow/.local/lib/python3.12/site-packages/airflow/example_dags/example_latest_only_with_trigger.py                                                  1           0  0.10s           2025-06-27T17:10:51                      12
/home/airflow/.local/lib/python3.12/site-packages/airflow/example_dags/example_nested_branch_dag.py                                                         1           0  0.10s           2025-06-27T17:10:37                      12
/home/airflow/.local/lib/python3.12/site-packages/airflow/example_dags/example_python_operator.py                                                           1           0  0.09s           2025-06-27T17:10:41                      10
/opt/airflow/dags/new_dag.py                                                                                                                                1           0  0.09s           2025-06-27T17:10:36                      10
/home/airflow/.local/lib/python3.12/site-packages/airflow/example_dags/example_trigger_controller_dag.py                                                    1           0  0.09s           2025-06-27T17:10:38                      12
/home/airflow/.local/lib/python3.12/site-packages/airflow/example_dags/example_skip_dag.py                                                                  1           0  0.09s           2025-06-27T17:10:40                      12
/home/airflow/.local/lib/python3.12/site-packages/airflow/example_dags/example_sensors.py                                                                   1           0  0.09s           2025-06-27T17:10:37                      10
/home/airflow/.local/lib/python3.12/site-packages/airflow/example_dags/tutorial_taskflow_api_virtualenv.py                                                  1           0  0.09s           2025-06-27T17:10:39                      10
/home/airflow/.local/lib/python3.12/site-packages/airflow/example_dags/example_external_task_marker_dag.py                                                  2           0  0.09s           2025-06-27T17:10:37                      13
/home/airflow/.local/lib/python3.12/site-packages/airflow/example_dags/tutorial_objectstorage.py                                                            1           0  0.09s           2025-06-27T17:10:38                      10
/home/airflow/.local/lib/python3.12/site-packages/airflow/example_dags/example_short_circuit_operator.py                                                    1           0  0.09s           2025-06-27T17:10:40                      10
/home/airflow/.local/lib/python3.12/site-packages/airflow/example_dags/example_xcom.py                                                                      1           0  0.09s           2025-06-27T17:10:41                      12
/home/airflow/.local/lib/python3.12/site-packages/airflow/example_dags/example_latest_only.py                                                               1           0  0.09s           2025-06-27T17:10:37                      12
/home/airflow/.local/lib/python3.12/site-packages/airflow/example_dags/example_short_circuit_decorator.py                                                   1           0  0.09s           2025-06-27T17:10:51                      10
/home/airflow/.local/lib/python3.12/site-packages/airflow/example_dags/example_trigger_target_dag.py                                                        1           0  0.09s           2025-06-27T17:10:41                      10
/home/airflow/.local/lib/python3.12/site-packages/airflow/example_dags/example_python_decorator.py                                                          1           0  0.09s           2025-06-27T17:10:37                      10
/home/airflow/.local/lib/python3.12/site-packages/airflow/example_dags/example_display_name.py                                                              1           0  0.09s           2025-06-27T17:10:39                      10
/home/airflow/.local/lib/python3.12/site-packages/airflow/example_dags/example_bash_decorator.py                                                            1           0  0.09s           2025-06-27T17:10:51                      10
/home/airflow/.local/lib/python3.12/site-packages/airflow/example_dags/example_time_delta_sensor_async.py                                                   1           0  0.08s           2025-06-27T17:10:38                      10
/home/airflow/.local/lib/python3.12/site-packages/airflow/example_dags/example_setup_teardown_taskflow.py                                                   1           0  0.08s           2025-06-27T17:10:41                      10
/home/airflow/.local/lib/python3.12/site-packages/airflow/example_dags/example_local_kubernetes_executor.py                                                 1           0  0.08s           2025-06-27T17:10:51                      10
/home/airflow/.local/lib/python3.12/site-packages/airflow/example_dags/example_dynamic_task_mapping.py                                                      1           0  0.08s           2025-06-27T17:10:41                      10
/home/airflow/.local/lib/python3.12/site-packages/airflow/example_dags/tutorial_dag.py                                                                      1           0  0.08s           2025-06-27T17:10:52                      10
/home/airflow/.local/lib/python3.12/site-packages/airflow/example_dags/example_task_group.py                                                                1           0  0.08s           2025-06-27T17:10:51                      10
/home/airflow/.local/lib/python3.12/site-packages/airflow/example_dags/example_setup_teardown.py                                                            1           0  0.08s           2025-06-27T17:10:51                      10
/home/airflow/.local/lib/python3.12/site-packages/airflow/example_dags/tutorial_taskflow_api.py                                                             1           0  0.08s           2025-06-27T17:10:41                      10
/home/airflow/.local/lib/python3.12/site-packages/airflow/example_dags/example_dynamic_task_mapping_with_no_taskflow_operators.py                           1           0  0.08s           2025-06-27T17:10:51                      10
/home/airflow/.local/lib/python3.12/site-packages/airflow/example_dags/example_sensor_decorator.py                                                          1           0  0.08s           2025-06-27T17:10:39                      10
/home/airflow/.local/lib/python3.12/site-packages/airflow/example_dags/plugins/event_listener.py                                                            0           0  0.05s           2025-06-27T17:10:52                       3
/home/airflow/.local/lib/python3.12/site-packages/airflow/example_dags/plugins/workday.py                                                                   0           0  0.05s           2025-06-27T17:10:52                       3
/home/airflow/.local/lib/python3.12/site-packages/airflow/example_dags/subdags/subdag.py                                                                    0           0  0.05s           2025-06-27T17:10:52                       3
/home/airflow/.local/lib/python3.12/site-packages/airflow/example_dags/plugins/decreasing_priority_weight_strategy.py                                       0           0  0.04s           2025-06-27T17:10:52                       3
/home/airflow/.local/lib/python3.12/site-packages/airflow/example_dags/plugins/listener_plugin.py                                                           0           0  0.04s           2025-06-27T17:10:52                       3
================================================================================
[2025-06-27T17:11:35.036+0000] {manager.py:997} INFO - 
================================================================================
DAG File Processing Stats

File Path                                                                                                                          PID    Runtime      # DAGs    # Errors  Last Runtime    Last Run               Last # of DB Queries
---------------------------------------------------------------------------------------------------------------------------------  -----  ---------  --------  ----------  --------------  -------------------  ----------------------
/home/airflow/.local/lib/python3.12/site-packages/airflow/example_dags/example_datasets.py                                                                 10           0  0.66s           2025-06-27T17:11:21                      49
/home/airflow/.local/lib/python3.12/site-packages/airflow/example_dags/example_dataset_alias_with_no_taskflow.py                                            4           0  0.62s           2025-06-27T17:11:21                      27
/home/airflow/.local/lib/python3.12/site-packages/airflow/example_dags/example_outlet_event_extra.py                                                        3           0  0.62s           2025-06-27T17:11:24                      19
/home/airflow/.local/lib/python3.12/site-packages/airflow/example_dags/example_dataset_alias.py                                                             4           0  0.61s           2025-06-27T17:11:22                      27
/home/airflow/.local/lib/python3.12/site-packages/airflow/example_dags/example_inlet_event_extra.py                                                         2           0  0.61s           2025-06-27T17:11:24                      15
/home/airflow/.local/lib/python3.12/site-packages/airflow/example_dags/example_dag_decorator.py                                                             1           0  0.23s           2025-06-27T17:11:12                      32
/home/airflow/.local/lib/python3.12/site-packages/airflow/example_dags/example_nested_branch_dag.py                                                         1           0  0.13s           2025-06-27T17:11:07                      12
/home/airflow/.local/lib/python3.12/site-packages/airflow/example_dags/example_params_trigger_ui.py                                                         1           0  0.13s           2025-06-27T17:11:07                      10
/home/airflow/.local/lib/python3.12/site-packages/airflow/example_dags/example_sensors.py                                                                   1           0  0.13s           2025-06-27T17:11:07                      10
/home/airflow/.local/lib/python3.12/site-packages/airflow/example_dags/example_branch_datetime_operator.py                                                  3           0  0.13s           2025-06-27T17:11:09                      18
/home/airflow/.local/lib/python3.12/site-packages/airflow/example_dags/example_latest_only.py                                                               1           0  0.13s           2025-06-27T17:11:07                      12
/home/airflow/.local/lib/python3.12/site-packages/airflow/example_dags/example_external_task_marker_dag.py                                                  2           0  0.12s           2025-06-27T17:11:07                      13
/home/airflow/.local/lib/python3.12/site-packages/airflow/example_dags/example_passing_params_via_test_command.py                                           1           0  0.12s           2025-06-27T17:11:07                      12
/home/airflow/.local/lib/python3.12/site-packages/airflow/example_dags/example_latest_only_with_trigger.py                                                  1           0  0.12s           2025-06-27T17:11:22                      12
/home/airflow/.local/lib/python3.12/site-packages/airflow/example_dags/example_subdag_operator.py                                                           3           0  0.12s           2025-06-27T17:11:08                      20
/home/airflow/.local/lib/python3.12/site-packages/airflow/example_dags/example_params_ui_tutorial.py                                                        1           0  0.11s           2025-06-27T17:11:08                      10
/opt/airflow/dags/new_dag.py                                                                                                                                1           0  0.11s           2025-06-27T17:11:07                      10
/home/airflow/.local/lib/python3.12/site-packages/airflow/example_dags/example_python_decorator.py                                                          1           0  0.11s           2025-06-27T17:11:07                      10
/home/airflow/.local/lib/python3.12/site-packages/airflow/example_dags/example_branch_operator_decorator.py                                                 1           0  0.11s           2025-06-27T17:11:11                      12
/home/airflow/.local/lib/python3.12/site-packages/airflow/example_dags/tutorial_objectstorage.py                                                            1           0  0.11s           2025-06-27T17:11:09                      10
/home/airflow/.local/lib/python3.12/site-packages/airflow/example_dags/example_workday_timetable.py                                                         1           0  0.11s           2025-06-27T17:11:09                      12
/home/airflow/.local/lib/python3.12/site-packages/airflow/example_dags/example_branch_operator.py                                                           1           0  0.11s           2025-06-27T17:11:22                      12
/home/airflow/.local/lib/python3.12/site-packages/airflow/example_dags/example_task_group_decorator.py                                                      1           0  0.10s           2025-06-27T17:11:08                      10
/home/airflow/.local/lib/python3.12/site-packages/airflow/example_dags/example_trigger_controller_dag.py                                                    1           0  0.10s           2025-06-27T17:11:09                      12
/home/airflow/.local/lib/python3.12/site-packages/airflow/example_dags/example_xcom.py                                                                      1           0  0.10s           2025-06-27T17:11:11                      12
/home/airflow/.local/lib/python3.12/site-packages/airflow/example_dags/example_sla_dag.py                                                                   1           0  0.10s           2025-06-27T17:11:26                      12
/home/airflow/.local/lib/python3.12/site-packages/airflow/example_dags/example_xcomargs.py                                                                  2           0  0.10s           2025-06-27T17:11:08                      13
/home/airflow/.local/lib/python3.12/site-packages/airflow/example_dags/example_skip_dag.py                                                                  1           0  0.10s           2025-06-27T17:11:10                      12
/home/airflow/.local/lib/python3.12/site-packages/airflow/example_dags/example_complex.py                                                                   1           0  0.10s           2025-06-27T17:11:08                      10
/home/airflow/.local/lib/python3.12/site-packages/airflow/example_dags/tutorial_taskflow_templates.py                                                       1           0  0.10s           2025-06-27T17:11:10                      12
/home/airflow/.local/lib/python3.12/site-packages/airflow/example_dags/example_bash_operator.py                                                             1           0  0.10s           2025-06-27T17:11:11                      12
/home/airflow/.local/lib/python3.12/site-packages/airflow/example_dags/example_setup_teardown.py                                                            1           0  0.09s           2025-06-27T17:11:22                      10
/home/airflow/.local/lib/python3.12/site-packages/airflow/example_dags/example_display_name.py                                                              1           0  0.09s           2025-06-27T17:11:10                      10
/home/airflow/.local/lib/python3.12/site-packages/airflow/example_dags/example_kubernetes_executor.py                                                       1           0  0.09s           2025-06-27T17:11:22                      10
/home/airflow/.local/lib/python3.12/site-packages/airflow/example_dags/example_branch_python_dop_operator_3.py                                              1           0  0.09s           2025-06-27T17:11:12                      12
/home/airflow/.local/lib/python3.12/site-packages/airflow/example_dags/example_branch_day_of_week_operator.py                                               1           0  0.09s           2025-06-27T17:11:11                      12
/home/airflow/.local/lib/python3.12/site-packages/airflow/example_dags/example_branch_labels.py                                                             1           0  0.09s           2025-06-27T17:11:22                      12
/home/airflow/.local/lib/python3.12/site-packages/airflow/example_dags/example_bash_decorator.py                                                            1           0  0.09s           2025-06-27T17:11:22                      10
/home/airflow/.local/lib/python3.12/site-packages/airflow/example_dags/example_short_circuit_operator.py                                                    1           0  0.09s           2025-06-27T17:11:10                      10
/home/airflow/.local/lib/python3.12/site-packages/airflow/example_dags/tutorial.py                                                                          1           0  0.09s           2025-06-27T17:11:12                      12
/home/airflow/.local/lib/python3.12/site-packages/airflow/example_dags/example_local_kubernetes_executor.py                                                 1           0  0.09s           2025-06-27T17:11:22                      10
/home/airflow/.local/lib/python3.12/site-packages/airflow/example_dags/example_dynamic_task_mapping.py                                                      1           0  0.08s           2025-06-27T17:11:11                      10
/home/airflow/.local/lib/python3.12/site-packages/airflow/example_dags/example_short_circuit_decorator.py                                                   1           0  0.08s           2025-06-27T17:11:22                      10
/home/airflow/.local/lib/python3.12/site-packages/airflow/example_dags/example_sensor_decorator.py                                                          1           0  0.08s           2025-06-27T17:11:10                      10
/home/airflow/.local/lib/python3.12/site-packages/airflow/example_dags/example_time_delta_sensor_async.py                                                   1           0  0.08s           2025-06-27T17:11:08                      10
/home/airflow/.local/lib/python3.12/site-packages/airflow/example_dags/example_python_operator.py                                                           1           0  0.08s           2025-06-27T17:11:12                      10
/home/airflow/.local/lib/python3.12/site-packages/airflow/example_dags/example_trigger_target_dag.py                                                        1           0  0.08s           2025-06-27T17:11:11                      10
/home/airflow/.local/lib/python3.12/site-packages/airflow/example_dags/example_dynamic_task_mapping_with_no_taskflow_operators.py                           1           0  0.08s           2025-06-27T17:11:22                      10
/home/airflow/.local/lib/python3.12/site-packages/airflow/example_dags/example_setup_teardown_taskflow.py                                                   1           0  0.08s           2025-06-27T17:11:11                      10
/home/airflow/.local/lib/python3.12/site-packages/airflow/example_dags/tutorial_taskflow_api_virtualenv.py                                                  1           0  0.08s           2025-06-27T17:11:10                      10
/home/airflow/.local/lib/python3.12/site-packages/airflow/example_dags/tutorial_dag.py                                                                      1           0  0.08s           2025-06-27T17:11:22                      10
/home/airflow/.local/lib/python3.12/site-packages/airflow/example_dags/example_task_group.py                                                                1           0  0.08s           2025-06-27T17:11:21                      10
/home/airflow/.local/lib/python3.12/site-packages/airflow/example_dags/tutorial_taskflow_api.py                                                             1           0  0.08s           2025-06-27T17:11:11                      10
/home/airflow/.local/lib/python3.12/site-packages/airflow/example_dags/plugins/listener_plugin.py                                                           0           0  0.05s           2025-06-27T17:11:22                       3
/home/airflow/.local/lib/python3.12/site-packages/airflow/example_dags/plugins/workday.py                                                                   0           0  0.05s           2025-06-27T17:11:22                       3
/home/airflow/.local/lib/python3.12/site-packages/airflow/example_dags/subdags/subdag.py                                                                    0           0  0.05s           2025-06-27T17:11:22                       3
/home/airflow/.local/lib/python3.12/site-packages/airflow/example_dags/plugins/decreasing_priority_weight_strategy.py                                       0           0  0.05s           2025-06-27T17:11:22                       3
/home/airflow/.local/lib/python3.12/site-packages/airflow/example_dags/plugins/event_listener.py                                                            0           0  0.05s           2025-06-27T17:11:22                       3
================================================================================
[2025-06-27T17:12:05.415+0000] {manager.py:997} INFO - 
================================================================================
DAG File Processing Stats

File Path                                                                                                                          PID    Runtime      # DAGs    # Errors  Last Runtime    Last Run               Last # of DB Queries
---------------------------------------------------------------------------------------------------------------------------------  -----  ---------  --------  ----------  --------------  -------------------  ----------------------
/home/airflow/.local/lib/python3.12/site-packages/airflow/example_dags/example_outlet_event_extra.py                                                        3           0  0.68s           2025-06-27T17:11:55                      19
/home/airflow/.local/lib/python3.12/site-packages/airflow/example_dags/example_datasets.py                                                                 10           0  0.67s           2025-06-27T17:11:53                      49
/home/airflow/.local/lib/python3.12/site-packages/airflow/example_dags/example_inlet_event_extra.py                                                         2           0  0.66s           2025-06-27T17:11:55                      15
/home/airflow/.local/lib/python3.12/site-packages/airflow/example_dags/example_dataset_alias.py                                                             4           0  0.63s           2025-06-27T17:11:54                      27
/home/airflow/.local/lib/python3.12/site-packages/airflow/example_dags/example_dataset_alias_with_no_taskflow.py                                            4           0  0.61s           2025-06-27T17:11:53                      27
/home/airflow/.local/lib/python3.12/site-packages/airflow/example_dags/example_dag_decorator.py                                                             1           0  0.30s           2025-06-27T17:11:42                      32
/home/airflow/.local/lib/python3.12/site-packages/airflow/example_dags/example_subdag_operator.py                                                           3           0  0.15s           2025-06-27T17:11:38                      20
/home/airflow/.local/lib/python3.12/site-packages/airflow/example_dags/example_workday_timetable.py                                                         1           0  0.14s           2025-06-27T17:11:39                      12
/home/airflow/.local/lib/python3.12/site-packages/airflow/example_dags/example_branch_datetime_operator.py                                                  3           0  0.14s           2025-06-27T17:11:39                      18
/home/airflow/.local/lib/python3.12/site-packages/airflow/example_dags/example_skip_dag.py                                                                  1           0  0.13s           2025-06-27T17:11:40                      12
/home/airflow/.local/lib/python3.12/site-packages/airflow/example_dags/example_short_circuit_operator.py                                                    1           0  0.13s           2025-06-27T17:11:40                      10
/home/airflow/.local/lib/python3.12/site-packages/airflow/example_dags/tutorial.py                                                                          1           0  0.13s           2025-06-27T17:11:42                      12
/home/airflow/.local/lib/python3.12/site-packages/airflow/example_dags/example_bash_operator.py                                                             1           0  0.12s           2025-06-27T17:11:42                      12
/home/airflow/.local/lib/python3.12/site-packages/airflow/example_dags/example_nested_branch_dag.py                                                         1           0  0.12s           2025-06-27T17:11:37                      12
/home/airflow/.local/lib/python3.12/site-packages/airflow/example_dags/example_branch_operator_decorator.py                                                 1           0  0.11s           2025-06-27T17:11:42                      12
/home/airflow/.local/lib/python3.12/site-packages/airflow/example_dags/example_params_ui_tutorial.py                                                        1           0  0.11s           2025-06-27T17:11:38                      10
/home/airflow/.local/lib/python3.12/site-packages/airflow/example_dags/example_python_operator.py                                                           1           0  0.11s           2025-06-27T17:11:42                      10
/home/airflow/.local/lib/python3.12/site-packages/airflow/example_dags/example_branch_operator.py                                                           1           0  0.11s           2025-06-27T17:11:53                      12
/home/airflow/.local/lib/python3.12/site-packages/airflow/example_dags/example_params_trigger_ui.py                                                         1           0  0.11s           2025-06-27T17:11:37                      10
/home/airflow/.local/lib/python3.12/site-packages/airflow/example_dags/example_branch_python_dop_operator_3.py                                              1           0  0.10s           2025-06-27T17:11:42                      12
/home/airflow/.local/lib/python3.12/site-packages/airflow/example_dags/example_sensor_decorator.py                                                          1           0  0.10s           2025-06-27T17:11:40                      10
/home/airflow/.local/lib/python3.12/site-packages/airflow/example_dags/example_task_group_decorator.py                                                      1           0  0.10s           2025-06-27T17:11:39                      10
/home/airflow/.local/lib/python3.12/site-packages/airflow/example_dags/example_xcomargs.py                                                                  2           0  0.10s           2025-06-27T17:11:39                      13
/home/airflow/.local/lib/python3.12/site-packages/airflow/example_dags/tutorial_taskflow_templates.py                                                       1           0  0.10s           2025-06-27T17:11:40                      12
/home/airflow/.local/lib/python3.12/site-packages/airflow/example_dags/example_kubernetes_executor.py                                                       1           0  0.10s           2025-06-27T17:11:53                      10
/home/airflow/.local/lib/python3.12/site-packages/airflow/example_dags/example_python_decorator.py                                                          1           0  0.10s           2025-06-27T17:11:37                      10
/home/airflow/.local/lib/python3.12/site-packages/airflow/example_dags/example_passing_params_via_test_command.py                                           1           0  0.10s           2025-06-27T17:11:37                      12
/home/airflow/.local/lib/python3.12/site-packages/airflow/example_dags/example_dynamic_task_mapping_with_no_taskflow_operators.py                           1           0  0.10s           2025-06-27T17:11:53                      10
/home/airflow/.local/lib/python3.12/site-packages/airflow/example_dags/example_setup_teardown.py                                                            1           0  0.10s           2025-06-27T17:11:53                      10
/home/airflow/.local/lib/python3.12/site-packages/airflow/example_dags/example_sensors.py                                                                   1           0  0.10s           2025-06-27T17:11:37                      10
/home/airflow/.local/lib/python3.12/site-packages/airflow/example_dags/example_complex.py                                                                   1           0  0.10s           2025-06-27T17:11:38                      10
/home/airflow/.local/lib/python3.12/site-packages/airflow/example_dags/example_trigger_controller_dag.py                                                    1           0  0.10s           2025-06-27T17:11:39                      12
/home/airflow/.local/lib/python3.12/site-packages/airflow/example_dags/example_branch_labels.py                                                             1           0  0.10s           2025-06-27T17:11:53                      12
/home/airflow/.local/lib/python3.12/site-packages/airflow/example_dags/example_display_name.py                                                              1           0  0.10s           2025-06-27T17:11:40                      10
/home/airflow/.local/lib/python3.12/site-packages/airflow/example_dags/example_branch_day_of_week_operator.py                                               1           0  0.10s           2025-06-27T17:11:41                      12
/home/airflow/.local/lib/python3.12/site-packages/airflow/example_dags/example_bash_decorator.py                                                            1           0  0.09s           2025-06-27T17:11:53                      10
/home/airflow/.local/lib/python3.12/site-packages/airflow/example_dags/example_sla_dag.py                                                                   1           0  0.09s           2025-06-27T17:11:56                      12
/home/airflow/.local/lib/python3.12/site-packages/airflow/example_dags/example_latest_only_with_trigger.py                                                  1           0  0.09s           2025-06-27T17:11:53                      12
/home/airflow/.local/lib/python3.12/site-packages/airflow/example_dags/example_xcom.py                                                                      1           0  0.09s           2025-06-27T17:11:41                      12
/home/airflow/.local/lib/python3.12/site-packages/airflow/example_dags/example_trigger_target_dag.py                                                        1           0  0.09s           2025-06-27T17:11:42                      10
/home/airflow/.local/lib/python3.12/site-packages/airflow/example_dags/example_short_circuit_decorator.py                                                   1           0  0.09s           2025-06-27T17:11:53                      10
/home/airflow/.local/lib/python3.12/site-packages/airflow/example_dags/example_setup_teardown_taskflow.py                                                   1           0  0.09s           2025-06-27T17:11:42                      10
/home/airflow/.local/lib/python3.12/site-packages/airflow/example_dags/example_local_kubernetes_executor.py                                                 1           0  0.09s           2025-06-27T17:11:53                      10
/home/airflow/.local/lib/python3.12/site-packages/airflow/example_dags/example_task_group.py                                                                1           0  0.09s           2025-06-27T17:11:53                      10
/home/airflow/.local/lib/python3.12/site-packages/airflow/example_dags/tutorial_objectstorage.py                                                            1           0  0.09s           2025-06-27T17:11:39                      10
/opt/airflow/dags/new_dag.py                                                                                                                                1           0  0.09s           2025-06-27T17:11:37                      10
/home/airflow/.local/lib/python3.12/site-packages/airflow/example_dags/example_time_delta_sensor_async.py                                                   1           0  0.08s           2025-06-27T17:11:39                      10
/home/airflow/.local/lib/python3.12/site-packages/airflow/example_dags/example_latest_only.py                                                               1           0  0.08s           2025-06-27T17:11:37                      12
/home/airflow/.local/lib/python3.12/site-packages/airflow/example_dags/example_dynamic_task_mapping.py                                                      1           0  0.08s           2025-06-27T17:11:41                      10
/home/airflow/.local/lib/python3.12/site-packages/airflow/example_dags/tutorial_taskflow_api_virtualenv.py                                                  1           0  0.08s           2025-06-27T17:11:40                      10
/home/airflow/.local/lib/python3.12/site-packages/airflow/example_dags/example_external_task_marker_dag.py                                                  2           0  0.08s           2025-06-27T17:11:37                      13
/home/airflow/.local/lib/python3.12/site-packages/airflow/example_dags/tutorial_dag.py                                                                      1           0  0.08s           2025-06-27T17:11:53                      10
/home/airflow/.local/lib/python3.12/site-packages/airflow/example_dags/tutorial_taskflow_api.py                                                             1           0  0.08s           2025-06-27T17:11:41                      10
/home/airflow/.local/lib/python3.12/site-packages/airflow/example_dags/subdags/subdag.py                                                                    0           0  0.05s           2025-06-27T17:11:54                       3
/home/airflow/.local/lib/python3.12/site-packages/airflow/example_dags/plugins/listener_plugin.py                                                           0           0  0.04s           2025-06-27T17:11:54                       3
/home/airflow/.local/lib/python3.12/site-packages/airflow/example_dags/plugins/event_listener.py                                                            0           0  0.04s           2025-06-27T17:11:54                       3
/home/airflow/.local/lib/python3.12/site-packages/airflow/example_dags/plugins/workday.py                                                                   0           0  0.04s           2025-06-27T17:11:54                       3
/home/airflow/.local/lib/python3.12/site-packages/airflow/example_dags/plugins/decreasing_priority_weight_strategy.py                                       0           0  0.04s           2025-06-27T17:11:54                       3
================================================================================
[2025-06-27T17:12:35.553+0000] {manager.py:997} INFO - 
================================================================================
DAG File Processing Stats

File Path                                                                                                                          PID    Runtime      # DAGs    # Errors  Last Runtime    Last Run               Last # of DB Queries
---------------------------------------------------------------------------------------------------------------------------------  -----  ---------  --------  ----------  --------------  -------------------  ----------------------
/home/airflow/.local/lib/python3.12/site-packages/airflow/example_dags/example_outlet_event_extra.py                                                        3           0  0.66s           2025-06-27T17:12:26                      19
/home/airflow/.local/lib/python3.12/site-packages/airflow/example_dags/example_datasets.py                                                                 10           0  0.63s           2025-06-27T17:12:23                      49
/home/airflow/.local/lib/python3.12/site-packages/airflow/example_dags/example_inlet_event_extra.py                                                         2           0  0.62s           2025-06-27T17:12:26                      15
/home/airflow/.local/lib/python3.12/site-packages/airflow/example_dags/example_dataset_alias.py                                                             4           0  0.61s           2025-06-27T17:12:25                      27
/home/airflow/.local/lib/python3.12/site-packages/airflow/example_dags/example_dataset_alias_with_no_taskflow.py                                            4           0  0.60s           2025-06-27T17:12:23                      27
/home/airflow/.local/lib/python3.12/site-packages/airflow/example_dags/example_dag_decorator.py                                                             1           0  0.26s           2025-06-27T17:12:12                      32
/home/airflow/.local/lib/python3.12/site-packages/airflow/example_dags/example_sla_dag.py                                                                   1           0  0.14s           2025-06-27T17:12:27                      16
/home/airflow/.local/lib/python3.12/site-packages/airflow/example_dags/tutorial_taskflow_templates.py                                                       1           0  0.12s           2025-06-27T17:12:10                      12
/home/airflow/.local/lib/python3.12/site-packages/airflow/example_dags/example_workday_timetable.py                                                         1           0  0.12s           2025-06-27T17:12:09                      12
/home/airflow/.local/lib/python3.12/site-packages/airflow/example_dags/example_subdag_operator.py                                                           3           0  0.12s           2025-06-27T17:12:09                      20
/home/airflow/.local/lib/python3.12/site-packages/airflow/example_dags/example_params_ui_tutorial.py                                                        1           0  0.12s           2025-06-27T17:12:09                      10
/home/airflow/.local/lib/python3.12/site-packages/airflow/example_dags/example_params_trigger_ui.py                                                         1           0  0.12s           2025-06-27T17:12:07                      10
/home/airflow/.local/lib/python3.12/site-packages/airflow/example_dags/example_branch_operator_decorator.py                                                 1           0  0.11s           2025-06-27T17:12:12                      12
/home/airflow/.local/lib/python3.12/site-packages/airflow/example_dags/example_branch_datetime_operator.py                                                  3           0  0.11s           2025-06-27T17:12:09                      18
/home/airflow/.local/lib/python3.12/site-packages/airflow/example_dags/example_branch_day_of_week_operator.py                                               1           0  0.11s           2025-06-27T17:12:12                      12
/home/airflow/.local/lib/python3.12/site-packages/airflow/example_dags/example_trigger_controller_dag.py                                                    1           0  0.11s           2025-06-27T17:12:09                      12
/home/airflow/.local/lib/python3.12/site-packages/airflow/example_dags/tutorial_objectstorage.py                                                            1           0  0.11s           2025-06-27T17:12:09                      10
/home/airflow/.local/lib/python3.12/site-packages/airflow/example_dags/example_bash_operator.py                                                             1           0  0.11s           2025-06-27T17:12:12                      12
/home/airflow/.local/lib/python3.12/site-packages/airflow/example_dags/example_short_circuit_operator.py                                                    1           0  0.11s           2025-06-27T17:12:11                      10
/home/airflow/.local/lib/python3.12/site-packages/airflow/example_dags/example_skip_dag.py                                                                  1           0  0.10s           2025-06-27T17:12:11                      12
/home/airflow/.local/lib/python3.12/site-packages/airflow/example_dags/example_branch_operator.py                                                           1           0  0.10s           2025-06-27T17:12:24                      12
/home/airflow/.local/lib/python3.12/site-packages/airflow/example_dags/example_xcom.py                                                                      1           0  0.10s           2025-06-27T17:12:12                      12
/home/airflow/.local/lib/python3.12/site-packages/airflow/example_dags/example_latest_only.py                                                               1           0  0.10s           2025-06-27T17:12:08                      12
/home/airflow/.local/lib/python3.12/site-packages/airflow/example_dags/example_nested_branch_dag.py                                                         1           0  0.10s           2025-06-27T17:12:07                      12
/home/airflow/.local/lib/python3.12/site-packages/airflow/example_dags/example_passing_params_via_test_command.py                                           1           0  0.10s           2025-06-27T17:12:07                      12
/home/airflow/.local/lib/python3.12/site-packages/airflow/example_dags/example_branch_python_dop_operator_3.py                                              1           0  0.10s           2025-06-27T17:12:12                      12
/home/airflow/.local/lib/python3.12/site-packages/airflow/example_dags/example_external_task_marker_dag.py                                                  2           0  0.10s           2025-06-27T17:12:08                      13
/home/airflow/.local/lib/python3.12/site-packages/airflow/example_dags/tutorial_taskflow_api_virtualenv.py                                                  1           0  0.10s           2025-06-27T17:12:10                      10
/home/airflow/.local/lib/python3.12/site-packages/airflow/example_dags/example_display_name.py                                                              1           0  0.10s           2025-06-27T17:12:10                      10
/home/airflow/.local/lib/python3.12/site-packages/airflow/example_dags/example_task_group_decorator.py                                                      1           0  0.10s           2025-06-27T17:12:09                      10
/home/airflow/.local/lib/python3.12/site-packages/airflow/example_dags/example_python_decorator.py                                                          1           0  0.10s           2025-06-27T17:12:07                      10
/home/airflow/.local/lib/python3.12/site-packages/airflow/example_dags/example_sensor_decorator.py                                                          1           0  0.10s           2025-06-27T17:12:10                      10
/home/airflow/.local/lib/python3.12/site-packages/airflow/example_dags/example_complex.py                                                                   1           0  0.10s           2025-06-27T17:12:09                      10
/home/airflow/.local/lib/python3.12/site-packages/airflow/example_dags/tutorial.py                                                                          1           0  0.10s           2025-06-27T17:12:12                      12
/home/airflow/.local/lib/python3.12/site-packages/airflow/example_dags/example_dynamic_task_mapping.py                                                      1           0  0.10s           2025-06-27T17:12:12                      10
/home/airflow/.local/lib/python3.12/site-packages/airflow/example_dags/tutorial_taskflow_api.py                                                             1           0  0.10s           2025-06-27T17:12:12                      10
/home/airflow/.local/lib/python3.12/site-packages/airflow/example_dags/example_python_operator.py                                                           1           0  0.10s           2025-06-27T17:12:12                      10
/opt/airflow/dags/new_dag.py                                                                                                                                1           0  0.09s           2025-06-27T17:12:07                      10
/home/airflow/.local/lib/python3.12/site-packages/airflow/example_dags/example_sensors.py                                                                   1           0  0.09s           2025-06-27T17:12:07                      10
/home/airflow/.local/lib/python3.12/site-packages/airflow/example_dags/example_kubernetes_executor.py                                                       1           0  0.09s           2025-06-27T17:12:24                      10
/home/airflow/.local/lib/python3.12/site-packages/airflow/example_dags/example_branch_labels.py                                                             1           0  0.09s           2025-06-27T17:12:24                      12
/home/airflow/.local/lib/python3.12/site-packages/airflow/example_dags/example_xcomargs.py                                                                  2           0  0.09s           2025-06-27T17:12:09                      13
/home/airflow/.local/lib/python3.12/site-packages/airflow/example_dags/example_setup_teardown_taskflow.py                                                   1           0  0.09s           2025-06-27T17:12:12                      10
/home/airflow/.local/lib/python3.12/site-packages/airflow/example_dags/example_bash_decorator.py                                                            1           0  0.09s           2025-06-27T17:12:24                      10
/home/airflow/.local/lib/python3.12/site-packages/airflow/example_dags/example_local_kubernetes_executor.py                                                 1           0  0.09s           2025-06-27T17:12:24                      10
/home/airflow/.local/lib/python3.12/site-packages/airflow/example_dags/example_latest_only_with_trigger.py                                                  1           0  0.09s           2025-06-27T17:12:24                      12
/home/airflow/.local/lib/python3.12/site-packages/airflow/example_dags/example_short_circuit_decorator.py                                                   1           0  0.09s           2025-06-27T17:12:24                      10
/home/airflow/.local/lib/python3.12/site-packages/airflow/example_dags/example_trigger_target_dag.py                                                        1           0  0.09s           2025-06-27T17:12:12                      10
/home/airflow/.local/lib/python3.12/site-packages/airflow/example_dags/example_dynamic_task_mapping_with_no_taskflow_operators.py                           1           0  0.08s           2025-06-27T17:12:24                      10
/home/airflow/.local/lib/python3.12/site-packages/airflow/example_dags/example_setup_teardown.py                                                            1           0  0.08s           2025-06-27T17:12:24                      10
/home/airflow/.local/lib/python3.12/site-packages/airflow/example_dags/example_time_delta_sensor_async.py                                                   1           0  0.08s           2025-06-27T17:12:09                      10
/home/airflow/.local/lib/python3.12/site-packages/airflow/example_dags/example_task_group.py                                                                1           0  0.08s           2025-06-27T17:12:24                      10
/home/airflow/.local/lib/python3.12/site-packages/airflow/example_dags/tutorial_dag.py                                                                      1           0  0.08s           2025-06-27T17:12:24                      10
/home/airflow/.local/lib/python3.12/site-packages/airflow/example_dags/plugins/listener_plugin.py                                                           0           0  0.04s           2025-06-27T17:12:24                       3
/home/airflow/.local/lib/python3.12/site-packages/airflow/example_dags/plugins/event_listener.py                                                            0           0  0.04s           2025-06-27T17:12:24                       3
/home/airflow/.local/lib/python3.12/site-packages/airflow/example_dags/subdags/subdag.py                                                                    0           0  0.04s           2025-06-27T17:12:24                       3
/home/airflow/.local/lib/python3.12/site-packages/airflow/example_dags/plugins/workday.py                                                                   0           0  0.04s           2025-06-27T17:12:24                       3
/home/airflow/.local/lib/python3.12/site-packages/airflow/example_dags/plugins/decreasing_priority_weight_strategy.py                                       0           0  0.04s           2025-06-27T17:12:24                       3
================================================================================
[2025-06-27T17:12:54.423+0000] {manager.py:821} INFO - Searching for files in /opt/airflow/dags
[2025-06-27T17:12:54.449+0000] {manager.py:824} INFO - There are 58 files in /opt/airflow/dags
[2025-06-27T17:13:05.676+0000] {manager.py:997} INFO - 
================================================================================
DAG File Processing Stats

File Path                                                                                                                          PID    Runtime      # DAGs    # Errors  Last Runtime    Last Run               Last # of DB Queries
---------------------------------------------------------------------------------------------------------------------------------  -----  ---------  --------  ----------  --------------  -------------------  ----------------------
/home/airflow/.local/lib/python3.12/site-packages/airflow/example_dags/example_datasets.py                                                                 10           0  0.69s           2025-06-27T17:12:54                      49
/home/airflow/.local/lib/python3.12/site-packages/airflow/example_dags/example_outlet_event_extra.py                                                        3           0  0.67s           2025-06-27T17:12:57                      19
/home/airflow/.local/lib/python3.12/site-packages/airflow/example_dags/example_dataset_alias_with_no_taskflow.py                                            4           0  0.66s           2025-06-27T17:12:54                      27
/home/airflow/.local/lib/python3.12/site-packages/airflow/example_dags/example_dataset_alias.py                                                             4           0  0.65s           2025-06-27T17:12:55                      27
/home/airflow/.local/lib/python3.12/site-packages/airflow/example_dags/example_inlet_event_extra.py                                                         2           0  0.65s           2025-06-27T17:12:57                      15
/home/airflow/.local/lib/python3.12/site-packages/airflow/example_dags/example_dag_decorator.py                                                             1           0  0.23s           2025-06-27T17:12:43                      32
/home/airflow/.local/lib/python3.12/site-packages/airflow/example_dags/example_sla_dag.py                                                                   1           0  0.13s           2025-06-27T17:12:57                      16
/home/airflow/.local/lib/python3.12/site-packages/airflow/example_dags/example_branch_datetime_operator.py                                                  3           0  0.12s           2025-06-27T17:12:39                      18
/home/airflow/.local/lib/python3.12/site-packages/airflow/example_dags/example_sensors.py                                                                   1           0  0.12s           2025-06-27T17:12:38                      10
/home/airflow/.local/lib/python3.12/site-packages/airflow/example_dags/example_params_ui_tutorial.py                                                        1           0  0.12s           2025-06-27T17:12:39                      10
/home/airflow/.local/lib/python3.12/site-packages/airflow/example_dags/example_subdag_operator.py                                                           3           0  0.12s           2025-06-27T17:12:39                      20
/home/airflow/.local/lib/python3.12/site-packages/airflow/example_dags/example_nested_branch_dag.py                                                         1           0  0.12s           2025-06-27T17:12:38                      12
/home/airflow/.local/lib/python3.12/site-packages/airflow/example_dags/example_passing_params_via_test_command.py                                           1           0  0.11s           2025-06-27T17:12:37                      12
/home/airflow/.local/lib/python3.12/site-packages/airflow/example_dags/example_params_trigger_ui.py                                                         1           0  0.11s           2025-06-27T17:12:38                      10
/home/airflow/.local/lib/python3.12/site-packages/airflow/example_dags/example_workday_timetable.py                                                         1           0  0.11s           2025-06-27T17:12:40                      12
/home/airflow/.local/lib/python3.12/site-packages/airflow/example_dags/example_xcomargs.py                                                                  2           0  0.11s           2025-06-27T17:12:39                      13
/home/airflow/.local/lib/python3.12/site-packages/airflow/example_dags/example_branch_operator.py                                                           1           0  0.11s           2025-06-27T17:12:55                      12
/opt/airflow/dags/new_dag.py                                                                                                                                1           0  0.11s           2025-06-27T17:12:37                      10
/home/airflow/.local/lib/python3.12/site-packages/airflow/example_dags/example_task_group_decorator.py                                                      1           0  0.11s           2025-06-27T17:12:39                      10
/home/airflow/.local/lib/python3.12/site-packages/airflow/example_dags/example_short_circuit_operator.py                                                    1           0  0.11s           2025-06-27T17:12:41                      10
/home/airflow/.local/lib/python3.12/site-packages/airflow/example_dags/example_branch_operator_decorator.py                                                 1           0  0.10s           2025-06-27T17:12:42                      12
/home/airflow/.local/lib/python3.12/site-packages/airflow/example_dags/example_python_decorator.py                                                          1           0  0.10s           2025-06-27T17:12:38                      10
/home/airflow/.local/lib/python3.12/site-packages/airflow/example_dags/example_complex.py                                                                   1           0  0.10s           2025-06-27T17:12:39                      10
/home/airflow/.local/lib/python3.12/site-packages/airflow/example_dags/example_branch_day_of_week_operator.py                                               1           0  0.10s           2025-06-27T17:12:42                      12
/home/airflow/.local/lib/python3.12/site-packages/airflow/example_dags/example_skip_dag.py                                                                  1           0  0.10s           2025-06-27T17:12:41                      12
/home/airflow/.local/lib/python3.12/site-packages/airflow/example_dags/example_latest_only.py                                                               1           0  0.10s           2025-06-27T17:12:38                      12
/home/airflow/.local/lib/python3.12/site-packages/airflow/example_dags/example_sensor_decorator.py                                                          1           0  0.10s           2025-06-27T17:12:41                      10
/home/airflow/.local/lib/python3.12/site-packages/airflow/example_dags/example_display_name.py                                                              1           0  0.10s           2025-06-27T17:12:41                      10
/home/airflow/.local/lib/python3.12/site-packages/airflow/example_dags/tutorial_taskflow_templates.py                                                       1           0  0.10s           2025-06-27T17:12:41                      12
/home/airflow/.local/lib/python3.12/site-packages/airflow/example_dags/example_latest_only_with_trigger.py                                                  1           0  0.10s           2025-06-27T17:12:54                      12
/home/airflow/.local/lib/python3.12/site-packages/airflow/example_dags/example_branch_labels.py                                                             1           0  0.10s           2025-06-27T17:12:55                      12
/home/airflow/.local/lib/python3.12/site-packages/airflow/example_dags/example_bash_operator.py                                                             1           0  0.10s           2025-06-27T17:12:42                      12
/home/airflow/.local/lib/python3.12/site-packages/airflow/example_dags/example_external_task_marker_dag.py                                                  2           0  0.10s           2025-06-27T17:12:38                      13
/home/airflow/.local/lib/python3.12/site-packages/airflow/example_dags/example_kubernetes_executor.py                                                       1           0  0.09s           2025-06-27T17:12:55                      10
/home/airflow/.local/lib/python3.12/site-packages/airflow/example_dags/example_bash_decorator.py                                                            1           0  0.09s           2025-06-27T17:12:55                      10
/home/airflow/.local/lib/python3.12/site-packages/airflow/example_dags/example_branch_python_dop_operator_3.py                                              1           0  0.09s           2025-06-27T17:12:42                      12
/home/airflow/.local/lib/python3.12/site-packages/airflow/example_dags/example_short_circuit_decorator.py                                                   1           0  0.09s           2025-06-27T17:12:54                      10
/home/airflow/.local/lib/python3.12/site-packages/airflow/example_dags/example_time_delta_sensor_async.py                                                   1           0  0.09s           2025-06-27T17:12:39                      10
/home/airflow/.local/lib/python3.12/site-packages/airflow/example_dags/example_trigger_controller_dag.py                                                    1           0  0.09s           2025-06-27T17:12:40                      12
/home/airflow/.local/lib/python3.12/site-packages/airflow/example_dags/tutorial.py                                                                          1           0  0.09s           2025-06-27T17:12:42                      12
/home/airflow/.local/lib/python3.12/site-packages/airflow/example_dags/example_xcom.py                                                                      1           0  0.09s           2025-06-27T17:12:42                      12
/home/airflow/.local/lib/python3.12/site-packages/airflow/example_dags/tutorial_dag.py                                                                      1           0  0.09s           2025-06-27T17:12:55                      10
/home/airflow/.local/lib/python3.12/site-packages/airflow/example_dags/example_dynamic_task_mapping.py                                                      1           0  0.09s           2025-06-27T17:12:42                      10
/home/airflow/.local/lib/python3.12/site-packages/airflow/example_dags/tutorial_objectstorage.py                                                            1           0  0.09s           2025-06-27T17:12:40                      10
/home/airflow/.local/lib/python3.12/site-packages/airflow/example_dags/tutorial_taskflow_api.py                                                             1           0  0.08s           2025-06-27T17:12:42                      10
/home/airflow/.local/lib/python3.12/site-packages/airflow/example_dags/example_python_operator.py                                                           1           0  0.08s           2025-06-27T17:12:42                      10
/home/airflow/.local/lib/python3.12/site-packages/airflow/example_dags/tutorial_taskflow_api_virtualenv.py                                                  1           0  0.08s           2025-06-27T17:12:41                      10
/home/airflow/.local/lib/python3.12/site-packages/airflow/example_dags/example_local_kubernetes_executor.py                                                 1           0  0.08s           2025-06-27T17:12:54                      10
/home/airflow/.local/lib/python3.12/site-packages/airflow/example_dags/example_setup_teardown_taskflow.py                                                   1           0  0.08s           2025-06-27T17:12:42                      10
/home/airflow/.local/lib/python3.12/site-packages/airflow/example_dags/example_task_group.py                                                                1           0  0.08s           2025-06-27T17:12:54                      10
/home/airflow/.local/lib/python3.12/site-packages/airflow/example_dags/example_setup_teardown.py                                                            1           0  0.08s           2025-06-27T17:12:54                      10
/home/airflow/.local/lib/python3.12/site-packages/airflow/example_dags/example_dynamic_task_mapping_with_no_taskflow_operators.py                           1           0  0.08s           2025-06-27T17:12:54                      10
/home/airflow/.local/lib/python3.12/site-packages/airflow/example_dags/example_trigger_target_dag.py                                                        1           0  0.08s           2025-06-27T17:12:42                      10
/home/airflow/.local/lib/python3.12/site-packages/airflow/example_dags/plugins/decreasing_priority_weight_strategy.py                                       0           0  0.05s           2025-06-27T17:12:55                       3
/home/airflow/.local/lib/python3.12/site-packages/airflow/example_dags/subdags/subdag.py                                                                    0           0  0.05s           2025-06-27T17:12:55                       3
/home/airflow/.local/lib/python3.12/site-packages/airflow/example_dags/plugins/workday.py                                                                   0           0  0.04s           2025-06-27T17:12:55                       3
/home/airflow/.local/lib/python3.12/site-packages/airflow/example_dags/plugins/event_listener.py                                                            0           0  0.04s           2025-06-27T17:12:55                       3
/home/airflow/.local/lib/python3.12/site-packages/airflow/example_dags/plugins/listener_plugin.py                                                           0           0  0.04s           2025-06-27T17:12:55                       3
================================================================================
[2025-06-27T17:13:36.396+0000] {manager.py:997} INFO - 
================================================================================
DAG File Processing Stats

File Path                                                                                                                          PID    Runtime      # DAGs    # Errors  Last Runtime    Last Run               Last # of DB Queries
---------------------------------------------------------------------------------------------------------------------------------  -----  ---------  --------  ----------  --------------  -------------------  ----------------------
/home/airflow/.local/lib/python3.12/site-packages/airflow/example_dags/example_datasets.py                                                                 10           0  0.65s           2025-06-27T17:13:26                      49
/home/airflow/.local/lib/python3.12/site-packages/airflow/example_dags/example_dataset_alias_with_no_taskflow.py                                            4           0  0.63s           2025-06-27T17:13:26                      27
/home/airflow/.local/lib/python3.12/site-packages/airflow/example_dags/example_outlet_event_extra.py                                                        3           0  0.58s           2025-06-27T17:13:28                      19
/home/airflow/.local/lib/python3.12/site-packages/airflow/example_dags/example_inlet_event_extra.py                                                         2           0  0.57s           2025-06-27T17:13:28                      15
/home/airflow/.local/lib/python3.12/site-packages/airflow/example_dags/example_dataset_alias.py                                                             4           0  0.56s           2025-06-27T17:13:27                      27
/home/airflow/.local/lib/python3.12/site-packages/airflow/example_dags/example_dag_decorator.py                                                             1           0  0.26s           2025-06-27T17:13:14                      32
/home/airflow/.local/lib/python3.12/site-packages/airflow/example_dags/example_branch_datetime_operator.py                                                  3           0  0.12s           2025-06-27T17:13:10                      18
/home/airflow/.local/lib/python3.12/site-packages/airflow/example_dags/example_subdag_operator.py                                                           3           0  0.11s           2025-06-27T17:13:10                      20
/home/airflow/.local/lib/python3.12/site-packages/airflow/example_dags/example_branch_operator_decorator.py                                                 1           0  0.11s           2025-06-27T17:13:13                      12
/home/airflow/.local/lib/python3.12/site-packages/airflow/example_dags/example_params_ui_tutorial.py                                                        1           0  0.11s           2025-06-27T17:13:10                      10
/home/airflow/.local/lib/python3.12/site-packages/airflow/example_dags/example_workday_timetable.py                                                         1           0  0.11s           2025-06-27T17:13:10                      12
/home/airflow/.local/lib/python3.12/site-packages/airflow/example_dags/example_branch_python_dop_operator_3.py                                              1           0  0.11s           2025-06-27T17:13:13                      12
/home/airflow/.local/lib/python3.12/site-packages/airflow/example_dags/example_params_trigger_ui.py                                                         1           0  0.11s           2025-06-27T17:13:08                      10
/home/airflow/.local/lib/python3.12/site-packages/airflow/example_dags/example_branch_operator.py                                                           1           0  0.10s           2025-06-27T17:13:26                      12
/home/airflow/.local/lib/python3.12/site-packages/airflow/example_dags/example_branch_day_of_week_operator.py                                               1           0  0.10s           2025-06-27T17:13:12                      12
/home/airflow/.local/lib/python3.12/site-packages/airflow/example_dags/example_bash_operator.py                                                             1           0  0.10s           2025-06-27T17:13:13                      12
/home/airflow/.local/lib/python3.12/site-packages/airflow/example_dags/example_xcomargs.py                                                                  2           0  0.10s           2025-06-27T17:13:10                      13
/home/airflow/.local/lib/python3.12/site-packages/airflow/example_dags/example_task_group_decorator.py                                                      1           0  0.10s           2025-06-27T17:13:10                      10
/home/airflow/.local/lib/python3.12/site-packages/airflow/example_dags/example_nested_branch_dag.py                                                         1           0  0.10s           2025-06-27T17:13:08                      12
/home/airflow/.local/lib/python3.12/site-packages/airflow/example_dags/example_sla_dag.py                                                                   1           0  0.10s           2025-06-27T17:13:28                      12
/home/airflow/.local/lib/python3.12/site-packages/airflow/example_dags/tutorial_taskflow_templates.py                                                       1           0  0.10s           2025-06-27T17:13:11                      12
/home/airflow/.local/lib/python3.12/site-packages/airflow/example_dags/example_branch_labels.py                                                             1           0  0.10s           2025-06-27T17:13:26                      12
/home/airflow/.local/lib/python3.12/site-packages/airflow/example_dags/example_xcom.py                                                                      1           0  0.09s           2025-06-27T17:13:12                      12
/home/airflow/.local/lib/python3.12/site-packages/airflow/example_dags/example_complex.py                                                                   1           0  0.09s           2025-06-27T17:13:10                      10
/home/airflow/.local/lib/python3.12/site-packages/airflow/example_dags/example_passing_params_via_test_command.py                                           1           0  0.09s           2025-06-27T17:13:08                      12
/home/airflow/.local/lib/python3.12/site-packages/airflow/example_dags/example_sensors.py                                                                   1           0  0.09s           2025-06-27T17:13:08                      10
/home/airflow/.local/lib/python3.12/site-packages/airflow/example_dags/example_trigger_controller_dag.py                                                    1           0  0.09s           2025-06-27T17:13:10                      12
/home/airflow/.local/lib/python3.12/site-packages/airflow/example_dags/example_task_group.py                                                                1           0  0.09s           2025-06-27T17:13:26                      10
/home/airflow/.local/lib/python3.12/site-packages/airflow/example_dags/example_dynamic_task_mapping.py                                                      1           0  0.09s           2025-06-27T17:13:12                      10
/home/airflow/.local/lib/python3.12/site-packages/airflow/example_dags/example_local_kubernetes_executor.py                                                 1           0  0.09s           2025-06-27T17:13:26                      10
/home/airflow/.local/lib/python3.12/site-packages/airflow/example_dags/example_short_circuit_operator.py                                                    1           0  0.09s           2025-06-27T17:13:11                      10
/home/airflow/.local/lib/python3.12/site-packages/airflow/example_dags/example_skip_dag.py                                                                  1           0  0.09s           2025-06-27T17:13:11                      12
/home/airflow/.local/lib/python3.12/site-packages/airflow/example_dags/example_python_decorator.py                                                          1           0  0.09s           2025-06-27T17:13:08                      10
/home/airflow/.local/lib/python3.12/site-packages/airflow/example_dags/example_bash_decorator.py                                                            1           0  0.09s           2025-06-27T17:13:26                      10
/home/airflow/.local/lib/python3.12/site-packages/airflow/example_dags/example_kubernetes_executor.py                                                       1           0  0.09s           2025-06-27T17:13:26                      10
/home/airflow/.local/lib/python3.12/site-packages/airflow/example_dags/example_latest_only_with_trigger.py                                                  1           0  0.09s           2025-06-27T17:13:26                      12
/opt/airflow/dags/new_dag.py                                                                                                                                1           0  0.09s           2025-06-27T17:13:08                      10
/home/airflow/.local/lib/python3.12/site-packages/airflow/example_dags/tutorial.py                                                                          1           0  0.09s           2025-06-27T17:13:13                      12
/home/airflow/.local/lib/python3.12/site-packages/airflow/example_dags/tutorial_taskflow_api.py                                                             1           0  0.09s           2025-06-27T17:13:12                      10
/home/airflow/.local/lib/python3.12/site-packages/airflow/example_dags/example_latest_only.py                                                               1           0  0.09s           2025-06-27T17:13:08                      12
/home/airflow/.local/lib/python3.12/site-packages/airflow/example_dags/tutorial_objectstorage.py                                                            1           0  0.09s           2025-06-27T17:13:10                      10
/home/airflow/.local/lib/python3.12/site-packages/airflow/example_dags/example_python_operator.py                                                           1           0  0.09s           2025-06-27T17:13:13                      10
/home/airflow/.local/lib/python3.12/site-packages/airflow/example_dags/example_external_task_marker_dag.py                                                  2           0  0.09s           2025-06-27T17:13:08                      13
/home/airflow/.local/lib/python3.12/site-packages/airflow/example_dags/example_setup_teardown_taskflow.py                                                   1           0  0.09s           2025-06-27T17:13:13                      10
/home/airflow/.local/lib/python3.12/site-packages/airflow/example_dags/example_time_delta_sensor_async.py                                                   1           0  0.08s           2025-06-27T17:13:10                      10
/home/airflow/.local/lib/python3.12/site-packages/airflow/example_dags/example_short_circuit_decorator.py                                                   1           0  0.08s           2025-06-27T17:13:26                      10
/home/airflow/.local/lib/python3.12/site-packages/airflow/example_dags/example_trigger_target_dag.py                                                        1           0  0.08s           2025-06-27T17:13:13                      10
/home/airflow/.local/lib/python3.12/site-packages/airflow/example_dags/tutorial_taskflow_api_virtualenv.py                                                  1           0  0.08s           2025-06-27T17:13:11                      10
/home/airflow/.local/lib/python3.12/site-packages/airflow/example_dags/example_display_name.py                                                              1           0  0.08s           2025-06-27T17:13:11                      10
/home/airflow/.local/lib/python3.12/site-packages/airflow/example_dags/example_setup_teardown.py                                                            1           0  0.08s           2025-06-27T17:13:26                      10
/home/airflow/.local/lib/python3.12/site-packages/airflow/example_dags/tutorial_dag.py                                                                      1           0  0.08s           2025-06-27T17:13:26                      10
/home/airflow/.local/lib/python3.12/site-packages/airflow/example_dags/example_sensor_decorator.py                                                          1           0  0.08s           2025-06-27T17:13:11                      10
/home/airflow/.local/lib/python3.12/site-packages/airflow/example_dags/example_dynamic_task_mapping_with_no_taskflow_operators.py                           1           0  0.08s           2025-06-27T17:13:26                      10
/home/airflow/.local/lib/python3.12/site-packages/airflow/example_dags/plugins/decreasing_priority_weight_strategy.py                                       0           0  0.04s           2025-06-27T17:13:26                       3
/home/airflow/.local/lib/python3.12/site-packages/airflow/example_dags/plugins/listener_plugin.py                                                           0           0  0.04s           2025-06-27T17:13:26                       3
/home/airflow/.local/lib/python3.12/site-packages/airflow/example_dags/plugins/workday.py                                                                   0           0  0.04s           2025-06-27T17:13:26                       3
/home/airflow/.local/lib/python3.12/site-packages/airflow/example_dags/subdags/subdag.py                                                                    0           0  0.04s           2025-06-27T17:13:26                       3
/home/airflow/.local/lib/python3.12/site-packages/airflow/example_dags/plugins/event_listener.py                                                            0           0  0.04s           2025-06-27T17:13:26                       3
================================================================================
[2025-06-27T17:14:06.999+0000] {manager.py:997} INFO - 
================================================================================
DAG File Processing Stats

File Path                                                                                                                          PID    Runtime      # DAGs    # Errors  Last Runtime    Last Run               Last # of DB Queries
---------------------------------------------------------------------------------------------------------------------------------  -----  ---------  --------  ----------  --------------  -------------------  ----------------------
/home/airflow/.local/lib/python3.12/site-packages/airflow/example_dags/example_datasets.py                                                                 10           0  0.63s           2025-06-27T17:13:57                      49
/home/airflow/.local/lib/python3.12/site-packages/airflow/example_dags/example_outlet_event_extra.py                                                        3           0  0.61s           2025-06-27T17:13:59                      19
/home/airflow/.local/lib/python3.12/site-packages/airflow/example_dags/example_dataset_alias_with_no_taskflow.py                                            4           0  0.59s           2025-06-27T17:13:57                      27
/home/airflow/.local/lib/python3.12/site-packages/airflow/example_dags/example_inlet_event_extra.py                                                         2           0  0.58s           2025-06-27T17:13:59                      15
/home/airflow/.local/lib/python3.12/site-packages/airflow/example_dags/example_dataset_alias.py                                                             4           0  0.57s           2025-06-27T17:13:58                      27
/home/airflow/.local/lib/python3.12/site-packages/airflow/example_dags/example_dag_decorator.py                                                             1           0  0.25s           2025-06-27T17:13:45                      32
/home/airflow/.local/lib/python3.12/site-packages/airflow/example_dags/example_branch_datetime_operator.py                                                  3           0  0.13s           2025-06-27T17:13:41                      18
/home/airflow/.local/lib/python3.12/site-packages/airflow/example_dags/example_workday_timetable.py                                                         1           0  0.13s           2025-06-27T17:13:41                      12
/home/airflow/.local/lib/python3.12/site-packages/airflow/example_dags/example_params_ui_tutorial.py                                                        1           0  0.13s           2025-06-27T17:13:40                      10
/home/airflow/.local/lib/python3.12/site-packages/airflow/example_dags/example_subdag_operator.py                                                           3           0  0.13s           2025-06-27T17:13:41                      20
/home/airflow/.local/lib/python3.12/site-packages/airflow/example_dags/example_task_group_decorator.py                                                      1           0  0.12s           2025-06-27T17:13:41                      10
/home/airflow/.local/lib/python3.12/site-packages/airflow/example_dags/example_complex.py                                                                   1           0  0.11s           2025-06-27T17:13:40                      10
/home/airflow/.local/lib/python3.12/site-packages/airflow/example_dags/example_branch_operator_decorator.py                                                 1           0  0.11s           2025-06-27T17:13:44                      12
/home/airflow/.local/lib/python3.12/site-packages/airflow/example_dags/example_params_trigger_ui.py                                                         1           0  0.11s           2025-06-27T17:13:39                      10
/home/airflow/.local/lib/python3.12/site-packages/airflow/example_dags/example_branch_operator.py                                                           1           0  0.11s           2025-06-27T17:13:57                      12
/home/airflow/.local/lib/python3.12/site-packages/airflow/example_dags/example_passing_params_via_test_command.py                                           1           0  0.10s           2025-06-27T17:13:39                      12
/home/airflow/.local/lib/python3.12/site-packages/airflow/example_dags/tutorial_taskflow_templates.py                                                       1           0  0.10s           2025-06-27T17:13:42                      12
/home/airflow/.local/lib/python3.12/site-packages/airflow/example_dags/example_nested_branch_dag.py                                                         1           0  0.10s           2025-06-27T17:13:39                      12
/home/airflow/.local/lib/python3.12/site-packages/airflow/example_dags/example_time_delta_sensor_async.py                                                   1           0  0.10s           2025-06-27T17:13:41                      10
/home/airflow/.local/lib/python3.12/site-packages/airflow/example_dags/example_short_circuit_decorator.py                                                   1           0  0.10s           2025-06-27T17:13:57                      10
/home/airflow/.local/lib/python3.12/site-packages/airflow/example_dags/example_xcom.py                                                                      1           0  0.10s           2025-06-27T17:13:44                      12
/home/airflow/.local/lib/python3.12/site-packages/airflow/example_dags/example_bash_operator.py                                                             1           0  0.10s           2025-06-27T17:13:44                      12
/home/airflow/.local/lib/python3.12/site-packages/airflow/example_dags/example_skip_dag.py                                                                  1           0  0.10s           2025-06-27T17:13:42                      12
/home/airflow/.local/lib/python3.12/site-packages/airflow/example_dags/example_branch_day_of_week_operator.py                                               1           0  0.09s           2025-06-27T17:13:43                      12
/home/airflow/.local/lib/python3.12/site-packages/airflow/example_dags/example_trigger_controller_dag.py                                                    1           0  0.09s           2025-06-27T17:13:41                      12
/home/airflow/.local/lib/python3.12/site-packages/airflow/example_dags/example_latest_only_with_trigger.py                                                  1           0  0.09s           2025-06-27T17:13:57                      12
/home/airflow/.local/lib/python3.12/site-packages/airflow/example_dags/example_xcomargs.py                                                                  2           0  0.09s           2025-06-27T17:13:41                      13
/home/airflow/.local/lib/python3.12/site-packages/airflow/example_dags/example_branch_python_dop_operator_3.py                                              1           0  0.09s           2025-06-27T17:13:44                      12
/home/airflow/.local/lib/python3.12/site-packages/airflow/example_dags/example_branch_labels.py                                                             1           0  0.09s           2025-06-27T17:13:57                      12
/home/airflow/.local/lib/python3.12/site-packages/airflow/example_dags/example_external_task_marker_dag.py                                                  2           0  0.09s           2025-06-27T17:13:39                      13
/home/airflow/.local/lib/python3.12/site-packages/airflow/example_dags/example_sensors.py                                                                   1           0  0.09s           2025-06-27T17:13:39                      10
/home/airflow/.local/lib/python3.12/site-packages/airflow/example_dags/example_short_circuit_operator.py                                                    1           0  0.09s           2025-06-27T17:13:42                      10
/home/airflow/.local/lib/python3.12/site-packages/airflow/example_dags/example_latest_only.py                                                               1           0  0.09s           2025-06-27T17:13:39                      12
/home/airflow/.local/lib/python3.12/site-packages/airflow/example_dags/tutorial.py                                                                          1           0  0.09s           2025-06-27T17:13:44                      12
/home/airflow/.local/lib/python3.12/site-packages/airflow/example_dags/example_setup_teardown.py                                                            1           0  0.09s           2025-06-27T17:13:57                      10
/home/airflow/.local/lib/python3.12/site-packages/airflow/example_dags/example_python_decorator.py                                                          1           0  0.09s           2025-06-27T17:13:39                      10
/opt/airflow/dags/new_dag.py                                                                                                                                1           0  0.09s           2025-06-27T17:13:39                      10
/home/airflow/.local/lib/python3.12/site-packages/airflow/example_dags/example_bash_decorator.py                                                            1           0  0.09s           2025-06-27T17:13:57                      10
/home/airflow/.local/lib/python3.12/site-packages/airflow/example_dags/example_kubernetes_executor.py                                                       1           0  0.09s           2025-06-27T17:13:57                      10
/home/airflow/.local/lib/python3.12/site-packages/airflow/example_dags/example_python_operator.py                                                           1           0  0.09s           2025-06-27T17:13:44                      10
/home/airflow/.local/lib/python3.12/site-packages/airflow/example_dags/example_sla_dag.py                                                                   1           0  0.09s           2025-06-27T17:13:59                      12
/home/airflow/.local/lib/python3.12/site-packages/airflow/example_dags/example_dynamic_task_mapping_with_no_taskflow_operators.py                           1           0  0.09s           2025-06-27T17:13:57                      10
/home/airflow/.local/lib/python3.12/site-packages/airflow/example_dags/example_local_kubernetes_executor.py                                                 1           0  0.09s           2025-06-27T17:13:57                      10
/home/airflow/.local/lib/python3.12/site-packages/airflow/example_dags/example_dynamic_task_mapping.py                                                      1           0  0.09s           2025-06-27T17:13:43                      10
/home/airflow/.local/lib/python3.12/site-packages/airflow/example_dags/example_trigger_target_dag.py                                                        1           0  0.09s           2025-06-27T17:13:44                      10
/home/airflow/.local/lib/python3.12/site-packages/airflow/example_dags/example_display_name.py                                                              1           0  0.08s           2025-06-27T17:13:42                      10
/home/airflow/.local/lib/python3.12/site-packages/airflow/example_dags/tutorial_taskflow_api_virtualenv.py                                                  1           0  0.08s           2025-06-27T17:13:42                      10
/home/airflow/.local/lib/python3.12/site-packages/airflow/example_dags/tutorial_dag.py                                                                      1           0  0.08s           2025-06-27T17:13:57                      10
/home/airflow/.local/lib/python3.12/site-packages/airflow/example_dags/tutorial_objectstorage.py                                                            1           0  0.08s           2025-06-27T17:13:41                      10
/home/airflow/.local/lib/python3.12/site-packages/airflow/example_dags/example_sensor_decorator.py                                                          1           0  0.08s           2025-06-27T17:13:42                      10
/home/airflow/.local/lib/python3.12/site-packages/airflow/example_dags/example_task_group.py                                                                1           0  0.08s           2025-06-27T17:13:57                      10
/home/airflow/.local/lib/python3.12/site-packages/airflow/example_dags/example_setup_teardown_taskflow.py                                                   1           0  0.08s           2025-06-27T17:13:43                      10
/home/airflow/.local/lib/python3.12/site-packages/airflow/example_dags/tutorial_taskflow_api.py                                                             1           0  0.08s           2025-06-27T17:13:43                      10
/home/airflow/.local/lib/python3.12/site-packages/airflow/example_dags/plugins/workday.py                                                                   0           0  0.05s           2025-06-27T17:13:57                       3
/home/airflow/.local/lib/python3.12/site-packages/airflow/example_dags/plugins/event_listener.py                                                            0           0  0.04s           2025-06-27T17:13:57                       3
/home/airflow/.local/lib/python3.12/site-packages/airflow/example_dags/plugins/decreasing_priority_weight_strategy.py                                       0           0  0.04s           2025-06-27T17:13:58                       3
/home/airflow/.local/lib/python3.12/site-packages/airflow/example_dags/subdags/subdag.py                                                                    0           0  0.04s           2025-06-27T17:13:57                       3
/home/airflow/.local/lib/python3.12/site-packages/airflow/example_dags/plugins/listener_plugin.py                                                           0           0  0.04s           2025-06-27T17:13:57                       3
================================================================================
[2025-06-27T17:14:37.553+0000] {manager.py:997} INFO - 
================================================================================
DAG File Processing Stats

File Path                                                                                                                          PID    Runtime      # DAGs    # Errors  Last Runtime    Last Run               Last # of DB Queries
---------------------------------------------------------------------------------------------------------------------------------  -----  ---------  --------  ----------  --------------  -------------------  ----------------------
/home/airflow/.local/lib/python3.12/site-packages/airflow/example_dags/example_datasets.py                                                                 10           0  0.77s           2025-06-27T17:14:28                      49
/home/airflow/.local/lib/python3.12/site-packages/airflow/example_dags/example_dataset_alias_with_no_taskflow.py                                            4           0  0.72s           2025-06-27T17:14:28                      27
/home/airflow/.local/lib/python3.12/site-packages/airflow/example_dags/example_outlet_event_extra.py                                                        3           0  0.63s           2025-06-27T17:14:30                      19
/home/airflow/.local/lib/python3.12/site-packages/airflow/example_dags/example_inlet_event_extra.py                                                         2           0  0.62s           2025-06-27T17:14:30                      15
/home/airflow/.local/lib/python3.12/site-packages/airflow/example_dags/example_dataset_alias.py                                                             4           0  0.61s           2025-06-27T17:14:28                      27
/home/airflow/.local/lib/python3.12/site-packages/airflow/example_dags/example_dag_decorator.py                                                             1           0  0.24s           2025-06-27T17:14:15                      32
/home/airflow/.local/lib/python3.12/site-packages/airflow/example_dags/example_sla_dag.py                                                                   1           0  0.13s           2025-06-27T17:14:30                      16
/home/airflow/.local/lib/python3.12/site-packages/airflow/example_dags/example_workday_timetable.py                                                         1           0  0.12s           2025-06-27T17:14:11                      12
/home/airflow/.local/lib/python3.12/site-packages/airflow/example_dags/example_subdag_operator.py                                                           3           0  0.11s           2025-06-27T17:14:11                      20
/home/airflow/.local/lib/python3.12/site-packages/airflow/example_dags/example_params_ui_tutorial.py                                                        1           0  0.11s           2025-06-27T17:14:11                      10
/home/airflow/.local/lib/python3.12/site-packages/airflow/example_dags/example_branch_datetime_operator.py                                                  3           0  0.11s           2025-06-27T17:14:11                      18
/home/airflow/.local/lib/python3.12/site-packages/airflow/example_dags/example_branch_operator.py                                                           1           0  0.11s           2025-06-27T17:14:28                      12
/home/airflow/.local/lib/python3.12/site-packages/airflow/example_dags/example_branch_operator_decorator.py                                                 1           0  0.11s           2025-06-27T17:14:14                      12
/home/airflow/.local/lib/python3.12/site-packages/airflow/example_dags/example_kubernetes_executor.py                                                       1           0  0.11s           2025-06-27T17:14:28                      10
/home/airflow/.local/lib/python3.12/site-packages/airflow/example_dags/example_passing_params_via_test_command.py                                           1           0  0.11s           2025-06-27T17:14:10                      12
/home/airflow/.local/lib/python3.12/site-packages/airflow/example_dags/example_bash_operator.py                                                             1           0  0.10s           2025-06-27T17:14:14                      12
/home/airflow/.local/lib/python3.12/site-packages/airflow/example_dags/example_dynamic_task_mapping_with_no_taskflow_operators.py                           1           0  0.10s           2025-06-27T17:14:28                      10
/home/airflow/.local/lib/python3.12/site-packages/airflow/example_dags/example_params_trigger_ui.py                                                         1           0  0.10s           2025-06-27T17:14:10                      10
/home/airflow/.local/lib/python3.12/site-packages/airflow/example_dags/tutorial_taskflow_templates.py                                                       1           0  0.10s           2025-06-27T17:14:12                      12
/home/airflow/.local/lib/python3.12/site-packages/airflow/example_dags/example_setup_teardown.py                                                            1           0  0.10s           2025-06-27T17:14:28                      10
/home/airflow/.local/lib/python3.12/site-packages/airflow/example_dags/example_branch_day_of_week_operator.py                                               1           0  0.10s           2025-06-27T17:14:14                      12
/home/airflow/.local/lib/python3.12/site-packages/airflow/example_dags/example_branch_labels.py                                                             1           0  0.10s           2025-06-27T17:14:28                      12
/home/airflow/.local/lib/python3.12/site-packages/airflow/example_dags/example_nested_branch_dag.py                                                         1           0  0.10s           2025-06-27T17:14:10                      12
/home/airflow/.local/lib/python3.12/site-packages/airflow/example_dags/example_complex.py                                                                   1           0  0.10s           2025-06-27T17:14:11                      10
/home/airflow/.local/lib/python3.12/site-packages/airflow/example_dags/example_skip_dag.py                                                                  1           0  0.09s           2025-06-27T17:14:13                      12
/home/airflow/.local/lib/python3.12/site-packages/airflow/example_dags/example_branch_python_dop_operator_3.py                                              1           0  0.09s           2025-06-27T17:14:14                      12
/home/airflow/.local/lib/python3.12/site-packages/airflow/example_dags/example_short_circuit_decorator.py                                                   1           0  0.09s           2025-06-27T17:14:28                      10
/home/airflow/.local/lib/python3.12/site-packages/airflow/example_dags/example_short_circuit_operator.py                                                    1           0  0.09s           2025-06-27T17:14:13                      10
/home/airflow/.local/lib/python3.12/site-packages/airflow/example_dags/example_xcomargs.py                                                                  2           0  0.09s           2025-06-27T17:14:11                      13
/home/airflow/.local/lib/python3.12/site-packages/airflow/example_dags/tutorial_objectstorage.py                                                            1           0  0.09s           2025-06-27T17:14:11                      10
/home/airflow/.local/lib/python3.12/site-packages/airflow/example_dags/tutorial_dag.py                                                                      1           0  0.09s           2025-06-27T17:14:29                      10
/home/airflow/.local/lib/python3.12/site-packages/airflow/example_dags/example_trigger_controller_dag.py                                                    1           0  0.09s           2025-06-27T17:14:11                      12
/home/airflow/.local/lib/python3.12/site-packages/airflow/example_dags/example_xcom.py                                                                      1           0  0.09s           2025-06-27T17:14:14                      12
/home/airflow/.local/lib/python3.12/site-packages/airflow/example_dags/example_local_kubernetes_executor.py                                                 1           0  0.09s           2025-06-27T17:14:28                      10
/home/airflow/.local/lib/python3.12/site-packages/airflow/example_dags/example_bash_decorator.py                                                            1           0  0.09s           2025-06-27T17:14:28                      10
/home/airflow/.local/lib/python3.12/site-packages/airflow/example_dags/example_task_group.py                                                                1           0  0.09s           2025-06-27T17:14:28                      10
/opt/airflow/dags/new_dag.py                                                                                                                                1           0  0.09s           2025-06-27T17:14:10                      10
/home/airflow/.local/lib/python3.12/site-packages/airflow/example_dags/example_task_group_decorator.py                                                      1           0  0.09s           2025-06-27T17:14:11                      10
/home/airflow/.local/lib/python3.12/site-packages/airflow/example_dags/example_latest_only.py                                                               1           0  0.09s           2025-06-27T17:14:10                      12
/home/airflow/.local/lib/python3.12/site-packages/airflow/example_dags/example_latest_only_with_trigger.py                                                  1           0  0.09s           2025-06-27T17:14:28                      12
/home/airflow/.local/lib/python3.12/site-packages/airflow/example_dags/example_sensor_decorator.py                                                          1           0  0.09s           2025-06-27T17:14:13                      10
/home/airflow/.local/lib/python3.12/site-packages/airflow/example_dags/tutorial.py                                                                          1           0  0.09s           2025-06-27T17:14:14                      12
/home/airflow/.local/lib/python3.12/site-packages/airflow/example_dags/example_dynamic_task_mapping.py                                                      1           0  0.09s           2025-06-27T17:14:14                      10
/home/airflow/.local/lib/python3.12/site-packages/airflow/example_dags/example_sensors.py                                                                   1           0  0.09s           2025-06-27T17:14:10                      10
/home/airflow/.local/lib/python3.12/site-packages/airflow/example_dags/example_python_decorator.py                                                          1           0  0.09s           2025-06-27T17:14:10                      10
/home/airflow/.local/lib/python3.12/site-packages/airflow/example_dags/example_python_operator.py                                                           1           0  0.09s           2025-06-27T17:14:14                      10
/home/airflow/.local/lib/python3.12/site-packages/airflow/example_dags/example_external_task_marker_dag.py                                                  2           0  0.09s           2025-06-27T17:14:10                      13
/home/airflow/.local/lib/python3.12/site-packages/airflow/example_dags/tutorial_taskflow_api_virtualenv.py                                                  1           0  0.08s           2025-06-27T17:14:12                      10
/home/airflow/.local/lib/python3.12/site-packages/airflow/example_dags/example_display_name.py                                                              1           0  0.08s           2025-06-27T17:14:13                      10
/home/airflow/.local/lib/python3.12/site-packages/airflow/example_dags/example_setup_teardown_taskflow.py                                                   1           0  0.08s           2025-06-27T17:14:14                      10
/home/airflow/.local/lib/python3.12/site-packages/airflow/example_dags/example_time_delta_sensor_async.py                                                   1           0  0.08s           2025-06-27T17:14:11                      10
/home/airflow/.local/lib/python3.12/site-packages/airflow/example_dags/tutorial_taskflow_api.py                                                             1           0  0.08s           2025-06-27T17:14:14                      10
/home/airflow/.local/lib/python3.12/site-packages/airflow/example_dags/example_trigger_target_dag.py                                                        1           0  0.08s           2025-06-27T17:14:14                      10
/home/airflow/.local/lib/python3.12/site-packages/airflow/example_dags/plugins/decreasing_priority_weight_strategy.py                                       0           0  0.05s           2025-06-27T17:14:29                       3
/home/airflow/.local/lib/python3.12/site-packages/airflow/example_dags/plugins/workday.py                                                                   0           0  0.05s           2025-06-27T17:14:29                       3
/home/airflow/.local/lib/python3.12/site-packages/airflow/example_dags/plugins/event_listener.py                                                            0           0  0.05s           2025-06-27T17:14:29                       3
/home/airflow/.local/lib/python3.12/site-packages/airflow/example_dags/subdags/subdag.py                                                                    0           0  0.04s           2025-06-27T17:14:29                       3
/home/airflow/.local/lib/python3.12/site-packages/airflow/example_dags/plugins/listener_plugin.py                                                           0           0  0.04s           2025-06-27T17:14:29                       3
================================================================================
