[2025-06-27T16:57:53.738+0000] {processor.py:186} INFO - Started process (PID=77) to work on /home/airflow/.local/lib/python3.12/site-packages/airflow/example_dags/example_datasets.py
[2025-06-27T16:57:53.739+0000] {processor.py:914} INFO - Processing file /home/airflow/.local/lib/python3.12/site-packages/airflow/example_dags/example_datasets.py for tasks to queue
[2025-06-27T16:57:53.742+0000] {logging_mixin.py:190} INFO - [2025-06-27T16:57:53.742+0000] {dagbag.py:588} INFO - Filling up the DagBag from /home/airflow/.local/lib/python3.12/site-packages/airflow/example_dags/example_datasets.py
[2025-06-27T16:57:54.413+0000] {processor.py:925} INFO - DAG(s) 'dataset_consumes_1_never_scheduled', 'conditional_dataset_and_time_based_timetable', 'consume_1_or_both_2_and_3_with_dataset_expressions', 'dataset_consumes_unknown_never_scheduled', 'dataset_consumes_1', 'dataset_produces_2', 'dataset_produces_1', 'consume_1_or_2_with_dataset_expressions', 'dataset_consumes_1_and_2', 'consume_1_and_2_with_dataset_expressions' retrieved from /home/airflow/.local/lib/python3.12/site-packages/airflow/example_dags/example_datasets.py
[2025-06-27T16:57:54.462+0000] {logging_mixin.py:190} INFO - [2025-06-27T16:57:54.462+0000] {dag.py:3239} INFO - Sync 10 DAGs
[2025-06-27T16:57:54.498+0000] {logging_mixin.py:190} INFO - [2025-06-27T16:57:54.498+0000] {dag.py:4180} INFO - Setting next_dagrun for conditional_dataset_and_time_based_timetable to 2025-06-25 01:00:00+00:00, run_after=2025-06-25 01:00:00+00:00
[2025-06-27T16:57:54.507+0000] {logging_mixin.py:190} INFO - [2025-06-27T16:57:54.507+0000] {dag.py:4180} INFO - Setting next_dagrun for consume_1_and_2_with_dataset_expressions to None, run_after=None
[2025-06-27T16:57:54.509+0000] {logging_mixin.py:190} INFO - [2025-06-27T16:57:54.509+0000] {dag.py:4180} INFO - Setting next_dagrun for consume_1_or_2_with_dataset_expressions to None, run_after=None
[2025-06-27T16:57:54.511+0000] {logging_mixin.py:190} INFO - [2025-06-27T16:57:54.511+0000] {dag.py:4180} INFO - Setting next_dagrun for consume_1_or_both_2_and_3_with_dataset_expressions to None, run_after=None
[2025-06-27T16:57:54.513+0000] {logging_mixin.py:190} INFO - [2025-06-27T16:57:54.513+0000] {dag.py:4180} INFO - Setting next_dagrun for dataset_consumes_1 to None, run_after=None
[2025-06-27T16:57:54.515+0000] {logging_mixin.py:190} INFO - [2025-06-27T16:57:54.515+0000] {dag.py:4180} INFO - Setting next_dagrun for dataset_consumes_1_and_2 to None, run_after=None
[2025-06-27T16:57:54.517+0000] {logging_mixin.py:190} INFO - [2025-06-27T16:57:54.517+0000] {dag.py:4180} INFO - Setting next_dagrun for dataset_consumes_1_never_scheduled to None, run_after=None
[2025-06-27T16:57:54.519+0000] {logging_mixin.py:190} INFO - [2025-06-27T16:57:54.519+0000] {dag.py:4180} INFO - Setting next_dagrun for dataset_consumes_unknown_never_scheduled to None, run_after=None
[2025-06-27T16:57:54.523+0000] {logging_mixin.py:190} INFO - [2025-06-27T16:57:54.523+0000] {dag.py:4180} INFO - Setting next_dagrun for dataset_produces_1 to 2025-06-26 00:00:00+00:00, run_after=2025-06-27 00:00:00+00:00
[2025-06-27T16:57:54.525+0000] {logging_mixin.py:190} INFO - [2025-06-27T16:57:54.525+0000] {dag.py:4180} INFO - Setting next_dagrun for dataset_produces_2 to None, run_after=None
[2025-06-27T16:57:54.588+0000] {processor.py:208} INFO - Processing /home/airflow/.local/lib/python3.12/site-packages/airflow/example_dags/example_datasets.py took 0.857 seconds
[2025-06-27T16:58:24.682+0000] {processor.py:186} INFO - Started process (PID=254) to work on /home/airflow/.local/lib/python3.12/site-packages/airflow/example_dags/example_datasets.py
[2025-06-27T16:58:24.683+0000] {processor.py:914} INFO - Processing file /home/airflow/.local/lib/python3.12/site-packages/airflow/example_dags/example_datasets.py for tasks to queue
[2025-06-27T16:58:24.685+0000] {logging_mixin.py:190} INFO - [2025-06-27T16:58:24.685+0000] {dagbag.py:588} INFO - Filling up the DagBag from /home/airflow/.local/lib/python3.12/site-packages/airflow/example_dags/example_datasets.py
[2025-06-27T16:58:25.310+0000] {processor.py:925} INFO - DAG(s) 'consume_1_or_2_with_dataset_expressions', 'consume_1_or_both_2_and_3_with_dataset_expressions', 'dataset_consumes_1_and_2', 'dataset_consumes_1_never_scheduled', 'dataset_consumes_unknown_never_scheduled', 'dataset_produces_1', 'dataset_produces_2', 'consume_1_and_2_with_dataset_expressions', 'conditional_dataset_and_time_based_timetable', 'dataset_consumes_1' retrieved from /home/airflow/.local/lib/python3.12/site-packages/airflow/example_dags/example_datasets.py
[2025-06-27T16:58:25.351+0000] {logging_mixin.py:190} INFO - [2025-06-27T16:58:25.350+0000] {dag.py:3239} INFO - Sync 10 DAGs
[2025-06-27T16:58:25.377+0000] {logging_mixin.py:190} INFO - [2025-06-27T16:58:25.377+0000] {dag.py:4180} INFO - Setting next_dagrun for conditional_dataset_and_time_based_timetable to 2025-07-02 01:00:00+00:00, run_after=2025-07-02 01:00:00+00:00
[2025-06-27T16:58:25.382+0000] {logging_mixin.py:190} INFO - [2025-06-27T16:58:25.381+0000] {dag.py:4180} INFO - Setting next_dagrun for consume_1_and_2_with_dataset_expressions to None, run_after=None
[2025-06-27T16:58:25.383+0000] {logging_mixin.py:190} INFO - [2025-06-27T16:58:25.383+0000] {dag.py:4180} INFO - Setting next_dagrun for consume_1_or_2_with_dataset_expressions to None, run_after=None
[2025-06-27T16:58:25.385+0000] {logging_mixin.py:190} INFO - [2025-06-27T16:58:25.385+0000] {dag.py:4180} INFO - Setting next_dagrun for consume_1_or_both_2_and_3_with_dataset_expressions to None, run_after=None
[2025-06-27T16:58:25.386+0000] {logging_mixin.py:190} INFO - [2025-06-27T16:58:25.386+0000] {dag.py:4180} INFO - Setting next_dagrun for dataset_consumes_1 to None, run_after=None
[2025-06-27T16:58:25.388+0000] {logging_mixin.py:190} INFO - [2025-06-27T16:58:25.388+0000] {dag.py:4180} INFO - Setting next_dagrun for dataset_consumes_1_and_2 to None, run_after=None
[2025-06-27T16:58:25.389+0000] {logging_mixin.py:190} INFO - [2025-06-27T16:58:25.389+0000] {dag.py:4180} INFO - Setting next_dagrun for dataset_consumes_1_never_scheduled to None, run_after=None
[2025-06-27T16:58:25.391+0000] {logging_mixin.py:190} INFO - [2025-06-27T16:58:25.391+0000] {dag.py:4180} INFO - Setting next_dagrun for dataset_consumes_unknown_never_scheduled to None, run_after=None
[2025-06-27T16:58:25.394+0000] {logging_mixin.py:190} INFO - [2025-06-27T16:58:25.394+0000] {dag.py:4180} INFO - Setting next_dagrun for dataset_produces_1 to 2025-06-27 00:00:00+00:00, run_after=2025-06-28 00:00:00+00:00
[2025-06-27T16:58:25.396+0000] {logging_mixin.py:190} INFO - [2025-06-27T16:58:25.396+0000] {dag.py:4180} INFO - Setting next_dagrun for dataset_produces_2 to None, run_after=None
[2025-06-27T16:58:25.434+0000] {processor.py:208} INFO - Processing /home/airflow/.local/lib/python3.12/site-packages/airflow/example_dags/example_datasets.py took 0.758 seconds
[2025-06-27T16:58:55.540+0000] {processor.py:186} INFO - Started process (PID=342) to work on /home/airflow/.local/lib/python3.12/site-packages/airflow/example_dags/example_datasets.py
[2025-06-27T16:58:55.541+0000] {processor.py:914} INFO - Processing file /home/airflow/.local/lib/python3.12/site-packages/airflow/example_dags/example_datasets.py for tasks to queue
[2025-06-27T16:58:55.543+0000] {logging_mixin.py:190} INFO - [2025-06-27T16:58:55.543+0000] {dagbag.py:588} INFO - Filling up the DagBag from /home/airflow/.local/lib/python3.12/site-packages/airflow/example_dags/example_datasets.py
[2025-06-27T16:58:56.041+0000] {processor.py:925} INFO - DAG(s) 'dataset_consumes_1_and_2', 'consume_1_or_both_2_and_3_with_dataset_expressions', 'conditional_dataset_and_time_based_timetable', 'dataset_consumes_1', 'dataset_consumes_unknown_never_scheduled', 'dataset_produces_2', 'consume_1_or_2_with_dataset_expressions', 'dataset_consumes_1_never_scheduled', 'dataset_produces_1', 'consume_1_and_2_with_dataset_expressions' retrieved from /home/airflow/.local/lib/python3.12/site-packages/airflow/example_dags/example_datasets.py
[2025-06-27T16:58:56.073+0000] {logging_mixin.py:190} INFO - [2025-06-27T16:58:56.073+0000] {dag.py:3239} INFO - Sync 10 DAGs
[2025-06-27T16:58:56.095+0000] {logging_mixin.py:190} INFO - [2025-06-27T16:58:56.095+0000] {dag.py:4180} INFO - Setting next_dagrun for conditional_dataset_and_time_based_timetable to 2025-07-02 01:00:00+00:00, run_after=2025-07-02 01:00:00+00:00
[2025-06-27T16:58:56.099+0000] {logging_mixin.py:190} INFO - [2025-06-27T16:58:56.099+0000] {dag.py:4180} INFO - Setting next_dagrun for consume_1_and_2_with_dataset_expressions to None, run_after=None
[2025-06-27T16:58:56.100+0000] {logging_mixin.py:190} INFO - [2025-06-27T16:58:56.100+0000] {dag.py:4180} INFO - Setting next_dagrun for consume_1_or_2_with_dataset_expressions to None, run_after=None
[2025-06-27T16:58:56.101+0000] {logging_mixin.py:190} INFO - [2025-06-27T16:58:56.101+0000] {dag.py:4180} INFO - Setting next_dagrun for consume_1_or_both_2_and_3_with_dataset_expressions to None, run_after=None
[2025-06-27T16:58:56.102+0000] {logging_mixin.py:190} INFO - [2025-06-27T16:58:56.102+0000] {dag.py:4180} INFO - Setting next_dagrun for dataset_consumes_1 to None, run_after=None
[2025-06-27T16:58:56.104+0000] {logging_mixin.py:190} INFO - [2025-06-27T16:58:56.103+0000] {dag.py:4180} INFO - Setting next_dagrun for dataset_consumes_1_and_2 to None, run_after=None
[2025-06-27T16:58:56.105+0000] {logging_mixin.py:190} INFO - [2025-06-27T16:58:56.105+0000] {dag.py:4180} INFO - Setting next_dagrun for dataset_consumes_1_never_scheduled to None, run_after=None
[2025-06-27T16:58:56.106+0000] {logging_mixin.py:190} INFO - [2025-06-27T16:58:56.106+0000] {dag.py:4180} INFO - Setting next_dagrun for dataset_consumes_unknown_never_scheduled to None, run_after=None
[2025-06-27T16:58:56.109+0000] {logging_mixin.py:190} INFO - [2025-06-27T16:58:56.108+0000] {dag.py:4180} INFO - Setting next_dagrun for dataset_produces_1 to 2025-06-27 00:00:00+00:00, run_after=2025-06-28 00:00:00+00:00
[2025-06-27T16:58:56.110+0000] {logging_mixin.py:190} INFO - [2025-06-27T16:58:56.109+0000] {dag.py:4180} INFO - Setting next_dagrun for dataset_produces_2 to None, run_after=None
[2025-06-27T16:58:56.136+0000] {processor.py:208} INFO - Processing /home/airflow/.local/lib/python3.12/site-packages/airflow/example_dags/example_datasets.py took 0.601 seconds
[2025-06-27T16:59:26.478+0000] {processor.py:186} INFO - Started process (PID=415) to work on /home/airflow/.local/lib/python3.12/site-packages/airflow/example_dags/example_datasets.py
[2025-06-27T16:59:26.479+0000] {processor.py:914} INFO - Processing file /home/airflow/.local/lib/python3.12/site-packages/airflow/example_dags/example_datasets.py for tasks to queue
[2025-06-27T16:59:26.481+0000] {logging_mixin.py:190} INFO - [2025-06-27T16:59:26.481+0000] {dagbag.py:588} INFO - Filling up the DagBag from /home/airflow/.local/lib/python3.12/site-packages/airflow/example_dags/example_datasets.py
[2025-06-27T16:59:26.972+0000] {processor.py:925} INFO - DAG(s) 'dataset_consumes_1', 'dataset_consumes_1_and_2', 'dataset_consumes_unknown_never_scheduled', 'conditional_dataset_and_time_based_timetable', 'dataset_produces_2', 'consume_1_and_2_with_dataset_expressions', 'consume_1_or_2_with_dataset_expressions', 'dataset_consumes_1_never_scheduled', 'consume_1_or_both_2_and_3_with_dataset_expressions', 'dataset_produces_1' retrieved from /home/airflow/.local/lib/python3.12/site-packages/airflow/example_dags/example_datasets.py
[2025-06-27T16:59:27.005+0000] {logging_mixin.py:190} INFO - [2025-06-27T16:59:27.005+0000] {dag.py:3239} INFO - Sync 10 DAGs
[2025-06-27T16:59:27.028+0000] {logging_mixin.py:190} INFO - [2025-06-27T16:59:27.028+0000] {dag.py:4180} INFO - Setting next_dagrun for conditional_dataset_and_time_based_timetable to 2025-07-02 01:00:00+00:00, run_after=2025-07-02 01:00:00+00:00
[2025-06-27T16:59:27.031+0000] {logging_mixin.py:190} INFO - [2025-06-27T16:59:27.031+0000] {dag.py:4180} INFO - Setting next_dagrun for consume_1_and_2_with_dataset_expressions to None, run_after=None
[2025-06-27T16:59:27.032+0000] {logging_mixin.py:190} INFO - [2025-06-27T16:59:27.032+0000] {dag.py:4180} INFO - Setting next_dagrun for consume_1_or_2_with_dataset_expressions to None, run_after=None
[2025-06-27T16:59:27.034+0000] {logging_mixin.py:190} INFO - [2025-06-27T16:59:27.033+0000] {dag.py:4180} INFO - Setting next_dagrun for consume_1_or_both_2_and_3_with_dataset_expressions to None, run_after=None
[2025-06-27T16:59:27.035+0000] {logging_mixin.py:190} INFO - [2025-06-27T16:59:27.035+0000] {dag.py:4180} INFO - Setting next_dagrun for dataset_consumes_1 to None, run_after=None
[2025-06-27T16:59:27.036+0000] {logging_mixin.py:190} INFO - [2025-06-27T16:59:27.036+0000] {dag.py:4180} INFO - Setting next_dagrun for dataset_consumes_1_and_2 to None, run_after=None
[2025-06-27T16:59:27.037+0000] {logging_mixin.py:190} INFO - [2025-06-27T16:59:27.037+0000] {dag.py:4180} INFO - Setting next_dagrun for dataset_consumes_1_never_scheduled to None, run_after=None
[2025-06-27T16:59:27.038+0000] {logging_mixin.py:190} INFO - [2025-06-27T16:59:27.038+0000] {dag.py:4180} INFO - Setting next_dagrun for dataset_consumes_unknown_never_scheduled to None, run_after=None
[2025-06-27T16:59:27.040+0000] {logging_mixin.py:190} INFO - [2025-06-27T16:59:27.040+0000] {dag.py:4180} INFO - Setting next_dagrun for dataset_produces_1 to 2025-06-27 00:00:00+00:00, run_after=2025-06-28 00:00:00+00:00
[2025-06-27T16:59:27.041+0000] {logging_mixin.py:190} INFO - [2025-06-27T16:59:27.041+0000] {dag.py:4180} INFO - Setting next_dagrun for dataset_produces_2 to None, run_after=None
[2025-06-27T16:59:27.069+0000] {processor.py:208} INFO - Processing /home/airflow/.local/lib/python3.12/site-packages/airflow/example_dags/example_datasets.py took 0.597 seconds
[2025-06-27T16:59:57.120+0000] {processor.py:186} INFO - Started process (PID=482) to work on /home/airflow/.local/lib/python3.12/site-packages/airflow/example_dags/example_datasets.py
[2025-06-27T16:59:57.121+0000] {processor.py:914} INFO - Processing file /home/airflow/.local/lib/python3.12/site-packages/airflow/example_dags/example_datasets.py for tasks to queue
[2025-06-27T16:59:57.123+0000] {logging_mixin.py:190} INFO - [2025-06-27T16:59:57.123+0000] {dagbag.py:588} INFO - Filling up the DagBag from /home/airflow/.local/lib/python3.12/site-packages/airflow/example_dags/example_datasets.py
[2025-06-27T16:59:57.634+0000] {processor.py:925} INFO - DAG(s) 'consume_1_or_2_with_dataset_expressions', 'conditional_dataset_and_time_based_timetable', 'consume_1_or_both_2_and_3_with_dataset_expressions', 'dataset_consumes_unknown_never_scheduled', 'dataset_consumes_1', 'dataset_consumes_1_and_2', 'dataset_produces_2', 'consume_1_and_2_with_dataset_expressions', 'dataset_consumes_1_never_scheduled', 'dataset_produces_1' retrieved from /home/airflow/.local/lib/python3.12/site-packages/airflow/example_dags/example_datasets.py
[2025-06-27T16:59:57.668+0000] {logging_mixin.py:190} INFO - [2025-06-27T16:59:57.667+0000] {dag.py:3239} INFO - Sync 10 DAGs
[2025-06-27T16:59:57.690+0000] {logging_mixin.py:190} INFO - [2025-06-27T16:59:57.690+0000] {dag.py:4180} INFO - Setting next_dagrun for conditional_dataset_and_time_based_timetable to 2025-07-02 01:00:00+00:00, run_after=2025-07-02 01:00:00+00:00
[2025-06-27T16:59:57.694+0000] {logging_mixin.py:190} INFO - [2025-06-27T16:59:57.693+0000] {dag.py:4180} INFO - Setting next_dagrun for consume_1_and_2_with_dataset_expressions to None, run_after=None
[2025-06-27T16:59:57.695+0000] {logging_mixin.py:190} INFO - [2025-06-27T16:59:57.695+0000] {dag.py:4180} INFO - Setting next_dagrun for consume_1_or_2_with_dataset_expressions to None, run_after=None
[2025-06-27T16:59:57.696+0000] {logging_mixin.py:190} INFO - [2025-06-27T16:59:57.696+0000] {dag.py:4180} INFO - Setting next_dagrun for consume_1_or_both_2_and_3_with_dataset_expressions to None, run_after=None
[2025-06-27T16:59:57.697+0000] {logging_mixin.py:190} INFO - [2025-06-27T16:59:57.697+0000] {dag.py:4180} INFO - Setting next_dagrun for dataset_consumes_1 to None, run_after=None
[2025-06-27T16:59:57.698+0000] {logging_mixin.py:190} INFO - [2025-06-27T16:59:57.698+0000] {dag.py:4180} INFO - Setting next_dagrun for dataset_consumes_1_and_2 to None, run_after=None
[2025-06-27T16:59:57.699+0000] {logging_mixin.py:190} INFO - [2025-06-27T16:59:57.699+0000] {dag.py:4180} INFO - Setting next_dagrun for dataset_consumes_1_never_scheduled to None, run_after=None
[2025-06-27T16:59:57.700+0000] {logging_mixin.py:190} INFO - [2025-06-27T16:59:57.700+0000] {dag.py:4180} INFO - Setting next_dagrun for dataset_consumes_unknown_never_scheduled to None, run_after=None
[2025-06-27T16:59:57.703+0000] {logging_mixin.py:190} INFO - [2025-06-27T16:59:57.702+0000] {dag.py:4180} INFO - Setting next_dagrun for dataset_produces_1 to 2025-06-27 00:00:00+00:00, run_after=2025-06-28 00:00:00+00:00
[2025-06-27T16:59:57.704+0000] {logging_mixin.py:190} INFO - [2025-06-27T16:59:57.704+0000] {dag.py:4180} INFO - Setting next_dagrun for dataset_produces_2 to None, run_after=None
[2025-06-27T16:59:57.733+0000] {processor.py:208} INFO - Processing /home/airflow/.local/lib/python3.12/site-packages/airflow/example_dags/example_datasets.py took 0.618 seconds
[2025-06-27T17:00:28.009+0000] {processor.py:186} INFO - Started process (PID=558) to work on /home/airflow/.local/lib/python3.12/site-packages/airflow/example_dags/example_datasets.py
[2025-06-27T17:00:28.010+0000] {processor.py:914} INFO - Processing file /home/airflow/.local/lib/python3.12/site-packages/airflow/example_dags/example_datasets.py for tasks to queue
[2025-06-27T17:00:28.012+0000] {logging_mixin.py:190} INFO - [2025-06-27T17:00:28.012+0000] {dagbag.py:588} INFO - Filling up the DagBag from /home/airflow/.local/lib/python3.12/site-packages/airflow/example_dags/example_datasets.py
[2025-06-27T17:00:28.559+0000] {processor.py:925} INFO - DAG(s) 'conditional_dataset_and_time_based_timetable', 'dataset_consumes_1', 'dataset_consumes_unknown_never_scheduled', 'consume_1_or_2_with_dataset_expressions', 'dataset_produces_1', 'dataset_consumes_1_never_scheduled', 'dataset_consumes_1_and_2', 'consume_1_and_2_with_dataset_expressions', 'dataset_produces_2', 'consume_1_or_both_2_and_3_with_dataset_expressions' retrieved from /home/airflow/.local/lib/python3.12/site-packages/airflow/example_dags/example_datasets.py
[2025-06-27T17:00:28.595+0000] {logging_mixin.py:190} INFO - [2025-06-27T17:00:28.595+0000] {dag.py:3239} INFO - Sync 10 DAGs
[2025-06-27T17:00:28.615+0000] {logging_mixin.py:190} INFO - [2025-06-27T17:00:28.615+0000] {dag.py:4180} INFO - Setting next_dagrun for conditional_dataset_and_time_based_timetable to 2025-07-02 01:00:00+00:00, run_after=2025-07-02 01:00:00+00:00
[2025-06-27T17:00:28.620+0000] {logging_mixin.py:190} INFO - [2025-06-27T17:00:28.620+0000] {dag.py:4180} INFO - Setting next_dagrun for consume_1_and_2_with_dataset_expressions to None, run_after=None
[2025-06-27T17:00:28.621+0000] {logging_mixin.py:190} INFO - [2025-06-27T17:00:28.621+0000] {dag.py:4180} INFO - Setting next_dagrun for consume_1_or_2_with_dataset_expressions to None, run_after=None
[2025-06-27T17:00:28.622+0000] {logging_mixin.py:190} INFO - [2025-06-27T17:00:28.622+0000] {dag.py:4180} INFO - Setting next_dagrun for consume_1_or_both_2_and_3_with_dataset_expressions to None, run_after=None
[2025-06-27T17:00:28.623+0000] {logging_mixin.py:190} INFO - [2025-06-27T17:00:28.623+0000] {dag.py:4180} INFO - Setting next_dagrun for dataset_consumes_1 to None, run_after=None
[2025-06-27T17:00:28.625+0000] {logging_mixin.py:190} INFO - [2025-06-27T17:00:28.624+0000] {dag.py:4180} INFO - Setting next_dagrun for dataset_consumes_1_and_2 to None, run_after=None
[2025-06-27T17:00:28.626+0000] {logging_mixin.py:190} INFO - [2025-06-27T17:00:28.626+0000] {dag.py:4180} INFO - Setting next_dagrun for dataset_consumes_1_never_scheduled to None, run_after=None
[2025-06-27T17:00:28.627+0000] {logging_mixin.py:190} INFO - [2025-06-27T17:00:28.627+0000] {dag.py:4180} INFO - Setting next_dagrun for dataset_consumes_unknown_never_scheduled to None, run_after=None
[2025-06-27T17:00:28.629+0000] {logging_mixin.py:190} INFO - [2025-06-27T17:00:28.629+0000] {dag.py:4180} INFO - Setting next_dagrun for dataset_produces_1 to 2025-06-27 00:00:00+00:00, run_after=2025-06-28 00:00:00+00:00
[2025-06-27T17:00:28.630+0000] {logging_mixin.py:190} INFO - [2025-06-27T17:00:28.630+0000] {dag.py:4180} INFO - Setting next_dagrun for dataset_produces_2 to None, run_after=None
[2025-06-27T17:00:28.657+0000] {processor.py:208} INFO - Processing /home/airflow/.local/lib/python3.12/site-packages/airflow/example_dags/example_datasets.py took 0.654 seconds
[2025-06-27T17:00:59.646+0000] {processor.py:186} INFO - Started process (PID=627) to work on /home/airflow/.local/lib/python3.12/site-packages/airflow/example_dags/example_datasets.py
[2025-06-27T17:00:59.648+0000] {processor.py:914} INFO - Processing file /home/airflow/.local/lib/python3.12/site-packages/airflow/example_dags/example_datasets.py for tasks to queue
[2025-06-27T17:00:59.651+0000] {logging_mixin.py:190} INFO - [2025-06-27T17:00:59.651+0000] {dagbag.py:588} INFO - Filling up the DagBag from /home/airflow/.local/lib/python3.12/site-packages/airflow/example_dags/example_datasets.py
[2025-06-27T17:01:00.285+0000] {processor.py:925} INFO - DAG(s) 'dataset_produces_1', 'consume_1_or_both_2_and_3_with_dataset_expressions', 'consume_1_or_2_with_dataset_expressions', 'consume_1_and_2_with_dataset_expressions', 'dataset_produces_2', 'dataset_consumes_1', 'dataset_consumes_unknown_never_scheduled', 'dataset_consumes_1_and_2', 'conditional_dataset_and_time_based_timetable', 'dataset_consumes_1_never_scheduled' retrieved from /home/airflow/.local/lib/python3.12/site-packages/airflow/example_dags/example_datasets.py
[2025-06-27T17:01:00.332+0000] {logging_mixin.py:190} INFO - [2025-06-27T17:01:00.332+0000] {dag.py:3239} INFO - Sync 10 DAGs
[2025-06-27T17:01:00.368+0000] {logging_mixin.py:190} INFO - [2025-06-27T17:01:00.368+0000] {dag.py:4180} INFO - Setting next_dagrun for conditional_dataset_and_time_based_timetable to 2025-07-02 01:00:00+00:00, run_after=2025-07-02 01:00:00+00:00
[2025-06-27T17:01:00.373+0000] {logging_mixin.py:190} INFO - [2025-06-27T17:01:00.373+0000] {dag.py:4180} INFO - Setting next_dagrun for consume_1_and_2_with_dataset_expressions to None, run_after=None
[2025-06-27T17:01:00.375+0000] {logging_mixin.py:190} INFO - [2025-06-27T17:01:00.375+0000] {dag.py:4180} INFO - Setting next_dagrun for consume_1_or_2_with_dataset_expressions to None, run_after=None
[2025-06-27T17:01:00.377+0000] {logging_mixin.py:190} INFO - [2025-06-27T17:01:00.376+0000] {dag.py:4180} INFO - Setting next_dagrun for consume_1_or_both_2_and_3_with_dataset_expressions to None, run_after=None
[2025-06-27T17:01:00.378+0000] {logging_mixin.py:190} INFO - [2025-06-27T17:01:00.378+0000] {dag.py:4180} INFO - Setting next_dagrun for dataset_consumes_1 to None, run_after=None
[2025-06-27T17:01:00.380+0000] {logging_mixin.py:190} INFO - [2025-06-27T17:01:00.380+0000] {dag.py:4180} INFO - Setting next_dagrun for dataset_consumes_1_and_2 to None, run_after=None
[2025-06-27T17:01:00.382+0000] {logging_mixin.py:190} INFO - [2025-06-27T17:01:00.381+0000] {dag.py:4180} INFO - Setting next_dagrun for dataset_consumes_1_never_scheduled to None, run_after=None
[2025-06-27T17:01:00.383+0000] {logging_mixin.py:190} INFO - [2025-06-27T17:01:00.383+0000] {dag.py:4180} INFO - Setting next_dagrun for dataset_consumes_unknown_never_scheduled to None, run_after=None
[2025-06-27T17:01:00.387+0000] {logging_mixin.py:190} INFO - [2025-06-27T17:01:00.387+0000] {dag.py:4180} INFO - Setting next_dagrun for dataset_produces_1 to 2025-06-27 00:00:00+00:00, run_after=2025-06-28 00:00:00+00:00
[2025-06-27T17:01:00.389+0000] {logging_mixin.py:190} INFO - [2025-06-27T17:01:00.389+0000] {dag.py:4180} INFO - Setting next_dagrun for dataset_produces_2 to None, run_after=None
[2025-06-27T17:01:00.435+0000] {processor.py:208} INFO - Processing /home/airflow/.local/lib/python3.12/site-packages/airflow/example_dags/example_datasets.py took 0.799 seconds
[2025-06-27T17:01:32.208+0000] {processor.py:186} INFO - Started process (PID=692) to work on /home/airflow/.local/lib/python3.12/site-packages/airflow/example_dags/example_datasets.py
[2025-06-27T17:01:32.209+0000] {processor.py:914} INFO - Processing file /home/airflow/.local/lib/python3.12/site-packages/airflow/example_dags/example_datasets.py for tasks to queue
[2025-06-27T17:01:32.212+0000] {logging_mixin.py:190} INFO - [2025-06-27T17:01:32.211+0000] {dagbag.py:588} INFO - Filling up the DagBag from /home/airflow/.local/lib/python3.12/site-packages/airflow/example_dags/example_datasets.py
[2025-06-27T17:01:32.748+0000] {processor.py:925} INFO - DAG(s) 'dataset_produces_1', 'consume_1_and_2_with_dataset_expressions', 'dataset_consumes_1_never_scheduled', 'consume_1_or_2_with_dataset_expressions', 'consume_1_or_both_2_and_3_with_dataset_expressions', 'conditional_dataset_and_time_based_timetable', 'dataset_consumes_1', 'dataset_consumes_unknown_never_scheduled', 'dataset_produces_2', 'dataset_consumes_1_and_2' retrieved from /home/airflow/.local/lib/python3.12/site-packages/airflow/example_dags/example_datasets.py
[2025-06-27T17:01:32.782+0000] {logging_mixin.py:190} INFO - [2025-06-27T17:01:32.782+0000] {dag.py:3239} INFO - Sync 10 DAGs
[2025-06-27T17:01:32.805+0000] {logging_mixin.py:190} INFO - [2025-06-27T17:01:32.804+0000] {dag.py:4180} INFO - Setting next_dagrun for conditional_dataset_and_time_based_timetable to 2025-07-02 01:00:00+00:00, run_after=2025-07-02 01:00:00+00:00
[2025-06-27T17:01:32.808+0000] {logging_mixin.py:190} INFO - [2025-06-27T17:01:32.808+0000] {dag.py:4180} INFO - Setting next_dagrun for consume_1_and_2_with_dataset_expressions to None, run_after=None
[2025-06-27T17:01:32.809+0000] {logging_mixin.py:190} INFO - [2025-06-27T17:01:32.809+0000] {dag.py:4180} INFO - Setting next_dagrun for consume_1_or_2_with_dataset_expressions to None, run_after=None
[2025-06-27T17:01:32.811+0000] {logging_mixin.py:190} INFO - [2025-06-27T17:01:32.810+0000] {dag.py:4180} INFO - Setting next_dagrun for consume_1_or_both_2_and_3_with_dataset_expressions to None, run_after=None
[2025-06-27T17:01:32.812+0000] {logging_mixin.py:190} INFO - [2025-06-27T17:01:32.812+0000] {dag.py:4180} INFO - Setting next_dagrun for dataset_consumes_1 to None, run_after=None
[2025-06-27T17:01:32.813+0000] {logging_mixin.py:190} INFO - [2025-06-27T17:01:32.813+0000] {dag.py:4180} INFO - Setting next_dagrun for dataset_consumes_1_and_2 to None, run_after=None
[2025-06-27T17:01:32.814+0000] {logging_mixin.py:190} INFO - [2025-06-27T17:01:32.814+0000] {dag.py:4180} INFO - Setting next_dagrun for dataset_consumes_1_never_scheduled to None, run_after=None
[2025-06-27T17:01:32.815+0000] {logging_mixin.py:190} INFO - [2025-06-27T17:01:32.815+0000] {dag.py:4180} INFO - Setting next_dagrun for dataset_consumes_unknown_never_scheduled to None, run_after=None
[2025-06-27T17:01:32.817+0000] {logging_mixin.py:190} INFO - [2025-06-27T17:01:32.817+0000] {dag.py:4180} INFO - Setting next_dagrun for dataset_produces_1 to 2025-06-27 00:00:00+00:00, run_after=2025-06-28 00:00:00+00:00
[2025-06-27T17:01:32.819+0000] {logging_mixin.py:190} INFO - [2025-06-27T17:01:32.819+0000] {dag.py:4180} INFO - Setting next_dagrun for dataset_produces_2 to None, run_after=None
[2025-06-27T17:01:32.855+0000] {processor.py:208} INFO - Processing /home/airflow/.local/lib/python3.12/site-packages/airflow/example_dags/example_datasets.py took 0.652 seconds
[2025-06-27T17:02:03.825+0000] {processor.py:186} INFO - Started process (PID=762) to work on /home/airflow/.local/lib/python3.12/site-packages/airflow/example_dags/example_datasets.py
[2025-06-27T17:02:03.826+0000] {processor.py:914} INFO - Processing file /home/airflow/.local/lib/python3.12/site-packages/airflow/example_dags/example_datasets.py for tasks to queue
[2025-06-27T17:02:03.828+0000] {logging_mixin.py:190} INFO - [2025-06-27T17:02:03.828+0000] {dagbag.py:588} INFO - Filling up the DagBag from /home/airflow/.local/lib/python3.12/site-packages/airflow/example_dags/example_datasets.py
[2025-06-27T17:02:04.345+0000] {processor.py:925} INFO - DAG(s) 'dataset_consumes_unknown_never_scheduled', 'dataset_produces_2', 'consume_1_or_both_2_and_3_with_dataset_expressions', 'consume_1_or_2_with_dataset_expressions', 'dataset_consumes_1', 'dataset_consumes_1_and_2', 'consume_1_and_2_with_dataset_expressions', 'conditional_dataset_and_time_based_timetable', 'dataset_produces_1', 'dataset_consumes_1_never_scheduled' retrieved from /home/airflow/.local/lib/python3.12/site-packages/airflow/example_dags/example_datasets.py
[2025-06-27T17:02:04.378+0000] {logging_mixin.py:190} INFO - [2025-06-27T17:02:04.378+0000] {dag.py:3239} INFO - Sync 10 DAGs
[2025-06-27T17:02:04.403+0000] {logging_mixin.py:190} INFO - [2025-06-27T17:02:04.403+0000] {dag.py:4180} INFO - Setting next_dagrun for conditional_dataset_and_time_based_timetable to 2025-07-02 01:00:00+00:00, run_after=2025-07-02 01:00:00+00:00
[2025-06-27T17:02:04.406+0000] {logging_mixin.py:190} INFO - [2025-06-27T17:02:04.406+0000] {dag.py:4180} INFO - Setting next_dagrun for consume_1_and_2_with_dataset_expressions to None, run_after=None
[2025-06-27T17:02:04.408+0000] {logging_mixin.py:190} INFO - [2025-06-27T17:02:04.407+0000] {dag.py:4180} INFO - Setting next_dagrun for consume_1_or_2_with_dataset_expressions to None, run_after=None
[2025-06-27T17:02:04.409+0000] {logging_mixin.py:190} INFO - [2025-06-27T17:02:04.408+0000] {dag.py:4180} INFO - Setting next_dagrun for consume_1_or_both_2_and_3_with_dataset_expressions to None, run_after=None
[2025-06-27T17:02:04.410+0000] {logging_mixin.py:190} INFO - [2025-06-27T17:02:04.409+0000] {dag.py:4180} INFO - Setting next_dagrun for dataset_consumes_1 to None, run_after=None
[2025-06-27T17:02:04.411+0000] {logging_mixin.py:190} INFO - [2025-06-27T17:02:04.410+0000] {dag.py:4180} INFO - Setting next_dagrun for dataset_consumes_1_and_2 to None, run_after=None
[2025-06-27T17:02:04.412+0000] {logging_mixin.py:190} INFO - [2025-06-27T17:02:04.411+0000] {dag.py:4180} INFO - Setting next_dagrun for dataset_consumes_1_never_scheduled to None, run_after=None
[2025-06-27T17:02:04.413+0000] {logging_mixin.py:190} INFO - [2025-06-27T17:02:04.412+0000] {dag.py:4180} INFO - Setting next_dagrun for dataset_consumes_unknown_never_scheduled to None, run_after=None
[2025-06-27T17:02:04.415+0000] {logging_mixin.py:190} INFO - [2025-06-27T17:02:04.415+0000] {dag.py:4180} INFO - Setting next_dagrun for dataset_produces_1 to 2025-06-27 00:00:00+00:00, run_after=2025-06-28 00:00:00+00:00
[2025-06-27T17:02:04.416+0000] {logging_mixin.py:190} INFO - [2025-06-27T17:02:04.416+0000] {dag.py:4180} INFO - Setting next_dagrun for dataset_produces_2 to None, run_after=None
[2025-06-27T17:02:04.442+0000] {processor.py:208} INFO - Processing /home/airflow/.local/lib/python3.12/site-packages/airflow/example_dags/example_datasets.py took 0.622 seconds
[2025-06-27T17:02:34.482+0000] {processor.py:186} INFO - Started process (PID=832) to work on /home/airflow/.local/lib/python3.12/site-packages/airflow/example_dags/example_datasets.py
[2025-06-27T17:02:34.483+0000] {processor.py:914} INFO - Processing file /home/airflow/.local/lib/python3.12/site-packages/airflow/example_dags/example_datasets.py for tasks to queue
[2025-06-27T17:02:34.487+0000] {logging_mixin.py:190} INFO - [2025-06-27T17:02:34.486+0000] {dagbag.py:588} INFO - Filling up the DagBag from /home/airflow/.local/lib/python3.12/site-packages/airflow/example_dags/example_datasets.py
[2025-06-27T17:02:34.960+0000] {processor.py:925} INFO - DAG(s) 'dataset_produces_2', 'dataset_consumes_unknown_never_scheduled', 'consume_1_or_2_with_dataset_expressions', 'conditional_dataset_and_time_based_timetable', 'dataset_consumes_1_and_2', 'dataset_consumes_1', 'consume_1_or_both_2_and_3_with_dataset_expressions', 'dataset_produces_1', 'dataset_consumes_1_never_scheduled', 'consume_1_and_2_with_dataset_expressions' retrieved from /home/airflow/.local/lib/python3.12/site-packages/airflow/example_dags/example_datasets.py
[2025-06-27T17:02:35.004+0000] {logging_mixin.py:190} INFO - [2025-06-27T17:02:35.003+0000] {dag.py:3239} INFO - Sync 10 DAGs
[2025-06-27T17:02:35.037+0000] {logging_mixin.py:190} INFO - [2025-06-27T17:02:35.036+0000] {dag.py:4180} INFO - Setting next_dagrun for conditional_dataset_and_time_based_timetable to 2025-07-02 01:00:00+00:00, run_after=2025-07-02 01:00:00+00:00
[2025-06-27T17:02:35.041+0000] {logging_mixin.py:190} INFO - [2025-06-27T17:02:35.041+0000] {dag.py:4180} INFO - Setting next_dagrun for consume_1_and_2_with_dataset_expressions to None, run_after=None
[2025-06-27T17:02:35.043+0000] {logging_mixin.py:190} INFO - [2025-06-27T17:02:35.042+0000] {dag.py:4180} INFO - Setting next_dagrun for consume_1_or_2_with_dataset_expressions to None, run_after=None
[2025-06-27T17:02:35.044+0000] {logging_mixin.py:190} INFO - [2025-06-27T17:02:35.044+0000] {dag.py:4180} INFO - Setting next_dagrun for consume_1_or_both_2_and_3_with_dataset_expressions to None, run_after=None
[2025-06-27T17:02:35.045+0000] {logging_mixin.py:190} INFO - [2025-06-27T17:02:35.045+0000] {dag.py:4180} INFO - Setting next_dagrun for dataset_consumes_1 to None, run_after=None
[2025-06-27T17:02:35.047+0000] {logging_mixin.py:190} INFO - [2025-06-27T17:02:35.046+0000] {dag.py:4180} INFO - Setting next_dagrun for dataset_consumes_1_and_2 to None, run_after=None
[2025-06-27T17:02:35.048+0000] {logging_mixin.py:190} INFO - [2025-06-27T17:02:35.048+0000] {dag.py:4180} INFO - Setting next_dagrun for dataset_consumes_1_never_scheduled to None, run_after=None
[2025-06-27T17:02:35.049+0000] {logging_mixin.py:190} INFO - [2025-06-27T17:02:35.049+0000] {dag.py:4180} INFO - Setting next_dagrun for dataset_consumes_unknown_never_scheduled to None, run_after=None
[2025-06-27T17:02:35.051+0000] {logging_mixin.py:190} INFO - [2025-06-27T17:02:35.051+0000] {dag.py:4180} INFO - Setting next_dagrun for dataset_produces_1 to 2025-06-27 00:00:00+00:00, run_after=2025-06-28 00:00:00+00:00
[2025-06-27T17:02:35.052+0000] {logging_mixin.py:190} INFO - [2025-06-27T17:02:35.052+0000] {dag.py:4180} INFO - Setting next_dagrun for dataset_produces_2 to None, run_after=None
[2025-06-27T17:02:35.081+0000] {processor.py:208} INFO - Processing /home/airflow/.local/lib/python3.12/site-packages/airflow/example_dags/example_datasets.py took 0.604 seconds
[2025-06-27T17:03:05.301+0000] {processor.py:186} INFO - Started process (PID=901) to work on /home/airflow/.local/lib/python3.12/site-packages/airflow/example_dags/example_datasets.py
[2025-06-27T17:03:05.302+0000] {processor.py:914} INFO - Processing file /home/airflow/.local/lib/python3.12/site-packages/airflow/example_dags/example_datasets.py for tasks to queue
[2025-06-27T17:03:05.304+0000] {logging_mixin.py:190} INFO - [2025-06-27T17:03:05.304+0000] {dagbag.py:588} INFO - Filling up the DagBag from /home/airflow/.local/lib/python3.12/site-packages/airflow/example_dags/example_datasets.py
[2025-06-27T17:03:05.808+0000] {processor.py:925} INFO - DAG(s) 'consume_1_and_2_with_dataset_expressions', 'dataset_produces_1', 'dataset_produces_2', 'dataset_consumes_unknown_never_scheduled', 'consume_1_or_2_with_dataset_expressions', 'dataset_consumes_1_and_2', 'consume_1_or_both_2_and_3_with_dataset_expressions', 'dataset_consumes_1_never_scheduled', 'conditional_dataset_and_time_based_timetable', 'dataset_consumes_1' retrieved from /home/airflow/.local/lib/python3.12/site-packages/airflow/example_dags/example_datasets.py
[2025-06-27T17:03:05.848+0000] {logging_mixin.py:190} INFO - [2025-06-27T17:03:05.848+0000] {dag.py:3239} INFO - Sync 10 DAGs
[2025-06-27T17:03:05.883+0000] {logging_mixin.py:190} INFO - [2025-06-27T17:03:05.883+0000] {dag.py:4180} INFO - Setting next_dagrun for conditional_dataset_and_time_based_timetable to 2025-07-02 01:00:00+00:00, run_after=2025-07-02 01:00:00+00:00
[2025-06-27T17:03:05.889+0000] {logging_mixin.py:190} INFO - [2025-06-27T17:03:05.888+0000] {dag.py:4180} INFO - Setting next_dagrun for consume_1_and_2_with_dataset_expressions to None, run_after=None
[2025-06-27T17:03:05.891+0000] {logging_mixin.py:190} INFO - [2025-06-27T17:03:05.890+0000] {dag.py:4180} INFO - Setting next_dagrun for consume_1_or_2_with_dataset_expressions to None, run_after=None
[2025-06-27T17:03:05.892+0000] {logging_mixin.py:190} INFO - [2025-06-27T17:03:05.892+0000] {dag.py:4180} INFO - Setting next_dagrun for consume_1_or_both_2_and_3_with_dataset_expressions to None, run_after=None
[2025-06-27T17:03:05.894+0000] {logging_mixin.py:190} INFO - [2025-06-27T17:03:05.894+0000] {dag.py:4180} INFO - Setting next_dagrun for dataset_consumes_1 to None, run_after=None
[2025-06-27T17:03:05.896+0000] {logging_mixin.py:190} INFO - [2025-06-27T17:03:05.896+0000] {dag.py:4180} INFO - Setting next_dagrun for dataset_consumes_1_and_2 to None, run_after=None
[2025-06-27T17:03:05.898+0000] {logging_mixin.py:190} INFO - [2025-06-27T17:03:05.897+0000] {dag.py:4180} INFO - Setting next_dagrun for dataset_consumes_1_never_scheduled to None, run_after=None
[2025-06-27T17:03:05.900+0000] {logging_mixin.py:190} INFO - [2025-06-27T17:03:05.900+0000] {dag.py:4180} INFO - Setting next_dagrun for dataset_consumes_unknown_never_scheduled to None, run_after=None
[2025-06-27T17:03:05.903+0000] {logging_mixin.py:190} INFO - [2025-06-27T17:03:05.903+0000] {dag.py:4180} INFO - Setting next_dagrun for dataset_produces_1 to 2025-06-27 00:00:00+00:00, run_after=2025-06-28 00:00:00+00:00
[2025-06-27T17:03:05.905+0000] {logging_mixin.py:190} INFO - [2025-06-27T17:03:05.905+0000] {dag.py:4180} INFO - Setting next_dagrun for dataset_produces_2 to None, run_after=None
[2025-06-27T17:03:05.939+0000] {processor.py:208} INFO - Processing /home/airflow/.local/lib/python3.12/site-packages/airflow/example_dags/example_datasets.py took 0.643 seconds
[2025-06-27T17:03:36.168+0000] {processor.py:186} INFO - Started process (PID=969) to work on /home/airflow/.local/lib/python3.12/site-packages/airflow/example_dags/example_datasets.py
[2025-06-27T17:03:36.169+0000] {processor.py:914} INFO - Processing file /home/airflow/.local/lib/python3.12/site-packages/airflow/example_dags/example_datasets.py for tasks to queue
[2025-06-27T17:03:36.171+0000] {logging_mixin.py:190} INFO - [2025-06-27T17:03:36.171+0000] {dagbag.py:588} INFO - Filling up the DagBag from /home/airflow/.local/lib/python3.12/site-packages/airflow/example_dags/example_datasets.py
[2025-06-27T17:03:36.663+0000] {processor.py:925} INFO - DAG(s) 'dataset_produces_2', 'consume_1_or_both_2_and_3_with_dataset_expressions', 'dataset_produces_1', 'conditional_dataset_and_time_based_timetable', 'dataset_consumes_1_and_2', 'dataset_consumes_1_never_scheduled', 'consume_1_and_2_with_dataset_expressions', 'dataset_consumes_unknown_never_scheduled', 'dataset_consumes_1', 'consume_1_or_2_with_dataset_expressions' retrieved from /home/airflow/.local/lib/python3.12/site-packages/airflow/example_dags/example_datasets.py
[2025-06-27T17:03:36.696+0000] {logging_mixin.py:190} INFO - [2025-06-27T17:03:36.695+0000] {dag.py:3239} INFO - Sync 10 DAGs
[2025-06-27T17:03:36.720+0000] {logging_mixin.py:190} INFO - [2025-06-27T17:03:36.719+0000] {dag.py:4180} INFO - Setting next_dagrun for conditional_dataset_and_time_based_timetable to 2025-07-02 01:00:00+00:00, run_after=2025-07-02 01:00:00+00:00
[2025-06-27T17:03:36.723+0000] {logging_mixin.py:190} INFO - [2025-06-27T17:03:36.723+0000] {dag.py:4180} INFO - Setting next_dagrun for consume_1_and_2_with_dataset_expressions to None, run_after=None
[2025-06-27T17:03:36.724+0000] {logging_mixin.py:190} INFO - [2025-06-27T17:03:36.724+0000] {dag.py:4180} INFO - Setting next_dagrun for consume_1_or_2_with_dataset_expressions to None, run_after=None
[2025-06-27T17:03:36.725+0000] {logging_mixin.py:190} INFO - [2025-06-27T17:03:36.725+0000] {dag.py:4180} INFO - Setting next_dagrun for consume_1_or_both_2_and_3_with_dataset_expressions to None, run_after=None
[2025-06-27T17:03:36.726+0000] {logging_mixin.py:190} INFO - [2025-06-27T17:03:36.726+0000] {dag.py:4180} INFO - Setting next_dagrun for dataset_consumes_1 to None, run_after=None
[2025-06-27T17:03:36.727+0000] {logging_mixin.py:190} INFO - [2025-06-27T17:03:36.727+0000] {dag.py:4180} INFO - Setting next_dagrun for dataset_consumes_1_and_2 to None, run_after=None
[2025-06-27T17:03:36.728+0000] {logging_mixin.py:190} INFO - [2025-06-27T17:03:36.728+0000] {dag.py:4180} INFO - Setting next_dagrun for dataset_consumes_1_never_scheduled to None, run_after=None
[2025-06-27T17:03:36.729+0000] {logging_mixin.py:190} INFO - [2025-06-27T17:03:36.729+0000] {dag.py:4180} INFO - Setting next_dagrun for dataset_consumes_unknown_never_scheduled to None, run_after=None
[2025-06-27T17:03:36.732+0000] {logging_mixin.py:190} INFO - [2025-06-27T17:03:36.732+0000] {dag.py:4180} INFO - Setting next_dagrun for dataset_produces_1 to 2025-06-27 00:00:00+00:00, run_after=2025-06-28 00:00:00+00:00
[2025-06-27T17:03:36.733+0000] {logging_mixin.py:190} INFO - [2025-06-27T17:03:36.733+0000] {dag.py:4180} INFO - Setting next_dagrun for dataset_produces_2 to None, run_after=None
[2025-06-27T17:03:36.762+0000] {processor.py:208} INFO - Processing /home/airflow/.local/lib/python3.12/site-packages/airflow/example_dags/example_datasets.py took 0.598 seconds
[2025-06-27T17:04:07.006+0000] {processor.py:186} INFO - Started process (PID=1041) to work on /home/airflow/.local/lib/python3.12/site-packages/airflow/example_dags/example_datasets.py
[2025-06-27T17:04:07.007+0000] {processor.py:914} INFO - Processing file /home/airflow/.local/lib/python3.12/site-packages/airflow/example_dags/example_datasets.py for tasks to queue
[2025-06-27T17:04:07.009+0000] {logging_mixin.py:190} INFO - [2025-06-27T17:04:07.009+0000] {dagbag.py:588} INFO - Filling up the DagBag from /home/airflow/.local/lib/python3.12/site-packages/airflow/example_dags/example_datasets.py
[2025-06-27T17:04:07.472+0000] {processor.py:925} INFO - DAG(s) 'conditional_dataset_and_time_based_timetable', 'consume_1_or_both_2_and_3_with_dataset_expressions', 'dataset_produces_1', 'dataset_produces_2', 'consume_1_or_2_with_dataset_expressions', 'dataset_consumes_1', 'dataset_consumes_unknown_never_scheduled', 'dataset_consumes_1_never_scheduled', 'consume_1_and_2_with_dataset_expressions', 'dataset_consumes_1_and_2' retrieved from /home/airflow/.local/lib/python3.12/site-packages/airflow/example_dags/example_datasets.py
[2025-06-27T17:04:07.504+0000] {logging_mixin.py:190} INFO - [2025-06-27T17:04:07.504+0000] {dag.py:3239} INFO - Sync 10 DAGs
[2025-06-27T17:04:07.525+0000] {logging_mixin.py:190} INFO - [2025-06-27T17:04:07.525+0000] {dag.py:4180} INFO - Setting next_dagrun for conditional_dataset_and_time_based_timetable to 2025-07-02 01:00:00+00:00, run_after=2025-07-02 01:00:00+00:00
[2025-06-27T17:04:07.529+0000] {logging_mixin.py:190} INFO - [2025-06-27T17:04:07.529+0000] {dag.py:4180} INFO - Setting next_dagrun for consume_1_and_2_with_dataset_expressions to None, run_after=None
[2025-06-27T17:04:07.530+0000] {logging_mixin.py:190} INFO - [2025-06-27T17:04:07.530+0000] {dag.py:4180} INFO - Setting next_dagrun for consume_1_or_2_with_dataset_expressions to None, run_after=None
[2025-06-27T17:04:07.531+0000] {logging_mixin.py:190} INFO - [2025-06-27T17:04:07.531+0000] {dag.py:4180} INFO - Setting next_dagrun for consume_1_or_both_2_and_3_with_dataset_expressions to None, run_after=None
[2025-06-27T17:04:07.532+0000] {logging_mixin.py:190} INFO - [2025-06-27T17:04:07.532+0000] {dag.py:4180} INFO - Setting next_dagrun for dataset_consumes_1 to None, run_after=None
[2025-06-27T17:04:07.533+0000] {logging_mixin.py:190} INFO - [2025-06-27T17:04:07.533+0000] {dag.py:4180} INFO - Setting next_dagrun for dataset_consumes_1_and_2 to None, run_after=None
[2025-06-27T17:04:07.534+0000] {logging_mixin.py:190} INFO - [2025-06-27T17:04:07.534+0000] {dag.py:4180} INFO - Setting next_dagrun for dataset_consumes_1_never_scheduled to None, run_after=None
[2025-06-27T17:04:07.535+0000] {logging_mixin.py:190} INFO - [2025-06-27T17:04:07.535+0000] {dag.py:4180} INFO - Setting next_dagrun for dataset_consumes_unknown_never_scheduled to None, run_after=None
[2025-06-27T17:04:07.538+0000] {logging_mixin.py:190} INFO - [2025-06-27T17:04:07.538+0000] {dag.py:4180} INFO - Setting next_dagrun for dataset_produces_1 to 2025-06-27 00:00:00+00:00, run_after=2025-06-28 00:00:00+00:00
[2025-06-27T17:04:07.539+0000] {logging_mixin.py:190} INFO - [2025-06-27T17:04:07.539+0000] {dag.py:4180} INFO - Setting next_dagrun for dataset_produces_2 to None, run_after=None
[2025-06-27T17:04:07.566+0000] {processor.py:208} INFO - Processing /home/airflow/.local/lib/python3.12/site-packages/airflow/example_dags/example_datasets.py took 0.565 seconds
[2025-06-27T17:04:38.143+0000] {processor.py:186} INFO - Started process (PID=1105) to work on /home/airflow/.local/lib/python3.12/site-packages/airflow/example_dags/example_datasets.py
[2025-06-27T17:04:38.144+0000] {processor.py:914} INFO - Processing file /home/airflow/.local/lib/python3.12/site-packages/airflow/example_dags/example_datasets.py for tasks to queue
[2025-06-27T17:04:38.146+0000] {logging_mixin.py:190} INFO - [2025-06-27T17:04:38.146+0000] {dagbag.py:588} INFO - Filling up the DagBag from /home/airflow/.local/lib/python3.12/site-packages/airflow/example_dags/example_datasets.py
[2025-06-27T17:04:38.606+0000] {processor.py:925} INFO - DAG(s) 'consume_1_or_2_with_dataset_expressions', 'dataset_produces_2', 'consume_1_and_2_with_dataset_expressions', 'dataset_consumes_1_and_2', 'dataset_consumes_1', 'dataset_consumes_unknown_never_scheduled', 'dataset_consumes_1_never_scheduled', 'conditional_dataset_and_time_based_timetable', 'consume_1_or_both_2_and_3_with_dataset_expressions', 'dataset_produces_1' retrieved from /home/airflow/.local/lib/python3.12/site-packages/airflow/example_dags/example_datasets.py
[2025-06-27T17:04:38.639+0000] {logging_mixin.py:190} INFO - [2025-06-27T17:04:38.639+0000] {dag.py:3239} INFO - Sync 10 DAGs
[2025-06-27T17:04:38.660+0000] {logging_mixin.py:190} INFO - [2025-06-27T17:04:38.659+0000] {dag.py:4180} INFO - Setting next_dagrun for conditional_dataset_and_time_based_timetable to 2025-07-02 01:00:00+00:00, run_after=2025-07-02 01:00:00+00:00
[2025-06-27T17:04:38.663+0000] {logging_mixin.py:190} INFO - [2025-06-27T17:04:38.663+0000] {dag.py:4180} INFO - Setting next_dagrun for consume_1_and_2_with_dataset_expressions to None, run_after=None
[2025-06-27T17:04:38.664+0000] {logging_mixin.py:190} INFO - [2025-06-27T17:04:38.664+0000] {dag.py:4180} INFO - Setting next_dagrun for consume_1_or_2_with_dataset_expressions to None, run_after=None
[2025-06-27T17:04:38.665+0000] {logging_mixin.py:190} INFO - [2025-06-27T17:04:38.665+0000] {dag.py:4180} INFO - Setting next_dagrun for consume_1_or_both_2_and_3_with_dataset_expressions to None, run_after=None
[2025-06-27T17:04:38.667+0000] {logging_mixin.py:190} INFO - [2025-06-27T17:04:38.666+0000] {dag.py:4180} INFO - Setting next_dagrun for dataset_consumes_1 to None, run_after=None
[2025-06-27T17:04:38.668+0000] {logging_mixin.py:190} INFO - [2025-06-27T17:04:38.668+0000] {dag.py:4180} INFO - Setting next_dagrun for dataset_consumes_1_and_2 to None, run_after=None
[2025-06-27T17:04:38.669+0000] {logging_mixin.py:190} INFO - [2025-06-27T17:04:38.669+0000] {dag.py:4180} INFO - Setting next_dagrun for dataset_consumes_1_never_scheduled to None, run_after=None
[2025-06-27T17:04:38.670+0000] {logging_mixin.py:190} INFO - [2025-06-27T17:04:38.670+0000] {dag.py:4180} INFO - Setting next_dagrun for dataset_consumes_unknown_never_scheduled to None, run_after=None
[2025-06-27T17:04:38.672+0000] {logging_mixin.py:190} INFO - [2025-06-27T17:04:38.672+0000] {dag.py:4180} INFO - Setting next_dagrun for dataset_produces_1 to 2025-06-27 00:00:00+00:00, run_after=2025-06-28 00:00:00+00:00
[2025-06-27T17:04:38.674+0000] {logging_mixin.py:190} INFO - [2025-06-27T17:04:38.674+0000] {dag.py:4180} INFO - Setting next_dagrun for dataset_produces_2 to None, run_after=None
[2025-06-27T17:04:38.709+0000] {processor.py:208} INFO - Processing /home/airflow/.local/lib/python3.12/site-packages/airflow/example_dags/example_datasets.py took 0.572 seconds
[2025-06-27T17:05:09.300+0000] {processor.py:186} INFO - Started process (PID=1174) to work on /home/airflow/.local/lib/python3.12/site-packages/airflow/example_dags/example_datasets.py
[2025-06-27T17:05:09.300+0000] {processor.py:914} INFO - Processing file /home/airflow/.local/lib/python3.12/site-packages/airflow/example_dags/example_datasets.py for tasks to queue
[2025-06-27T17:05:09.303+0000] {logging_mixin.py:190} INFO - [2025-06-27T17:05:09.302+0000] {dagbag.py:588} INFO - Filling up the DagBag from /home/airflow/.local/lib/python3.12/site-packages/airflow/example_dags/example_datasets.py
[2025-06-27T17:05:09.763+0000] {processor.py:925} INFO - DAG(s) 'dataset_consumes_1', 'consume_1_or_2_with_dataset_expressions', 'consume_1_and_2_with_dataset_expressions', 'dataset_consumes_1_and_2', 'dataset_produces_2', 'dataset_consumes_1_never_scheduled', 'dataset_produces_1', 'conditional_dataset_and_time_based_timetable', 'dataset_consumes_unknown_never_scheduled', 'consume_1_or_both_2_and_3_with_dataset_expressions' retrieved from /home/airflow/.local/lib/python3.12/site-packages/airflow/example_dags/example_datasets.py
[2025-06-27T17:05:09.798+0000] {logging_mixin.py:190} INFO - [2025-06-27T17:05:09.797+0000] {dag.py:3239} INFO - Sync 10 DAGs
[2025-06-27T17:05:09.818+0000] {logging_mixin.py:190} INFO - [2025-06-27T17:05:09.818+0000] {dag.py:4180} INFO - Setting next_dagrun for conditional_dataset_and_time_based_timetable to 2025-07-02 01:00:00+00:00, run_after=2025-07-02 01:00:00+00:00
[2025-06-27T17:05:09.822+0000] {logging_mixin.py:190} INFO - [2025-06-27T17:05:09.822+0000] {dag.py:4180} INFO - Setting next_dagrun for consume_1_and_2_with_dataset_expressions to None, run_after=None
[2025-06-27T17:05:09.823+0000] {logging_mixin.py:190} INFO - [2025-06-27T17:05:09.823+0000] {dag.py:4180} INFO - Setting next_dagrun for consume_1_or_2_with_dataset_expressions to None, run_after=None
[2025-06-27T17:05:09.824+0000] {logging_mixin.py:190} INFO - [2025-06-27T17:05:09.824+0000] {dag.py:4180} INFO - Setting next_dagrun for consume_1_or_both_2_and_3_with_dataset_expressions to None, run_after=None
[2025-06-27T17:05:09.825+0000] {logging_mixin.py:190} INFO - [2025-06-27T17:05:09.825+0000] {dag.py:4180} INFO - Setting next_dagrun for dataset_consumes_1 to None, run_after=None
[2025-06-27T17:05:09.826+0000] {logging_mixin.py:190} INFO - [2025-06-27T17:05:09.826+0000] {dag.py:4180} INFO - Setting next_dagrun for dataset_consumes_1_and_2 to None, run_after=None
[2025-06-27T17:05:09.827+0000] {logging_mixin.py:190} INFO - [2025-06-27T17:05:09.827+0000] {dag.py:4180} INFO - Setting next_dagrun for dataset_consumes_1_never_scheduled to None, run_after=None
[2025-06-27T17:05:09.828+0000] {logging_mixin.py:190} INFO - [2025-06-27T17:05:09.828+0000] {dag.py:4180} INFO - Setting next_dagrun for dataset_consumes_unknown_never_scheduled to None, run_after=None
[2025-06-27T17:05:09.831+0000] {logging_mixin.py:190} INFO - [2025-06-27T17:05:09.831+0000] {dag.py:4180} INFO - Setting next_dagrun for dataset_produces_1 to 2025-06-27 00:00:00+00:00, run_after=2025-06-28 00:00:00+00:00
[2025-06-27T17:05:09.832+0000] {logging_mixin.py:190} INFO - [2025-06-27T17:05:09.832+0000] {dag.py:4180} INFO - Setting next_dagrun for dataset_produces_2 to None, run_after=None
[2025-06-27T17:05:09.866+0000] {processor.py:208} INFO - Processing /home/airflow/.local/lib/python3.12/site-packages/airflow/example_dags/example_datasets.py took 0.572 seconds
[2025-06-27T17:05:40.504+0000] {processor.py:186} INFO - Started process (PID=1238) to work on /home/airflow/.local/lib/python3.12/site-packages/airflow/example_dags/example_datasets.py
[2025-06-27T17:05:40.505+0000] {processor.py:914} INFO - Processing file /home/airflow/.local/lib/python3.12/site-packages/airflow/example_dags/example_datasets.py for tasks to queue
[2025-06-27T17:05:40.506+0000] {logging_mixin.py:190} INFO - [2025-06-27T17:05:40.506+0000] {dagbag.py:588} INFO - Filling up the DagBag from /home/airflow/.local/lib/python3.12/site-packages/airflow/example_dags/example_datasets.py
[2025-06-27T17:05:40.977+0000] {processor.py:925} INFO - DAG(s) 'dataset_produces_1', 'consume_1_and_2_with_dataset_expressions', 'dataset_produces_2', 'dataset_consumes_unknown_never_scheduled', 'dataset_consumes_1', 'consume_1_or_2_with_dataset_expressions', 'conditional_dataset_and_time_based_timetable', 'dataset_consumes_1_never_scheduled', 'dataset_consumes_1_and_2', 'consume_1_or_both_2_and_3_with_dataset_expressions' retrieved from /home/airflow/.local/lib/python3.12/site-packages/airflow/example_dags/example_datasets.py
[2025-06-27T17:05:41.009+0000] {logging_mixin.py:190} INFO - [2025-06-27T17:05:41.009+0000] {dag.py:3239} INFO - Sync 10 DAGs
[2025-06-27T17:05:41.030+0000] {logging_mixin.py:190} INFO - [2025-06-27T17:05:41.030+0000] {dag.py:4180} INFO - Setting next_dagrun for conditional_dataset_and_time_based_timetable to 2025-07-02 01:00:00+00:00, run_after=2025-07-02 01:00:00+00:00
[2025-06-27T17:05:41.034+0000] {logging_mixin.py:190} INFO - [2025-06-27T17:05:41.034+0000] {dag.py:4180} INFO - Setting next_dagrun for consume_1_and_2_with_dataset_expressions to None, run_after=None
[2025-06-27T17:05:41.035+0000] {logging_mixin.py:190} INFO - [2025-06-27T17:05:41.035+0000] {dag.py:4180} INFO - Setting next_dagrun for consume_1_or_2_with_dataset_expressions to None, run_after=None
[2025-06-27T17:05:41.037+0000] {logging_mixin.py:190} INFO - [2025-06-27T17:05:41.036+0000] {dag.py:4180} INFO - Setting next_dagrun for consume_1_or_both_2_and_3_with_dataset_expressions to None, run_after=None
[2025-06-27T17:05:41.038+0000] {logging_mixin.py:190} INFO - [2025-06-27T17:05:41.038+0000] {dag.py:4180} INFO - Setting next_dagrun for dataset_consumes_1 to None, run_after=None
[2025-06-27T17:05:41.039+0000] {logging_mixin.py:190} INFO - [2025-06-27T17:05:41.039+0000] {dag.py:4180} INFO - Setting next_dagrun for dataset_consumes_1_and_2 to None, run_after=None
[2025-06-27T17:05:41.040+0000] {logging_mixin.py:190} INFO - [2025-06-27T17:05:41.040+0000] {dag.py:4180} INFO - Setting next_dagrun for dataset_consumes_1_never_scheduled to None, run_after=None
[2025-06-27T17:05:41.041+0000] {logging_mixin.py:190} INFO - [2025-06-27T17:05:41.041+0000] {dag.py:4180} INFO - Setting next_dagrun for dataset_consumes_unknown_never_scheduled to None, run_after=None
[2025-06-27T17:05:41.043+0000] {logging_mixin.py:190} INFO - [2025-06-27T17:05:41.043+0000] {dag.py:4180} INFO - Setting next_dagrun for dataset_produces_1 to 2025-06-27 00:00:00+00:00, run_after=2025-06-28 00:00:00+00:00
[2025-06-27T17:05:41.044+0000] {logging_mixin.py:190} INFO - [2025-06-27T17:05:41.044+0000] {dag.py:4180} INFO - Setting next_dagrun for dataset_produces_2 to None, run_after=None
[2025-06-27T17:05:41.081+0000] {processor.py:208} INFO - Processing /home/airflow/.local/lib/python3.12/site-packages/airflow/example_dags/example_datasets.py took 0.581 seconds
[2025-06-27T17:06:11.845+0000] {processor.py:186} INFO - Started process (PID=1308) to work on /home/airflow/.local/lib/python3.12/site-packages/airflow/example_dags/example_datasets.py
[2025-06-27T17:06:11.846+0000] {processor.py:914} INFO - Processing file /home/airflow/.local/lib/python3.12/site-packages/airflow/example_dags/example_datasets.py for tasks to queue
[2025-06-27T17:06:11.848+0000] {logging_mixin.py:190} INFO - [2025-06-27T17:06:11.847+0000] {dagbag.py:588} INFO - Filling up the DagBag from /home/airflow/.local/lib/python3.12/site-packages/airflow/example_dags/example_datasets.py
[2025-06-27T17:06:12.315+0000] {processor.py:925} INFO - DAG(s) 'dataset_consumes_unknown_never_scheduled', 'conditional_dataset_and_time_based_timetable', 'dataset_produces_1', 'consume_1_or_2_with_dataset_expressions', 'dataset_consumes_1_and_2', 'dataset_produces_2', 'dataset_consumes_1_never_scheduled', 'consume_1_or_both_2_and_3_with_dataset_expressions', 'consume_1_and_2_with_dataset_expressions', 'dataset_consumes_1' retrieved from /home/airflow/.local/lib/python3.12/site-packages/airflow/example_dags/example_datasets.py
[2025-06-27T17:06:12.347+0000] {logging_mixin.py:190} INFO - [2025-06-27T17:06:12.347+0000] {dag.py:3239} INFO - Sync 10 DAGs
[2025-06-27T17:06:12.369+0000] {logging_mixin.py:190} INFO - [2025-06-27T17:06:12.369+0000] {dag.py:4180} INFO - Setting next_dagrun for conditional_dataset_and_time_based_timetable to 2025-07-02 01:00:00+00:00, run_after=2025-07-02 01:00:00+00:00
[2025-06-27T17:06:12.373+0000] {logging_mixin.py:190} INFO - [2025-06-27T17:06:12.373+0000] {dag.py:4180} INFO - Setting next_dagrun for consume_1_and_2_with_dataset_expressions to None, run_after=None
[2025-06-27T17:06:12.374+0000] {logging_mixin.py:190} INFO - [2025-06-27T17:06:12.374+0000] {dag.py:4180} INFO - Setting next_dagrun for consume_1_or_2_with_dataset_expressions to None, run_after=None
[2025-06-27T17:06:12.375+0000] {logging_mixin.py:190} INFO - [2025-06-27T17:06:12.375+0000] {dag.py:4180} INFO - Setting next_dagrun for consume_1_or_both_2_and_3_with_dataset_expressions to None, run_after=None
[2025-06-27T17:06:12.377+0000] {logging_mixin.py:190} INFO - [2025-06-27T17:06:12.376+0000] {dag.py:4180} INFO - Setting next_dagrun for dataset_consumes_1 to None, run_after=None
[2025-06-27T17:06:12.378+0000] {logging_mixin.py:190} INFO - [2025-06-27T17:06:12.378+0000] {dag.py:4180} INFO - Setting next_dagrun for dataset_consumes_1_and_2 to None, run_after=None
[2025-06-27T17:06:12.379+0000] {logging_mixin.py:190} INFO - [2025-06-27T17:06:12.379+0000] {dag.py:4180} INFO - Setting next_dagrun for dataset_consumes_1_never_scheduled to None, run_after=None
[2025-06-27T17:06:12.380+0000] {logging_mixin.py:190} INFO - [2025-06-27T17:06:12.380+0000] {dag.py:4180} INFO - Setting next_dagrun for dataset_consumes_unknown_never_scheduled to None, run_after=None
[2025-06-27T17:06:12.382+0000] {logging_mixin.py:190} INFO - [2025-06-27T17:06:12.382+0000] {dag.py:4180} INFO - Setting next_dagrun for dataset_produces_1 to 2025-06-27 00:00:00+00:00, run_after=2025-06-28 00:00:00+00:00
[2025-06-27T17:06:12.383+0000] {logging_mixin.py:190} INFO - [2025-06-27T17:06:12.383+0000] {dag.py:4180} INFO - Setting next_dagrun for dataset_produces_2 to None, run_after=None
[2025-06-27T17:06:12.413+0000] {processor.py:208} INFO - Processing /home/airflow/.local/lib/python3.12/site-packages/airflow/example_dags/example_datasets.py took 0.574 seconds
[2025-06-27T17:06:42.482+0000] {processor.py:186} INFO - Started process (PID=1372) to work on /home/airflow/.local/lib/python3.12/site-packages/airflow/example_dags/example_datasets.py
[2025-06-27T17:06:42.483+0000] {processor.py:914} INFO - Processing file /home/airflow/.local/lib/python3.12/site-packages/airflow/example_dags/example_datasets.py for tasks to queue
[2025-06-27T17:06:42.486+0000] {logging_mixin.py:190} INFO - [2025-06-27T17:06:42.485+0000] {dagbag.py:588} INFO - Filling up the DagBag from /home/airflow/.local/lib/python3.12/site-packages/airflow/example_dags/example_datasets.py
[2025-06-27T17:06:43.009+0000] {processor.py:925} INFO - DAG(s) 'consume_1_or_both_2_and_3_with_dataset_expressions', 'conditional_dataset_and_time_based_timetable', 'dataset_consumes_unknown_never_scheduled', 'dataset_produces_2', 'consume_1_and_2_with_dataset_expressions', 'consume_1_or_2_with_dataset_expressions', 'dataset_consumes_1_and_2', 'dataset_consumes_1', 'dataset_produces_1', 'dataset_consumes_1_never_scheduled' retrieved from /home/airflow/.local/lib/python3.12/site-packages/airflow/example_dags/example_datasets.py
[2025-06-27T17:06:43.046+0000] {logging_mixin.py:190} INFO - [2025-06-27T17:06:43.046+0000] {dag.py:3239} INFO - Sync 10 DAGs
[2025-06-27T17:06:43.070+0000] {logging_mixin.py:190} INFO - [2025-06-27T17:06:43.070+0000] {dag.py:4180} INFO - Setting next_dagrun for conditional_dataset_and_time_based_timetable to 2025-07-02 01:00:00+00:00, run_after=2025-07-02 01:00:00+00:00
[2025-06-27T17:06:43.075+0000] {logging_mixin.py:190} INFO - [2025-06-27T17:06:43.075+0000] {dag.py:4180} INFO - Setting next_dagrun for consume_1_and_2_with_dataset_expressions to None, run_after=None
[2025-06-27T17:06:43.077+0000] {logging_mixin.py:190} INFO - [2025-06-27T17:06:43.077+0000] {dag.py:4180} INFO - Setting next_dagrun for consume_1_or_2_with_dataset_expressions to None, run_after=None
[2025-06-27T17:06:43.079+0000] {logging_mixin.py:190} INFO - [2025-06-27T17:06:43.079+0000] {dag.py:4180} INFO - Setting next_dagrun for consume_1_or_both_2_and_3_with_dataset_expressions to None, run_after=None
[2025-06-27T17:06:43.080+0000] {logging_mixin.py:190} INFO - [2025-06-27T17:06:43.080+0000] {dag.py:4180} INFO - Setting next_dagrun for dataset_consumes_1 to None, run_after=None
[2025-06-27T17:06:43.082+0000] {logging_mixin.py:190} INFO - [2025-06-27T17:06:43.082+0000] {dag.py:4180} INFO - Setting next_dagrun for dataset_consumes_1_and_2 to None, run_after=None
[2025-06-27T17:06:43.084+0000] {logging_mixin.py:190} INFO - [2025-06-27T17:06:43.084+0000] {dag.py:4180} INFO - Setting next_dagrun for dataset_consumes_1_never_scheduled to None, run_after=None
[2025-06-27T17:06:43.085+0000] {logging_mixin.py:190} INFO - [2025-06-27T17:06:43.085+0000] {dag.py:4180} INFO - Setting next_dagrun for dataset_consumes_unknown_never_scheduled to None, run_after=None
[2025-06-27T17:06:43.089+0000] {logging_mixin.py:190} INFO - [2025-06-27T17:06:43.088+0000] {dag.py:4180} INFO - Setting next_dagrun for dataset_produces_1 to 2025-06-27 00:00:00+00:00, run_after=2025-06-28 00:00:00+00:00
[2025-06-27T17:06:43.091+0000] {logging_mixin.py:190} INFO - [2025-06-27T17:06:43.090+0000] {dag.py:4180} INFO - Setting next_dagrun for dataset_produces_2 to None, run_after=None
[2025-06-27T17:06:43.125+0000] {processor.py:208} INFO - Processing /home/airflow/.local/lib/python3.12/site-packages/airflow/example_dags/example_datasets.py took 0.649 seconds
[2025-06-27T17:07:13.184+0000] {processor.py:186} INFO - Started process (PID=1441) to work on /home/airflow/.local/lib/python3.12/site-packages/airflow/example_dags/example_datasets.py
[2025-06-27T17:07:13.185+0000] {processor.py:914} INFO - Processing file /home/airflow/.local/lib/python3.12/site-packages/airflow/example_dags/example_datasets.py for tasks to queue
[2025-06-27T17:07:13.188+0000] {logging_mixin.py:190} INFO - [2025-06-27T17:07:13.187+0000] {dagbag.py:588} INFO - Filling up the DagBag from /home/airflow/.local/lib/python3.12/site-packages/airflow/example_dags/example_datasets.py
[2025-06-27T17:07:13.722+0000] {processor.py:925} INFO - DAG(s) 'dataset_consumes_unknown_never_scheduled', 'dataset_consumes_1', 'conditional_dataset_and_time_based_timetable', 'consume_1_and_2_with_dataset_expressions', 'dataset_consumes_1_and_2', 'dataset_produces_2', 'consume_1_or_2_with_dataset_expressions', 'dataset_consumes_1_never_scheduled', 'consume_1_or_both_2_and_3_with_dataset_expressions', 'dataset_produces_1' retrieved from /home/airflow/.local/lib/python3.12/site-packages/airflow/example_dags/example_datasets.py
[2025-06-27T17:07:13.755+0000] {logging_mixin.py:190} INFO - [2025-06-27T17:07:13.755+0000] {dag.py:3239} INFO - Sync 10 DAGs
[2025-06-27T17:07:13.777+0000] {logging_mixin.py:190} INFO - [2025-06-27T17:07:13.776+0000] {dag.py:4180} INFO - Setting next_dagrun for conditional_dataset_and_time_based_timetable to 2025-07-02 01:00:00+00:00, run_after=2025-07-02 01:00:00+00:00
[2025-06-27T17:07:13.780+0000] {logging_mixin.py:190} INFO - [2025-06-27T17:07:13.780+0000] {dag.py:4180} INFO - Setting next_dagrun for consume_1_and_2_with_dataset_expressions to None, run_after=None
[2025-06-27T17:07:13.781+0000] {logging_mixin.py:190} INFO - [2025-06-27T17:07:13.781+0000] {dag.py:4180} INFO - Setting next_dagrun for consume_1_or_2_with_dataset_expressions to None, run_after=None
[2025-06-27T17:07:13.782+0000] {logging_mixin.py:190} INFO - [2025-06-27T17:07:13.782+0000] {dag.py:4180} INFO - Setting next_dagrun for consume_1_or_both_2_and_3_with_dataset_expressions to None, run_after=None
[2025-06-27T17:07:13.783+0000] {logging_mixin.py:190} INFO - [2025-06-27T17:07:13.783+0000] {dag.py:4180} INFO - Setting next_dagrun for dataset_consumes_1 to None, run_after=None
[2025-06-27T17:07:13.784+0000] {logging_mixin.py:190} INFO - [2025-06-27T17:07:13.784+0000] {dag.py:4180} INFO - Setting next_dagrun for dataset_consumes_1_and_2 to None, run_after=None
[2025-06-27T17:07:13.786+0000] {logging_mixin.py:190} INFO - [2025-06-27T17:07:13.786+0000] {dag.py:4180} INFO - Setting next_dagrun for dataset_consumes_1_never_scheduled to None, run_after=None
[2025-06-27T17:07:13.787+0000] {logging_mixin.py:190} INFO - [2025-06-27T17:07:13.787+0000] {dag.py:4180} INFO - Setting next_dagrun for dataset_consumes_unknown_never_scheduled to None, run_after=None
[2025-06-27T17:07:13.790+0000] {logging_mixin.py:190} INFO - [2025-06-27T17:07:13.789+0000] {dag.py:4180} INFO - Setting next_dagrun for dataset_produces_1 to 2025-06-27 00:00:00+00:00, run_after=2025-06-28 00:00:00+00:00
[2025-06-27T17:07:13.791+0000] {logging_mixin.py:190} INFO - [2025-06-27T17:07:13.791+0000] {dag.py:4180} INFO - Setting next_dagrun for dataset_produces_2 to None, run_after=None
[2025-06-27T17:07:13.819+0000] {processor.py:208} INFO - Processing /home/airflow/.local/lib/python3.12/site-packages/airflow/example_dags/example_datasets.py took 0.641 seconds
[2025-06-27T17:07:43.889+0000] {processor.py:186} INFO - Started process (PID=1505) to work on /home/airflow/.local/lib/python3.12/site-packages/airflow/example_dags/example_datasets.py
[2025-06-27T17:07:43.890+0000] {processor.py:914} INFO - Processing file /home/airflow/.local/lib/python3.12/site-packages/airflow/example_dags/example_datasets.py for tasks to queue
[2025-06-27T17:07:43.892+0000] {logging_mixin.py:190} INFO - [2025-06-27T17:07:43.892+0000] {dagbag.py:588} INFO - Filling up the DagBag from /home/airflow/.local/lib/python3.12/site-packages/airflow/example_dags/example_datasets.py
[2025-06-27T17:07:44.367+0000] {processor.py:925} INFO - DAG(s) 'dataset_produces_2', 'consume_1_or_2_with_dataset_expressions', 'dataset_consumes_1_and_2', 'dataset_produces_1', 'dataset_consumes_1', 'consume_1_or_both_2_and_3_with_dataset_expressions', 'conditional_dataset_and_time_based_timetable', 'dataset_consumes_1_never_scheduled', 'dataset_consumes_unknown_never_scheduled', 'consume_1_and_2_with_dataset_expressions' retrieved from /home/airflow/.local/lib/python3.12/site-packages/airflow/example_dags/example_datasets.py
[2025-06-27T17:07:44.403+0000] {logging_mixin.py:190} INFO - [2025-06-27T17:07:44.403+0000] {dag.py:3239} INFO - Sync 10 DAGs
[2025-06-27T17:07:44.425+0000] {logging_mixin.py:190} INFO - [2025-06-27T17:07:44.425+0000] {dag.py:4180} INFO - Setting next_dagrun for conditional_dataset_and_time_based_timetable to 2025-07-02 01:00:00+00:00, run_after=2025-07-02 01:00:00+00:00
[2025-06-27T17:07:44.429+0000] {logging_mixin.py:190} INFO - [2025-06-27T17:07:44.428+0000] {dag.py:4180} INFO - Setting next_dagrun for consume_1_and_2_with_dataset_expressions to None, run_after=None
[2025-06-27T17:07:44.430+0000] {logging_mixin.py:190} INFO - [2025-06-27T17:07:44.430+0000] {dag.py:4180} INFO - Setting next_dagrun for consume_1_or_2_with_dataset_expressions to None, run_after=None
[2025-06-27T17:07:44.431+0000] {logging_mixin.py:190} INFO - [2025-06-27T17:07:44.431+0000] {dag.py:4180} INFO - Setting next_dagrun for consume_1_or_both_2_and_3_with_dataset_expressions to None, run_after=None
[2025-06-27T17:07:44.432+0000] {logging_mixin.py:190} INFO - [2025-06-27T17:07:44.431+0000] {dag.py:4180} INFO - Setting next_dagrun for dataset_consumes_1 to None, run_after=None
[2025-06-27T17:07:44.433+0000] {logging_mixin.py:190} INFO - [2025-06-27T17:07:44.432+0000] {dag.py:4180} INFO - Setting next_dagrun for dataset_consumes_1_and_2 to None, run_after=None
[2025-06-27T17:07:44.434+0000] {logging_mixin.py:190} INFO - [2025-06-27T17:07:44.434+0000] {dag.py:4180} INFO - Setting next_dagrun for dataset_consumes_1_never_scheduled to None, run_after=None
[2025-06-27T17:07:44.435+0000] {logging_mixin.py:190} INFO - [2025-06-27T17:07:44.435+0000] {dag.py:4180} INFO - Setting next_dagrun for dataset_consumes_unknown_never_scheduled to None, run_after=None
[2025-06-27T17:07:44.437+0000] {logging_mixin.py:190} INFO - [2025-06-27T17:07:44.437+0000] {dag.py:4180} INFO - Setting next_dagrun for dataset_produces_1 to 2025-06-27 00:00:00+00:00, run_after=2025-06-28 00:00:00+00:00
[2025-06-27T17:07:44.438+0000] {logging_mixin.py:190} INFO - [2025-06-27T17:07:44.438+0000] {dag.py:4180} INFO - Setting next_dagrun for dataset_produces_2 to None, run_after=None
[2025-06-27T17:07:44.469+0000] {processor.py:208} INFO - Processing /home/airflow/.local/lib/python3.12/site-packages/airflow/example_dags/example_datasets.py took 0.585 seconds
[2025-06-27T17:08:14.662+0000] {processor.py:186} INFO - Started process (PID=1575) to work on /home/airflow/.local/lib/python3.12/site-packages/airflow/example_dags/example_datasets.py
[2025-06-27T17:08:14.663+0000] {processor.py:914} INFO - Processing file /home/airflow/.local/lib/python3.12/site-packages/airflow/example_dags/example_datasets.py for tasks to queue
[2025-06-27T17:08:14.665+0000] {logging_mixin.py:190} INFO - [2025-06-27T17:08:14.665+0000] {dagbag.py:588} INFO - Filling up the DagBag from /home/airflow/.local/lib/python3.12/site-packages/airflow/example_dags/example_datasets.py
[2025-06-27T17:08:15.166+0000] {processor.py:925} INFO - DAG(s) 'dataset_produces_2', 'consume_1_and_2_with_dataset_expressions', 'consume_1_or_2_with_dataset_expressions', 'dataset_consumes_1', 'dataset_consumes_1_and_2', 'dataset_consumes_unknown_never_scheduled', 'consume_1_or_both_2_and_3_with_dataset_expressions', 'conditional_dataset_and_time_based_timetable', 'dataset_consumes_1_never_scheduled', 'dataset_produces_1' retrieved from /home/airflow/.local/lib/python3.12/site-packages/airflow/example_dags/example_datasets.py
[2025-06-27T17:08:15.199+0000] {logging_mixin.py:190} INFO - [2025-06-27T17:08:15.198+0000] {dag.py:3239} INFO - Sync 10 DAGs
[2025-06-27T17:08:15.223+0000] {logging_mixin.py:190} INFO - [2025-06-27T17:08:15.223+0000] {dag.py:4180} INFO - Setting next_dagrun for conditional_dataset_and_time_based_timetable to 2025-07-02 01:00:00+00:00, run_after=2025-07-02 01:00:00+00:00
[2025-06-27T17:08:15.228+0000] {logging_mixin.py:190} INFO - [2025-06-27T17:08:15.228+0000] {dag.py:4180} INFO - Setting next_dagrun for consume_1_and_2_with_dataset_expressions to None, run_after=None
[2025-06-27T17:08:15.230+0000] {logging_mixin.py:190} INFO - [2025-06-27T17:08:15.230+0000] {dag.py:4180} INFO - Setting next_dagrun for consume_1_or_2_with_dataset_expressions to None, run_after=None
[2025-06-27T17:08:15.232+0000] {logging_mixin.py:190} INFO - [2025-06-27T17:08:15.231+0000] {dag.py:4180} INFO - Setting next_dagrun for consume_1_or_both_2_and_3_with_dataset_expressions to None, run_after=None
[2025-06-27T17:08:15.233+0000] {logging_mixin.py:190} INFO - [2025-06-27T17:08:15.233+0000] {dag.py:4180} INFO - Setting next_dagrun for dataset_consumes_1 to None, run_after=None
[2025-06-27T17:08:15.235+0000] {logging_mixin.py:190} INFO - [2025-06-27T17:08:15.234+0000] {dag.py:4180} INFO - Setting next_dagrun for dataset_consumes_1_and_2 to None, run_after=None
[2025-06-27T17:08:15.236+0000] {logging_mixin.py:190} INFO - [2025-06-27T17:08:15.236+0000] {dag.py:4180} INFO - Setting next_dagrun for dataset_consumes_1_never_scheduled to None, run_after=None
[2025-06-27T17:08:15.238+0000] {logging_mixin.py:190} INFO - [2025-06-27T17:08:15.238+0000] {dag.py:4180} INFO - Setting next_dagrun for dataset_consumes_unknown_never_scheduled to None, run_after=None
[2025-06-27T17:08:15.241+0000] {logging_mixin.py:190} INFO - [2025-06-27T17:08:15.241+0000] {dag.py:4180} INFO - Setting next_dagrun for dataset_produces_1 to 2025-06-27 00:00:00+00:00, run_after=2025-06-28 00:00:00+00:00
[2025-06-27T17:08:15.242+0000] {logging_mixin.py:190} INFO - [2025-06-27T17:08:15.242+0000] {dag.py:4180} INFO - Setting next_dagrun for dataset_produces_2 to None, run_after=None
[2025-06-27T17:08:15.280+0000] {processor.py:208} INFO - Processing /home/airflow/.local/lib/python3.12/site-packages/airflow/example_dags/example_datasets.py took 0.623 seconds
[2025-06-27T17:08:46.010+0000] {processor.py:186} INFO - Started process (PID=1639) to work on /home/airflow/.local/lib/python3.12/site-packages/airflow/example_dags/example_datasets.py
[2025-06-27T17:08:46.011+0000] {processor.py:914} INFO - Processing file /home/airflow/.local/lib/python3.12/site-packages/airflow/example_dags/example_datasets.py for tasks to queue
[2025-06-27T17:08:46.013+0000] {logging_mixin.py:190} INFO - [2025-06-27T17:08:46.012+0000] {dagbag.py:588} INFO - Filling up the DagBag from /home/airflow/.local/lib/python3.12/site-packages/airflow/example_dags/example_datasets.py
[2025-06-27T17:08:46.542+0000] {processor.py:925} INFO - DAG(s) 'dataset_consumes_1_and_2', 'consume_1_and_2_with_dataset_expressions', 'dataset_produces_1', 'consume_1_or_2_with_dataset_expressions', 'dataset_consumes_1', 'consume_1_or_both_2_and_3_with_dataset_expressions', 'dataset_consumes_unknown_never_scheduled', 'dataset_produces_2', 'dataset_consumes_1_never_scheduled', 'conditional_dataset_and_time_based_timetable' retrieved from /home/airflow/.local/lib/python3.12/site-packages/airflow/example_dags/example_datasets.py
[2025-06-27T17:08:46.579+0000] {logging_mixin.py:190} INFO - [2025-06-27T17:08:46.578+0000] {dag.py:3239} INFO - Sync 10 DAGs
[2025-06-27T17:08:46.600+0000] {logging_mixin.py:190} INFO - [2025-06-27T17:08:46.600+0000] {dag.py:4180} INFO - Setting next_dagrun for conditional_dataset_and_time_based_timetable to 2025-07-02 01:00:00+00:00, run_after=2025-07-02 01:00:00+00:00
[2025-06-27T17:08:46.604+0000] {logging_mixin.py:190} INFO - [2025-06-27T17:08:46.603+0000] {dag.py:4180} INFO - Setting next_dagrun for consume_1_and_2_with_dataset_expressions to None, run_after=None
[2025-06-27T17:08:46.605+0000] {logging_mixin.py:190} INFO - [2025-06-27T17:08:46.605+0000] {dag.py:4180} INFO - Setting next_dagrun for consume_1_or_2_with_dataset_expressions to None, run_after=None
[2025-06-27T17:08:46.606+0000] {logging_mixin.py:190} INFO - [2025-06-27T17:08:46.606+0000] {dag.py:4180} INFO - Setting next_dagrun for consume_1_or_both_2_and_3_with_dataset_expressions to None, run_after=None
[2025-06-27T17:08:46.607+0000] {logging_mixin.py:190} INFO - [2025-06-27T17:08:46.607+0000] {dag.py:4180} INFO - Setting next_dagrun for dataset_consumes_1 to None, run_after=None
[2025-06-27T17:08:46.608+0000] {logging_mixin.py:190} INFO - [2025-06-27T17:08:46.608+0000] {dag.py:4180} INFO - Setting next_dagrun for dataset_consumes_1_and_2 to None, run_after=None
[2025-06-27T17:08:46.610+0000] {logging_mixin.py:190} INFO - [2025-06-27T17:08:46.609+0000] {dag.py:4180} INFO - Setting next_dagrun for dataset_consumes_1_never_scheduled to None, run_after=None
[2025-06-27T17:08:46.611+0000] {logging_mixin.py:190} INFO - [2025-06-27T17:08:46.611+0000] {dag.py:4180} INFO - Setting next_dagrun for dataset_consumes_unknown_never_scheduled to None, run_after=None
[2025-06-27T17:08:46.613+0000] {logging_mixin.py:190} INFO - [2025-06-27T17:08:46.613+0000] {dag.py:4180} INFO - Setting next_dagrun for dataset_produces_1 to 2025-06-27 00:00:00+00:00, run_after=2025-06-28 00:00:00+00:00
[2025-06-27T17:08:46.615+0000] {logging_mixin.py:190} INFO - [2025-06-27T17:08:46.614+0000] {dag.py:4180} INFO - Setting next_dagrun for dataset_produces_2 to None, run_after=None
[2025-06-27T17:08:46.643+0000] {processor.py:208} INFO - Processing /home/airflow/.local/lib/python3.12/site-packages/airflow/example_dags/example_datasets.py took 0.638 seconds
[2025-06-27T17:09:17.473+0000] {processor.py:186} INFO - Started process (PID=1708) to work on /home/airflow/.local/lib/python3.12/site-packages/airflow/example_dags/example_datasets.py
[2025-06-27T17:09:17.474+0000] {processor.py:914} INFO - Processing file /home/airflow/.local/lib/python3.12/site-packages/airflow/example_dags/example_datasets.py for tasks to queue
[2025-06-27T17:09:17.476+0000] {logging_mixin.py:190} INFO - [2025-06-27T17:09:17.476+0000] {dagbag.py:588} INFO - Filling up the DagBag from /home/airflow/.local/lib/python3.12/site-packages/airflow/example_dags/example_datasets.py
[2025-06-27T17:09:17.979+0000] {processor.py:925} INFO - DAG(s) 'consume_1_or_both_2_and_3_with_dataset_expressions', 'consume_1_and_2_with_dataset_expressions', 'conditional_dataset_and_time_based_timetable', 'dataset_consumes_unknown_never_scheduled', 'dataset_consumes_1_never_scheduled', 'dataset_produces_2', 'dataset_consumes_1_and_2', 'dataset_produces_1', 'consume_1_or_2_with_dataset_expressions', 'dataset_consumes_1' retrieved from /home/airflow/.local/lib/python3.12/site-packages/airflow/example_dags/example_datasets.py
[2025-06-27T17:09:18.017+0000] {logging_mixin.py:190} INFO - [2025-06-27T17:09:18.017+0000] {dag.py:3239} INFO - Sync 10 DAGs
[2025-06-27T17:09:18.041+0000] {logging_mixin.py:190} INFO - [2025-06-27T17:09:18.041+0000] {dag.py:4180} INFO - Setting next_dagrun for conditional_dataset_and_time_based_timetable to 2025-07-02 01:00:00+00:00, run_after=2025-07-02 01:00:00+00:00
[2025-06-27T17:09:18.045+0000] {logging_mixin.py:190} INFO - [2025-06-27T17:09:18.044+0000] {dag.py:4180} INFO - Setting next_dagrun for consume_1_and_2_with_dataset_expressions to None, run_after=None
[2025-06-27T17:09:18.046+0000] {logging_mixin.py:190} INFO - [2025-06-27T17:09:18.046+0000] {dag.py:4180} INFO - Setting next_dagrun for consume_1_or_2_with_dataset_expressions to None, run_after=None
[2025-06-27T17:09:18.047+0000] {logging_mixin.py:190} INFO - [2025-06-27T17:09:18.047+0000] {dag.py:4180} INFO - Setting next_dagrun for consume_1_or_both_2_and_3_with_dataset_expressions to None, run_after=None
[2025-06-27T17:09:18.048+0000] {logging_mixin.py:190} INFO - [2025-06-27T17:09:18.048+0000] {dag.py:4180} INFO - Setting next_dagrun for dataset_consumes_1 to None, run_after=None
[2025-06-27T17:09:18.050+0000] {logging_mixin.py:190} INFO - [2025-06-27T17:09:18.050+0000] {dag.py:4180} INFO - Setting next_dagrun for dataset_consumes_1_and_2 to None, run_after=None
[2025-06-27T17:09:18.051+0000] {logging_mixin.py:190} INFO - [2025-06-27T17:09:18.051+0000] {dag.py:4180} INFO - Setting next_dagrun for dataset_consumes_1_never_scheduled to None, run_after=None
[2025-06-27T17:09:18.052+0000] {logging_mixin.py:190} INFO - [2025-06-27T17:09:18.052+0000] {dag.py:4180} INFO - Setting next_dagrun for dataset_consumes_unknown_never_scheduled to None, run_after=None
[2025-06-27T17:09:18.054+0000] {logging_mixin.py:190} INFO - [2025-06-27T17:09:18.054+0000] {dag.py:4180} INFO - Setting next_dagrun for dataset_produces_1 to 2025-06-27 00:00:00+00:00, run_after=2025-06-28 00:00:00+00:00
[2025-06-27T17:09:18.056+0000] {logging_mixin.py:190} INFO - [2025-06-27T17:09:18.055+0000] {dag.py:4180} INFO - Setting next_dagrun for dataset_produces_2 to None, run_after=None
[2025-06-27T17:09:18.083+0000] {processor.py:208} INFO - Processing /home/airflow/.local/lib/python3.12/site-packages/airflow/example_dags/example_datasets.py took 0.615 seconds
[2025-06-27T17:09:48.778+0000] {processor.py:186} INFO - Started process (PID=1772) to work on /home/airflow/.local/lib/python3.12/site-packages/airflow/example_dags/example_datasets.py
[2025-06-27T17:09:48.779+0000] {processor.py:914} INFO - Processing file /home/airflow/.local/lib/python3.12/site-packages/airflow/example_dags/example_datasets.py for tasks to queue
[2025-06-27T17:09:48.781+0000] {logging_mixin.py:190} INFO - [2025-06-27T17:09:48.781+0000] {dagbag.py:588} INFO - Filling up the DagBag from /home/airflow/.local/lib/python3.12/site-packages/airflow/example_dags/example_datasets.py
[2025-06-27T17:09:49.267+0000] {processor.py:925} INFO - DAG(s) 'dataset_consumes_unknown_never_scheduled', 'dataset_produces_1', 'consume_1_or_2_with_dataset_expressions', 'dataset_consumes_1_and_2', 'consume_1_and_2_with_dataset_expressions', 'dataset_produces_2', 'consume_1_or_both_2_and_3_with_dataset_expressions', 'dataset_consumes_1', 'conditional_dataset_and_time_based_timetable', 'dataset_consumes_1_never_scheduled' retrieved from /home/airflow/.local/lib/python3.12/site-packages/airflow/example_dags/example_datasets.py
[2025-06-27T17:09:49.305+0000] {logging_mixin.py:190} INFO - [2025-06-27T17:09:49.305+0000] {dag.py:3239} INFO - Sync 10 DAGs
[2025-06-27T17:09:49.326+0000] {logging_mixin.py:190} INFO - [2025-06-27T17:09:49.326+0000] {dag.py:4180} INFO - Setting next_dagrun for conditional_dataset_and_time_based_timetable to 2025-07-02 01:00:00+00:00, run_after=2025-07-02 01:00:00+00:00
[2025-06-27T17:09:49.331+0000] {logging_mixin.py:190} INFO - [2025-06-27T17:09:49.330+0000] {dag.py:4180} INFO - Setting next_dagrun for consume_1_and_2_with_dataset_expressions to None, run_after=None
[2025-06-27T17:09:49.332+0000] {logging_mixin.py:190} INFO - [2025-06-27T17:09:49.332+0000] {dag.py:4180} INFO - Setting next_dagrun for consume_1_or_2_with_dataset_expressions to None, run_after=None
[2025-06-27T17:09:49.333+0000] {logging_mixin.py:190} INFO - [2025-06-27T17:09:49.333+0000] {dag.py:4180} INFO - Setting next_dagrun for consume_1_or_both_2_and_3_with_dataset_expressions to None, run_after=None
[2025-06-27T17:09:49.334+0000] {logging_mixin.py:190} INFO - [2025-06-27T17:09:49.334+0000] {dag.py:4180} INFO - Setting next_dagrun for dataset_consumes_1 to None, run_after=None
[2025-06-27T17:09:49.336+0000] {logging_mixin.py:190} INFO - [2025-06-27T17:09:49.336+0000] {dag.py:4180} INFO - Setting next_dagrun for dataset_consumes_1_and_2 to None, run_after=None
[2025-06-27T17:09:49.337+0000] {logging_mixin.py:190} INFO - [2025-06-27T17:09:49.337+0000] {dag.py:4180} INFO - Setting next_dagrun for dataset_consumes_1_never_scheduled to None, run_after=None
[2025-06-27T17:09:49.338+0000] {logging_mixin.py:190} INFO - [2025-06-27T17:09:49.338+0000] {dag.py:4180} INFO - Setting next_dagrun for dataset_consumes_unknown_never_scheduled to None, run_after=None
[2025-06-27T17:09:49.341+0000] {logging_mixin.py:190} INFO - [2025-06-27T17:09:49.340+0000] {dag.py:4180} INFO - Setting next_dagrun for dataset_produces_1 to 2025-06-27 00:00:00+00:00, run_after=2025-06-28 00:00:00+00:00
[2025-06-27T17:09:49.342+0000] {logging_mixin.py:190} INFO - [2025-06-27T17:09:49.342+0000] {dag.py:4180} INFO - Setting next_dagrun for dataset_produces_2 to None, run_after=None
[2025-06-27T17:09:49.370+0000] {processor.py:208} INFO - Processing /home/airflow/.local/lib/python3.12/site-packages/airflow/example_dags/example_datasets.py took 0.598 seconds
[2025-06-27T17:10:19.598+0000] {processor.py:186} INFO - Started process (PID=1842) to work on /home/airflow/.local/lib/python3.12/site-packages/airflow/example_dags/example_datasets.py
[2025-06-27T17:10:19.599+0000] {processor.py:914} INFO - Processing file /home/airflow/.local/lib/python3.12/site-packages/airflow/example_dags/example_datasets.py for tasks to queue
[2025-06-27T17:10:19.601+0000] {logging_mixin.py:190} INFO - [2025-06-27T17:10:19.601+0000] {dagbag.py:588} INFO - Filling up the DagBag from /home/airflow/.local/lib/python3.12/site-packages/airflow/example_dags/example_datasets.py
[2025-06-27T17:10:20.078+0000] {processor.py:925} INFO - DAG(s) 'consume_1_or_2_with_dataset_expressions', 'consume_1_or_both_2_and_3_with_dataset_expressions', 'consume_1_and_2_with_dataset_expressions', 'dataset_produces_2', 'conditional_dataset_and_time_based_timetable', 'dataset_consumes_1_and_2', 'dataset_consumes_1_never_scheduled', 'dataset_consumes_unknown_never_scheduled', 'dataset_consumes_1', 'dataset_produces_1' retrieved from /home/airflow/.local/lib/python3.12/site-packages/airflow/example_dags/example_datasets.py
[2025-06-27T17:10:20.109+0000] {logging_mixin.py:190} INFO - [2025-06-27T17:10:20.109+0000] {dag.py:3239} INFO - Sync 10 DAGs
[2025-06-27T17:10:20.130+0000] {logging_mixin.py:190} INFO - [2025-06-27T17:10:20.130+0000] {dag.py:4180} INFO - Setting next_dagrun for conditional_dataset_and_time_based_timetable to 2025-07-02 01:00:00+00:00, run_after=2025-07-02 01:00:00+00:00
[2025-06-27T17:10:20.133+0000] {logging_mixin.py:190} INFO - [2025-06-27T17:10:20.133+0000] {dag.py:4180} INFO - Setting next_dagrun for consume_1_and_2_with_dataset_expressions to None, run_after=None
[2025-06-27T17:10:20.135+0000] {logging_mixin.py:190} INFO - [2025-06-27T17:10:20.134+0000] {dag.py:4180} INFO - Setting next_dagrun for consume_1_or_2_with_dataset_expressions to None, run_after=None
[2025-06-27T17:10:20.136+0000] {logging_mixin.py:190} INFO - [2025-06-27T17:10:20.136+0000] {dag.py:4180} INFO - Setting next_dagrun for consume_1_or_both_2_and_3_with_dataset_expressions to None, run_after=None
[2025-06-27T17:10:20.137+0000] {logging_mixin.py:190} INFO - [2025-06-27T17:10:20.137+0000] {dag.py:4180} INFO - Setting next_dagrun for dataset_consumes_1 to None, run_after=None
[2025-06-27T17:10:20.138+0000] {logging_mixin.py:190} INFO - [2025-06-27T17:10:20.138+0000] {dag.py:4180} INFO - Setting next_dagrun for dataset_consumes_1_and_2 to None, run_after=None
[2025-06-27T17:10:20.139+0000] {logging_mixin.py:190} INFO - [2025-06-27T17:10:20.139+0000] {dag.py:4180} INFO - Setting next_dagrun for dataset_consumes_1_never_scheduled to None, run_after=None
[2025-06-27T17:10:20.141+0000] {logging_mixin.py:190} INFO - [2025-06-27T17:10:20.141+0000] {dag.py:4180} INFO - Setting next_dagrun for dataset_consumes_unknown_never_scheduled to None, run_after=None
[2025-06-27T17:10:20.143+0000] {logging_mixin.py:190} INFO - [2025-06-27T17:10:20.143+0000] {dag.py:4180} INFO - Setting next_dagrun for dataset_produces_1 to 2025-06-27 00:00:00+00:00, run_after=2025-06-28 00:00:00+00:00
[2025-06-27T17:10:20.144+0000] {logging_mixin.py:190} INFO - [2025-06-27T17:10:20.144+0000] {dag.py:4180} INFO - Setting next_dagrun for dataset_produces_2 to None, run_after=None
[2025-06-27T17:10:20.175+0000] {processor.py:208} INFO - Processing /home/airflow/.local/lib/python3.12/site-packages/airflow/example_dags/example_datasets.py took 0.582 seconds
[2025-06-27T17:10:50.469+0000] {processor.py:186} INFO - Started process (PID=1906) to work on /home/airflow/.local/lib/python3.12/site-packages/airflow/example_dags/example_datasets.py
[2025-06-27T17:10:50.470+0000] {processor.py:914} INFO - Processing file /home/airflow/.local/lib/python3.12/site-packages/airflow/example_dags/example_datasets.py for tasks to queue
[2025-06-27T17:10:50.472+0000] {logging_mixin.py:190} INFO - [2025-06-27T17:10:50.472+0000] {dagbag.py:588} INFO - Filling up the DagBag from /home/airflow/.local/lib/python3.12/site-packages/airflow/example_dags/example_datasets.py
[2025-06-27T17:10:50.951+0000] {processor.py:925} INFO - DAG(s) 'dataset_consumes_unknown_never_scheduled', 'dataset_consumes_1_never_scheduled', 'consume_1_or_both_2_and_3_with_dataset_expressions', 'dataset_consumes_1', 'consume_1_and_2_with_dataset_expressions', 'consume_1_or_2_with_dataset_expressions', 'conditional_dataset_and_time_based_timetable', 'dataset_produces_1', 'dataset_consumes_1_and_2', 'dataset_produces_2' retrieved from /home/airflow/.local/lib/python3.12/site-packages/airflow/example_dags/example_datasets.py
[2025-06-27T17:10:50.983+0000] {logging_mixin.py:190} INFO - [2025-06-27T17:10:50.983+0000] {dag.py:3239} INFO - Sync 10 DAGs
[2025-06-27T17:10:51.004+0000] {logging_mixin.py:190} INFO - [2025-06-27T17:10:51.004+0000] {dag.py:4180} INFO - Setting next_dagrun for conditional_dataset_and_time_based_timetable to 2025-07-02 01:00:00+00:00, run_after=2025-07-02 01:00:00+00:00
[2025-06-27T17:10:51.007+0000] {logging_mixin.py:190} INFO - [2025-06-27T17:10:51.007+0000] {dag.py:4180} INFO - Setting next_dagrun for consume_1_and_2_with_dataset_expressions to None, run_after=None
[2025-06-27T17:10:51.009+0000] {logging_mixin.py:190} INFO - [2025-06-27T17:10:51.009+0000] {dag.py:4180} INFO - Setting next_dagrun for consume_1_or_2_with_dataset_expressions to None, run_after=None
[2025-06-27T17:10:51.010+0000] {logging_mixin.py:190} INFO - [2025-06-27T17:10:51.010+0000] {dag.py:4180} INFO - Setting next_dagrun for consume_1_or_both_2_and_3_with_dataset_expressions to None, run_after=None
[2025-06-27T17:10:51.012+0000] {logging_mixin.py:190} INFO - [2025-06-27T17:10:51.011+0000] {dag.py:4180} INFO - Setting next_dagrun for dataset_consumes_1 to None, run_after=None
[2025-06-27T17:10:51.013+0000] {logging_mixin.py:190} INFO - [2025-06-27T17:10:51.013+0000] {dag.py:4180} INFO - Setting next_dagrun for dataset_consumes_1_and_2 to None, run_after=None
[2025-06-27T17:10:51.014+0000] {logging_mixin.py:190} INFO - [2025-06-27T17:10:51.014+0000] {dag.py:4180} INFO - Setting next_dagrun for dataset_consumes_1_never_scheduled to None, run_after=None
[2025-06-27T17:10:51.016+0000] {logging_mixin.py:190} INFO - [2025-06-27T17:10:51.015+0000] {dag.py:4180} INFO - Setting next_dagrun for dataset_consumes_unknown_never_scheduled to None, run_after=None
[2025-06-27T17:10:51.019+0000] {logging_mixin.py:190} INFO - [2025-06-27T17:10:51.018+0000] {dag.py:4180} INFO - Setting next_dagrun for dataset_produces_1 to 2025-06-27 00:00:00+00:00, run_after=2025-06-28 00:00:00+00:00
[2025-06-27T17:10:51.020+0000] {logging_mixin.py:190} INFO - [2025-06-27T17:10:51.020+0000] {dag.py:4180} INFO - Setting next_dagrun for dataset_produces_2 to None, run_after=None
[2025-06-27T17:10:51.050+0000] {processor.py:208} INFO - Processing /home/airflow/.local/lib/python3.12/site-packages/airflow/example_dags/example_datasets.py took 0.589 seconds
[2025-06-27T17:11:21.301+0000] {processor.py:186} INFO - Started process (PID=1975) to work on /home/airflow/.local/lib/python3.12/site-packages/airflow/example_dags/example_datasets.py
[2025-06-27T17:11:21.302+0000] {processor.py:914} INFO - Processing file /home/airflow/.local/lib/python3.12/site-packages/airflow/example_dags/example_datasets.py for tasks to queue
[2025-06-27T17:11:21.304+0000] {logging_mixin.py:190} INFO - [2025-06-27T17:11:21.304+0000] {dagbag.py:588} INFO - Filling up the DagBag from /home/airflow/.local/lib/python3.12/site-packages/airflow/example_dags/example_datasets.py
[2025-06-27T17:11:21.831+0000] {processor.py:925} INFO - DAG(s) 'consume_1_or_2_with_dataset_expressions', 'dataset_consumes_unknown_never_scheduled', 'consume_1_and_2_with_dataset_expressions', 'dataset_produces_2', 'dataset_consumes_1_never_scheduled', 'dataset_consumes_1_and_2', 'consume_1_or_both_2_and_3_with_dataset_expressions', 'dataset_produces_1', 'conditional_dataset_and_time_based_timetable', 'dataset_consumes_1' retrieved from /home/airflow/.local/lib/python3.12/site-packages/airflow/example_dags/example_datasets.py
[2025-06-27T17:11:21.866+0000] {logging_mixin.py:190} INFO - [2025-06-27T17:11:21.866+0000] {dag.py:3239} INFO - Sync 10 DAGs
[2025-06-27T17:11:21.888+0000] {logging_mixin.py:190} INFO - [2025-06-27T17:11:21.888+0000] {dag.py:4180} INFO - Setting next_dagrun for conditional_dataset_and_time_based_timetable to 2025-07-02 01:00:00+00:00, run_after=2025-07-02 01:00:00+00:00
[2025-06-27T17:11:21.891+0000] {logging_mixin.py:190} INFO - [2025-06-27T17:11:21.891+0000] {dag.py:4180} INFO - Setting next_dagrun for consume_1_and_2_with_dataset_expressions to None, run_after=None
[2025-06-27T17:11:21.893+0000] {logging_mixin.py:190} INFO - [2025-06-27T17:11:21.893+0000] {dag.py:4180} INFO - Setting next_dagrun for consume_1_or_2_with_dataset_expressions to None, run_after=None
[2025-06-27T17:11:21.894+0000] {logging_mixin.py:190} INFO - [2025-06-27T17:11:21.894+0000] {dag.py:4180} INFO - Setting next_dagrun for consume_1_or_both_2_and_3_with_dataset_expressions to None, run_after=None
[2025-06-27T17:11:21.895+0000] {logging_mixin.py:190} INFO - [2025-06-27T17:11:21.895+0000] {dag.py:4180} INFO - Setting next_dagrun for dataset_consumes_1 to None, run_after=None
[2025-06-27T17:11:21.897+0000] {logging_mixin.py:190} INFO - [2025-06-27T17:11:21.896+0000] {dag.py:4180} INFO - Setting next_dagrun for dataset_consumes_1_and_2 to None, run_after=None
[2025-06-27T17:11:21.898+0000] {logging_mixin.py:190} INFO - [2025-06-27T17:11:21.898+0000] {dag.py:4180} INFO - Setting next_dagrun for dataset_consumes_1_never_scheduled to None, run_after=None
[2025-06-27T17:11:21.899+0000] {logging_mixin.py:190} INFO - [2025-06-27T17:11:21.899+0000] {dag.py:4180} INFO - Setting next_dagrun for dataset_consumes_unknown_never_scheduled to None, run_after=None
[2025-06-27T17:11:21.901+0000] {logging_mixin.py:190} INFO - [2025-06-27T17:11:21.901+0000] {dag.py:4180} INFO - Setting next_dagrun for dataset_produces_1 to 2025-06-27 00:00:00+00:00, run_after=2025-06-28 00:00:00+00:00
[2025-06-27T17:11:21.903+0000] {logging_mixin.py:190} INFO - [2025-06-27T17:11:21.902+0000] {dag.py:4180} INFO - Setting next_dagrun for dataset_produces_2 to None, run_after=None
[2025-06-27T17:11:21.930+0000] {processor.py:208} INFO - Processing /home/airflow/.local/lib/python3.12/site-packages/airflow/example_dags/example_datasets.py took 0.636 seconds
[2025-06-27T17:11:52.583+0000] {processor.py:186} INFO - Started process (PID=2039) to work on /home/airflow/.local/lib/python3.12/site-packages/airflow/example_dags/example_datasets.py
[2025-06-27T17:11:52.584+0000] {processor.py:914} INFO - Processing file /home/airflow/.local/lib/python3.12/site-packages/airflow/example_dags/example_datasets.py for tasks to queue
[2025-06-27T17:11:52.586+0000] {logging_mixin.py:190} INFO - [2025-06-27T17:11:52.586+0000] {dagbag.py:588} INFO - Filling up the DagBag from /home/airflow/.local/lib/python3.12/site-packages/airflow/example_dags/example_datasets.py
[2025-06-27T17:11:53.117+0000] {processor.py:925} INFO - DAG(s) 'dataset_produces_1', 'dataset_produces_2', 'dataset_consumes_unknown_never_scheduled', 'consume_1_or_both_2_and_3_with_dataset_expressions', 'dataset_consumes_1', 'dataset_consumes_1_never_scheduled', 'consume_1_or_2_with_dataset_expressions', 'dataset_consumes_1_and_2', 'conditional_dataset_and_time_based_timetable', 'consume_1_and_2_with_dataset_expressions' retrieved from /home/airflow/.local/lib/python3.12/site-packages/airflow/example_dags/example_datasets.py
[2025-06-27T17:11:53.153+0000] {logging_mixin.py:190} INFO - [2025-06-27T17:11:53.153+0000] {dag.py:3239} INFO - Sync 10 DAGs
[2025-06-27T17:11:53.175+0000] {logging_mixin.py:190} INFO - [2025-06-27T17:11:53.174+0000] {dag.py:4180} INFO - Setting next_dagrun for conditional_dataset_and_time_based_timetable to 2025-07-02 01:00:00+00:00, run_after=2025-07-02 01:00:00+00:00
[2025-06-27T17:11:53.178+0000] {logging_mixin.py:190} INFO - [2025-06-27T17:11:53.178+0000] {dag.py:4180} INFO - Setting next_dagrun for consume_1_and_2_with_dataset_expressions to None, run_after=None
[2025-06-27T17:11:53.179+0000] {logging_mixin.py:190} INFO - [2025-06-27T17:11:53.179+0000] {dag.py:4180} INFO - Setting next_dagrun for consume_1_or_2_with_dataset_expressions to None, run_after=None
[2025-06-27T17:11:53.180+0000] {logging_mixin.py:190} INFO - [2025-06-27T17:11:53.180+0000] {dag.py:4180} INFO - Setting next_dagrun for consume_1_or_both_2_and_3_with_dataset_expressions to None, run_after=None
[2025-06-27T17:11:53.182+0000] {logging_mixin.py:190} INFO - [2025-06-27T17:11:53.182+0000] {dag.py:4180} INFO - Setting next_dagrun for dataset_consumes_1 to None, run_after=None
[2025-06-27T17:11:53.183+0000] {logging_mixin.py:190} INFO - [2025-06-27T17:11:53.183+0000] {dag.py:4180} INFO - Setting next_dagrun for dataset_consumes_1_and_2 to None, run_after=None
[2025-06-27T17:11:53.184+0000] {logging_mixin.py:190} INFO - [2025-06-27T17:11:53.184+0000] {dag.py:4180} INFO - Setting next_dagrun for dataset_consumes_1_never_scheduled to None, run_after=None
[2025-06-27T17:11:53.185+0000] {logging_mixin.py:190} INFO - [2025-06-27T17:11:53.185+0000] {dag.py:4180} INFO - Setting next_dagrun for dataset_consumes_unknown_never_scheduled to None, run_after=None
[2025-06-27T17:11:53.188+0000] {logging_mixin.py:190} INFO - [2025-06-27T17:11:53.188+0000] {dag.py:4180} INFO - Setting next_dagrun for dataset_produces_1 to 2025-06-27 00:00:00+00:00, run_after=2025-06-28 00:00:00+00:00
[2025-06-27T17:11:53.190+0000] {logging_mixin.py:190} INFO - [2025-06-27T17:11:53.190+0000] {dag.py:4180} INFO - Setting next_dagrun for dataset_produces_2 to None, run_after=None
[2025-06-27T17:11:53.220+0000] {processor.py:208} INFO - Processing /home/airflow/.local/lib/python3.12/site-packages/airflow/example_dags/example_datasets.py took 0.642 seconds
[2025-06-27T17:12:23.348+0000] {processor.py:186} INFO - Started process (PID=2109) to work on /home/airflow/.local/lib/python3.12/site-packages/airflow/example_dags/example_datasets.py
[2025-06-27T17:12:23.351+0000] {processor.py:914} INFO - Processing file /home/airflow/.local/lib/python3.12/site-packages/airflow/example_dags/example_datasets.py for tasks to queue
[2025-06-27T17:12:23.354+0000] {logging_mixin.py:190} INFO - [2025-06-27T17:12:23.353+0000] {dagbag.py:588} INFO - Filling up the DagBag from /home/airflow/.local/lib/python3.12/site-packages/airflow/example_dags/example_datasets.py
[2025-06-27T17:12:23.850+0000] {processor.py:925} INFO - DAG(s) 'dataset_consumes_unknown_never_scheduled', 'dataset_consumes_1_never_scheduled', 'conditional_dataset_and_time_based_timetable', 'dataset_consumes_1', 'consume_1_or_2_with_dataset_expressions', 'dataset_produces_2', 'consume_1_or_both_2_and_3_with_dataset_expressions', 'dataset_consumes_1_and_2', 'consume_1_and_2_with_dataset_expressions', 'dataset_produces_1' retrieved from /home/airflow/.local/lib/python3.12/site-packages/airflow/example_dags/example_datasets.py
[2025-06-27T17:12:23.885+0000] {logging_mixin.py:190} INFO - [2025-06-27T17:12:23.885+0000] {dag.py:3239} INFO - Sync 10 DAGs
[2025-06-27T17:12:23.908+0000] {logging_mixin.py:190} INFO - [2025-06-27T17:12:23.907+0000] {dag.py:4180} INFO - Setting next_dagrun for conditional_dataset_and_time_based_timetable to 2025-07-02 01:00:00+00:00, run_after=2025-07-02 01:00:00+00:00
[2025-06-27T17:12:23.911+0000] {logging_mixin.py:190} INFO - [2025-06-27T17:12:23.911+0000] {dag.py:4180} INFO - Setting next_dagrun for consume_1_and_2_with_dataset_expressions to None, run_after=None
[2025-06-27T17:12:23.912+0000] {logging_mixin.py:190} INFO - [2025-06-27T17:12:23.912+0000] {dag.py:4180} INFO - Setting next_dagrun for consume_1_or_2_with_dataset_expressions to None, run_after=None
[2025-06-27T17:12:23.914+0000] {logging_mixin.py:190} INFO - [2025-06-27T17:12:23.914+0000] {dag.py:4180} INFO - Setting next_dagrun for consume_1_or_both_2_and_3_with_dataset_expressions to None, run_after=None
[2025-06-27T17:12:23.915+0000] {logging_mixin.py:190} INFO - [2025-06-27T17:12:23.915+0000] {dag.py:4180} INFO - Setting next_dagrun for dataset_consumes_1 to None, run_after=None
[2025-06-27T17:12:23.916+0000] {logging_mixin.py:190} INFO - [2025-06-27T17:12:23.916+0000] {dag.py:4180} INFO - Setting next_dagrun for dataset_consumes_1_and_2 to None, run_after=None
[2025-06-27T17:12:23.917+0000] {logging_mixin.py:190} INFO - [2025-06-27T17:12:23.917+0000] {dag.py:4180} INFO - Setting next_dagrun for dataset_consumes_1_never_scheduled to None, run_after=None
[2025-06-27T17:12:23.918+0000] {logging_mixin.py:190} INFO - [2025-06-27T17:12:23.918+0000] {dag.py:4180} INFO - Setting next_dagrun for dataset_consumes_unknown_never_scheduled to None, run_after=None
[2025-06-27T17:12:23.921+0000] {logging_mixin.py:190} INFO - [2025-06-27T17:12:23.921+0000] {dag.py:4180} INFO - Setting next_dagrun for dataset_produces_1 to 2025-06-27 00:00:00+00:00, run_after=2025-06-28 00:00:00+00:00
[2025-06-27T17:12:23.922+0000] {logging_mixin.py:190} INFO - [2025-06-27T17:12:23.922+0000] {dag.py:4180} INFO - Setting next_dagrun for dataset_produces_2 to None, run_after=None
[2025-06-27T17:12:23.950+0000] {processor.py:208} INFO - Processing /home/airflow/.local/lib/python3.12/site-packages/airflow/example_dags/example_datasets.py took 0.607 seconds
[2025-06-27T17:12:53.990+0000] {processor.py:186} INFO - Started process (PID=2173) to work on /home/airflow/.local/lib/python3.12/site-packages/airflow/example_dags/example_datasets.py
[2025-06-27T17:12:53.991+0000] {processor.py:914} INFO - Processing file /home/airflow/.local/lib/python3.12/site-packages/airflow/example_dags/example_datasets.py for tasks to queue
[2025-06-27T17:12:53.993+0000] {logging_mixin.py:190} INFO - [2025-06-27T17:12:53.993+0000] {dagbag.py:588} INFO - Filling up the DagBag from /home/airflow/.local/lib/python3.12/site-packages/airflow/example_dags/example_datasets.py
[2025-06-27T17:12:54.549+0000] {processor.py:925} INFO - DAG(s) 'consume_1_or_2_with_dataset_expressions', 'conditional_dataset_and_time_based_timetable', 'consume_1_or_both_2_and_3_with_dataset_expressions', 'dataset_consumes_1_never_scheduled', 'dataset_consumes_unknown_never_scheduled', 'dataset_consumes_1', 'dataset_consumes_1_and_2', 'dataset_produces_1', 'consume_1_and_2_with_dataset_expressions', 'dataset_produces_2' retrieved from /home/airflow/.local/lib/python3.12/site-packages/airflow/example_dags/example_datasets.py
[2025-06-27T17:12:54.586+0000] {logging_mixin.py:190} INFO - [2025-06-27T17:12:54.585+0000] {dag.py:3239} INFO - Sync 10 DAGs
[2025-06-27T17:12:54.608+0000] {logging_mixin.py:190} INFO - [2025-06-27T17:12:54.608+0000] {dag.py:4180} INFO - Setting next_dagrun for conditional_dataset_and_time_based_timetable to 2025-07-02 01:00:00+00:00, run_after=2025-07-02 01:00:00+00:00
[2025-06-27T17:12:54.611+0000] {logging_mixin.py:190} INFO - [2025-06-27T17:12:54.611+0000] {dag.py:4180} INFO - Setting next_dagrun for consume_1_and_2_with_dataset_expressions to None, run_after=None
[2025-06-27T17:12:54.612+0000] {logging_mixin.py:190} INFO - [2025-06-27T17:12:54.612+0000] {dag.py:4180} INFO - Setting next_dagrun for consume_1_or_2_with_dataset_expressions to None, run_after=None
[2025-06-27T17:12:54.613+0000] {logging_mixin.py:190} INFO - [2025-06-27T17:12:54.613+0000] {dag.py:4180} INFO - Setting next_dagrun for consume_1_or_both_2_and_3_with_dataset_expressions to None, run_after=None
[2025-06-27T17:12:54.615+0000] {logging_mixin.py:190} INFO - [2025-06-27T17:12:54.614+0000] {dag.py:4180} INFO - Setting next_dagrun for dataset_consumes_1 to None, run_after=None
[2025-06-27T17:12:54.616+0000] {logging_mixin.py:190} INFO - [2025-06-27T17:12:54.616+0000] {dag.py:4180} INFO - Setting next_dagrun for dataset_consumes_1_and_2 to None, run_after=None
[2025-06-27T17:12:54.617+0000] {logging_mixin.py:190} INFO - [2025-06-27T17:12:54.617+0000] {dag.py:4180} INFO - Setting next_dagrun for dataset_consumes_1_never_scheduled to None, run_after=None
[2025-06-27T17:12:54.618+0000] {logging_mixin.py:190} INFO - [2025-06-27T17:12:54.618+0000] {dag.py:4180} INFO - Setting next_dagrun for dataset_consumes_unknown_never_scheduled to None, run_after=None
[2025-06-27T17:12:54.621+0000] {logging_mixin.py:190} INFO - [2025-06-27T17:12:54.620+0000] {dag.py:4180} INFO - Setting next_dagrun for dataset_produces_1 to 2025-06-27 00:00:00+00:00, run_after=2025-06-28 00:00:00+00:00
[2025-06-27T17:12:54.622+0000] {logging_mixin.py:190} INFO - [2025-06-27T17:12:54.622+0000] {dag.py:4180} INFO - Setting next_dagrun for dataset_produces_2 to None, run_after=None
[2025-06-27T17:12:54.650+0000] {processor.py:208} INFO - Processing /home/airflow/.local/lib/python3.12/site-packages/airflow/example_dags/example_datasets.py took 0.665 seconds
